season,date,away,home,away_score,home_score,neutral,periods_away,periods_home,ml_open_away,ml_open_home,ml_close_away,ml_close_home,spread_close_home,total_close,source,espn_id,away_abbr,home_abbr,season_type,away_pitcher,home_pitcher,away_qb,home_qb,away_rest,home_rest,div_game,roof,temp,wind
2026,2026-09-09,NE,SEA,10.0,13.0,False,,,,,140.0,-166.0,-3.0,44.5,nflverse,401872656,,,regular,,,Drake Maye,Sam Darnold,7,7,0,outdoors,74.0,6.0
2026,2026-09-10,SF,LA,27.0,7.0,True,,,,,180.0,-218.0,-3.5,47.5,nflverse,401872657,,,regular,,,Brock Purdy,Matthew Stafford,7,7,1,dome,57.0,4.0
2026,2026-09-13,CHI,CAR,59.0,37.0,False,,,,,-166.0,140.0,3.0,47.5,nflverse,401872661,,,regular,,,Caleb Williams,Bryce Young,7,7,0,outdoors,89.0,2.0
2026,2026-09-13,TB,CIN,27.0,33.0,False,,,,,170.0,-205.0,-3.5,50.5,nflverse,401872925,,,regular,,,Baker Mayfield,Joe Burrow,7,7,0,outdoors,85.0,7.0
2026,2026-09-13,NO,DET,30.0,31.0,False,,,,,260.0,-325.0,-7.0,49.5,nflverse,401872923,,,regular,,,Tyler Shough,Jared Goff,7,7,0,dome,nan,nan
2026,2026-09-13,BUF,HOU,36.0,31.0,False,,,,,-112.0,-108.0,1.5,44.5,nflverse,401872660,,,regular,,,Josh Allen,C.J. Stroud,7,7,0,closed,nan,nan
2026,2026-09-13,BAL,IND,41.0,23.0,False,,,,,-162.0,136.0,3.0,48.5,nflverse,401872659,,,regular,,,Lamar Jackson,Daniel Jones,7,7,0,closed,nan,nan
2026,2026-09-13,CLE,JAX,10.0,34.0,False,,,,,360.0,-470.0,-8.5,40.5,nflverse,401872922,,,regular,,,Deshaun Watson,Trevor Lawrence,7,7,0,outdoors,89.0,3.0
2026,2026-09-13,ATL,PIT,13.0,20.0,False,,,,,240.0,-298.0,-6.5,40.5,nflverse,401872658,,,regular,,,Cooper Rush,Aaron Rodgers,7,7,0,outdoors,77.0,4.0
2026,2026-09-13,NYJ,TEN,23.0,10.0,False,,,,,-102.0,-118.0,-1.5,39.5,nflverse,401872924,,,regular,,,Geno Smith,Cam Ward,7,7,0,outdoors,90.0,2.0
2026,2026-09-13,ARI,LAC,26.0,14.0,False,,,,,350.0,-455.0,-8.5,47.5,nflverse,401872926,,,regular,,,Jacoby Brissett,Justin Herbert,7,7,0,dome,nan,nan
2026,2026-09-13,MIA,LV,13.0,27.0,False,,,,,142.0,-170.0,-3.0,40.5,nflverse,401872928,,,regular,,,Malik Willis,Kirk Cousins,7,7,0,dome,nan,nan
2026,2026-09-13,GB,MIN,22.0,39.0,False,,,,,105.0,-125.0,-1.5,46.5,nflverse,401872927,,,regular,,,Jordan Love,Kyler Murray,7,7,1,dome,nan,nan
2026,2026-09-13,WAS,PHI,22.0,24.0,False,,,,,200.0,-245.0,-6.0,43.5,nflverse,401872929,,,regular,,,Jayden Daniels,Jalen Hurts,7,7,1,outdoors,82.0,7.0
2026,2026-09-13,DAL,NYG,20.0,28.0,False,,,,,-166.0,140.0,3.0,47.5,nflverse,401872930,,,regular,,,Dak Prescott,Jaxson Dart,7,7,1,outdoors,80.0,7.0
2026,2026-09-14,DEN,KC,10.0,31.0,False,,,,,110.0,-130.0,-2.5,42.5,nflverse,401872931,,,regular,,,Bo Nix,Patrick Mahomes,7,7,1,outdoors,91.0,13.0
2026,2026-09-17,DET,BUF,31.0,41.0,False,,,,,195.0,-238.0,-5.5,54.5,nflverse,401872932,,,regular,,,Jared Goff,Josh Allen,4,4,0,outdoors,67.0,4.0
2026,2026-09-20,CAR,ATL,34.0,3.0,False,,,,,-155.0,130.0,2.5,43.5,nflverse,401872933,,,regular,,,Bryce Young,Tua Tagovailoa,7,7,1,closed,nan,nan
2026,2026-09-20,NO,BAL,24.0,17.0,False,,,,,295.0,-375.0,-8.5,45.5,nflverse,401872938,,,regular,,,Tyler Shough,Lamar Jackson,7,7,0,outdoors,79.0,10.0
2026,2026-09-20,MIN,CHI,9.0,3.0,False,,,,,180.0,-218.0,-4.5,46.5,nflverse,401872937,,,regular,,,Carson Wentz,Caleb Williams,7,7,1,outdoors,68.0,8.0
2026,2026-09-20,CIN,HOU,20.0,6.0,False,,,,,124.0,-148.0,-3.0,45.5,nflverse,401872934,,,regular,,,Joe Burrow,C.J. Stroud,7,7,0,closed,nan,nan
2026,2026-09-20,PIT,NE,3.0,20.0,False,,,,,185.0,-225.0,-4.5,41.5,nflverse,401872946,,,regular,,,Aaron Rodgers,Drake Maye,7,11,0,outdoors,63.0,7.0
2026,2026-09-20,GB,NYJ,20.0,17.0,False,,,,,-185.0,154.0,3.5,44.5,nflverse,401872936,,,regular,,,Jordan Love,Geno Smith,7,7,0,outdoors,69.0,7.0
2026,2026-09-20,CLE,TB,23.0,19.0,False,,,,,330.0,-425.0,-8.5,41.5,nflverse,401872935,,,regular,,,Deshaun Watson,Baker Mayfield,7,7,0,outdoors,86.0,4.0
2026,2026-09-20,PHI,TEN,24.0,20.0,False,,,,,-325.0,260.0,7.0,39.5,nflverse,401872939,,,regular,,,Jalen Hurts,Cam Ward,7,7,0,outdoors,92.0,5.0
2026,2026-09-20,JAX,DEN,13.0,20.0,False,,,,,124.0,-148.0,-2.5,45.5,nflverse,401872940,,,regular,,,Trevor Lawrence,Bo Nix,7,6,0,outdoors,73.0,12.0
2026,2026-09-20,LV,LAC,26.0,14.0,False,,,,,260.0,-325.0,-6.5,43.5,nflverse,401872941,,,regular,,,Kirk Cousins,Justin Herbert,7,7,1,dome,nan,nan
2026,2026-09-20,SEA,ARI,31.0,7.0,False,,,,,-218.0,180.0,3.5,40.5,nflverse,401872943,,,regular,,,Drew Lock,Jacoby Brissett,11,7,1,closed,nan,nan
2026,2026-09-20,WAS,DAL,20.0,37.0,False,,,,,180.0,-218.0,-3.5,51.5,nflverse,401872944,,,regular,,,Jayden Daniels,Dak Prescott,7,7,1,closed,nan,nan
2026,2026-09-20,MIA,SF,13.0,35.0,False,,,,,600.0,-900.0,-12.5,44.5,nflverse,401872942,,,regular,,,Malik Willis,Brock Purdy,7,10,0,outdoors,69.0,5.0
2026,2026-09-20,IND,KC,30.0,33.0,False,,,,,215.0,-265.0,-6.0,46.5,nflverse,401872945,,,regular,,,Daniel Jones,Patrick Mahomes,7,6,0,outdoors,71.0,10.0
2026,2026-09-21,NYG,LA,6.0,28.0,False,,,,,240.0,-298.0,-6.5,47.5,nflverse,401872947,,,regular,,,Jaxson Dart,Matthew Stafford,8,11,0,dome,nan,nan
2026,2026-09-24,ATL,GB,35.0,14.0,False,,,,,190.0,-230.0,-4.5,43.5,nflverse,401872948,,,regular,,,Michael Penix Jr.,Jordan Love,4,4,0,outdoors,61.0,5.0
2026,2026-09-27,LAC,BUF,16.0,24.0,False,,,,,260.0,-325.0,-7.0,50.5,nflverse,401872953,,,regular,,,Justin Herbert,Josh Allen,7,10,0,outdoors,68.0,12.0
2026,2026-09-27,CAR,CLE,18.0,21.0,False,,,,,-135.0,114.0,2.5,41.5,nflverse,401872949,,,regular,,,Bryce Young,Deshaun Watson,7,7,0,outdoors,68.0,12.0
2026,2026-09-27,NYJ,DET,24.0,31.0,False,,,,,260.0,-325.0,-7.0,49.5,nflverse,401872954,,,regular,,,Geno Smith,Jared Goff,7,10,0,dome,nan,nan
2026,2026-09-27,HOU,IND,17.0,19.0,False,,,,,-125.0,105.0,1.5,41.5,nflverse,401872951,,,regular,,,C.J. Stroud,Daniel Jones,7,7,1,open,nan,nan
2026,2026-09-27,NE,JAX,6.0,35.0,False,,,,,136.0,-162.0,-3.0,46.5,nflverse,401872957,,,regular,,,Drake Maye,Trevor Lawrence,7,7,0,outdoors,80.0,7.0
2026,2026-09-27,KC,MIA,24.0,10.0,False,,,,,-600.0,440.0,10.0,45.5,nflverse,401872952,,,regular,,,Patrick Mahomes,Malik Willis,7,7,0,outdoors,86.0,5.0
2026,2026-09-27,TEN,NYG,7.0,12.0,False,,,,,110.0,-130.0,-2.5,37.5,nflverse,401872956,,,regular,,,Cam Ward,Jameis Winston,7,6,0,outdoors,62.0,10.0
2026,2026-09-27,CIN,PIT,27.0,30.0,False,,,,,-180.0,150.0,3.5,42.5,nflverse,401872950,,,regular,,,Joe Burrow,Aaron Rodgers,7,7,1,outdoors,70.0,12.0
2026,2026-09-27,SEA,WAS,31.0,33.0,False,,,,,-410.0,320.0,8.5,40.5,nflverse,401872955,,,regular,,,Drew Lock,Jayden Daniels,7,7,0,outdoors,63.0,13.0
2026,2026-09-27,ARI,SF,30.0,36.0,False,,,,,310.0,-395.0,-7.5,48.5,nflverse,401872958,,,regular,,,Jacoby Brissett,Brock Purdy,7,7,1,outdoors,70.0,4.0
2026,2026-09-27,MIN,TB,23.0,16.0,False,,,,,-112.0,-108.0,1.5,42.5,nflverse,401872959,,,regular,,,Kyler Murray,Baker Mayfield,7,7,0,outdoors,84.0,7.0
2026,2026-09-27,BAL,DAL,34.0,31.0,True,,,,,-170.0,142.0,3.0,53.5,nflverse,401872960,,,regular,,,Lamar Jackson,Dak Prescott,7,7,0,open,77.0,7.0
2026,2026-09-27,LV,NO,35.0,27.0,False,,,,,160.0,-192.0,-3.5,43.5,nflverse,401872961,,,regular,,,Kirk Cousins,Tyler Shough,7,7,0,dome,nan,nan
2026,2026-09-27,LA,DEN,26.0,30.0,False,,,,,-108.0,-112.0,-1.5,43.5,nflverse,401872962,,,regular,,,Matthew Stafford,Bo Nix,6,7,0,outdoors,83.0,10.0
2026,2026-09-28,PHI,CHI,7.0,27.0,False,,,,,-198.0,164.0,3.5,42.5,nflverse,401872963,,,regular,,,Jalen Hurts,Case Keenum,8,8,0,outdoors,64.0,3.0
