timestamp_utc,sport,league,an_id,game_time_utc,hours_until_game,home_team,away_team,home_abbr,away_abbr,home_color,away_color,num_bets,ml_home_odds,ml_draw_odds,ml_away_odds,ml_home_bets_pct,ml_home_money_pct,ml_draw_bets_pct,ml_draw_money_pct,ml_away_bets_pct,ml_away_money_pct,sp_home_line,sp_home_odds,sp_away_odds,sp_home_bets_pct,sp_home_money_pct,sp_away_bets_pct,sp_away_money_pct,ou_line,ou_over_odds,ou_under_odds,ou_over_bets_pct,ou_over_money_pct,ou_under_bets_pct,ou_under_money_pct,tt_home_line,tt_home_over_odds,tt_home_under_odds,tt_home_over_bets_pct,tt_home_over_money_pct,tt_home_under_bets_pct,tt_home_under_money_pct,tt_away_line,tt_away_over_odds,tt_away_under_odds,tt_away_over_bets_pct,tt_away_over_money_pct,tt_away_under_bets_pct,tt_away_under_money_pct
2026-09-29T15:23:17.321166+00:00,soccer,epl,292983,2026-10-10T11:30:00+00:00,260.11,Arsenal,Leeds United,ARS,LEE,e10000,FFCD00,111,1.3745,4.9,7.5,99,98,0,1,1,1,-1.5,2.05,1.6667,,,,,2.5,1.7194,2.05,94,95,6,5,1.5,1.5,2.4,,,,,0.5,1.8,1.9009,,,,
2026-09-29T15:23:17.321166+00:00,soccer,epl,292974,2026-10-10T14:00:00+00:00,262.61,Sunderland,Brighton & Hove Albion,SUN,BRI,ffffff,005daa,70,2.85,3.45,2.35,10,9,5,4,85,86,0.5,1.5495,2.2,,,,,2.5,1.7692,1.9615,94,95,6,5,1.5,2.4,1.5,,,,,1.5,2.1,1.6579,,,,
2026-09-29T15:23:17.321166+00:00,soccer,epl,292977,2026-10-10T14:00:00+00:00,262.61,Ipswich Town,Fulham,IPS,FUL,0055aa,ffffff,45,2.68,3.5,2.5,16,30,8,8,76,63,0.5,1.5,2.3,,,,,2.5,1.7407,2.04,90,90,10,10,1.5,2.2,1.5988,,,,,1.5,2.15,1.6061,,,,
2026-09-29T15:23:17.321166+00:00,soccer,epl,292981,2026-10-10T14:00:00+00:00,262.61,Chelsea,AFC Bournemouth,CHE,BOU,1532c1,ba0f13,60,1.7194,4.05,4.2,92,93,2,2,6,5,-0.5,1.6897,2.05,,,,,3.5,2.1,1.6667,92,92,8,8,1.5,1.5319,2.35,,,,,1.5,2.5,1.4762,,,,
2026-09-29T15:23:17.321166+00:00,soccer,epl,292982,2026-10-10T14:00:00+00:00,262.61,Aston Villa,Brentford,AVL,BRE,88002d,bf0000,45,2.6,3.52,2.55,52,62,9,7,39,32,0.5,1.4762,2.4,,,,,2.5,1.6452,2.16,93,93,7,7,1.5,2.1,1.625,,,,,1.5,2.1,1.6667,,,,
2026-09-29T15:23:17.321166+00:00,soccer,epl,292975,2026-10-10T16:30:00+00:00,265.11,Manchester United,Tottenham Hotspur,MUN,TOT,ea0000,ffffff,65,1.6897,4.1,4.31,93,85,2,5,5,9,-0.5,1.625,2.1,,,,,3.5,2.2,1.625,87,85,13,15,1.5,1.5319,2.3,,,,,1.5,2.62,1.4444,,,,
2026-09-29T15:23:17.321166+00:00,soccer,epl,292978,2026-10-11T13:00:00+00:00,285.61,Hull City,Everton,HUL,EVE,ff8303,0237ab,40,3.6,3.3,2.07,19,30,6,6,75,64,0.5,1.7143,2.0,,,,,2.5,2.05,1.7143,90,90,10,10,0.5,1.4444,2.6,,,,,1.5,2.15,1.625,,,,
2026-09-29T15:23:17.321166+00:00,soccer,epl,292979,2026-10-11T13:00:00+00:00,285.61,Crystal Palace,Nottingham Forest,CRY,NFO,1017da,dc1c13,40,2.6,3.32,2.62,53,51,14,15,33,34,-0.5,2.45,1.463,,,,,2.5,2.02,1.7692,89,90,11,10,1.5,2.5,1.4762,,,,,1.5,2.5,1.4762,,,,
2026-09-29T15:23:17.321166+00:00,soccer,laliga,293049,2026-10-09T19:00:00+00:00,243.61,Malaga CF,Espanyol,MLA,ESP,008FFF,1b549b,70,2.61,3.17,2.65,26,22,10,6,64,72,-0.5,2.5,1.4545,,,,,2.5,1.9615,1.7407,83,82,17,18,1.5,2.5,1.4762,,,,,1.5,2.55,1.4545,,,,
2026-09-29T15:23:17.321166+00:00,soccer,laliga,293047,2026-10-10T12:00:00+00:00,260.61,Rayo Vallecano,Athletic Bilbao,RVC,ATH,ffffff,ffffff,,2.9,3.4,2.3,11,14,8,5,81,82,0.5,1.5556,2.15,,,,,2.5,1.8333,1.8772,86,86,14,14,1.5,2.5,1.4444,,,,,1.5,2.15,1.6135,,,,
2026-09-29T15:23:17.321166+00:00,soccer,laliga,293054,2026-10-10T14:15:00+00:00,262.86,Deportivo Alaves,Atletico Madrid,ALA,ATM,1159a5,ffffff,,3.8,3.52,1.9091,1,1,1,0,98,98,0.5,1.8,1.8475,,,,,2.5,1.8,1.9091,94,95,6,5,0.5,1.4202,2.7,,,,,1.5,1.8929,1.8333,,,,
2026-09-29T15:23:17.321166+00:00,soccer,laliga,293051,2026-10-10T16:30:00+00:00,265.11,Barcelona,Getafe,BAR,GET,282e60,063ba1,50,1.0556,12.48,26.0,100,97,0,1,0,2,-3.5,2.1,1.641,,,,,4.5,2.15,1.6579,95,93,5,7,3.5,1.8,1.9009,,,,,0.5,2.2,1.5714,,,,
2026-09-29T15:23:17.321166+00:00,soccer,laliga,293046,2026-10-10T19:00:00+00:00,267.61,Real Madrid,Villarreal,RMA,VIL,ffffff,ffff00,60,1.3086,5.77,7.27,100,99,0,0,0,1,-1.5,1.7407,1.9259,,,,,3.5,1.7143,2.05,89,85,11,15,2.5,1.7519,1.9524,,,,,0.5,1.4255,2.65,,,,
2026-09-29T15:23:17.321166+00:00,soccer,laliga,293052,2026-10-11T12:00:00+00:00,284.61,Elche,Celta Vigo,ELC,RCC,ffffff,b8d4f2,45,2.75,3.2,2.55,31,37,8,11,60,52,0.5,1.4762,2.4,,,,,2.5,2.0,1.7407,88,87,12,13,1.5,2.57,1.4444,,,,,1.5,2.45,1.4762,,,,
2026-09-29T15:23:17.321166+00:00,soccer,laliga,293045,2026-10-11T14:15:00+00:00,286.86,Real Sociedad,RC Deportivo La Coruna,RSO,COR,ffffff,0000FF,,1.7143,3.75,4.5,97,96,1,1,2,3,-0.5,1.6623,2.02,,,,,2.5,1.7692,1.9615,89,89,11,11,1.5,1.7407,2.0,,,,,0.5,1.4762,2.46,,,,
2026-09-29T15:23:17.321166+00:00,soccer,seriea,292990,2026-10-10T13:00:00+00:00,261.61,Genoa,Fiorentina,GEN,FIO,7b242f,693586,45,3.02,3.27,2.26,9,13,6,9,86,78,0.5,1.5988,2.1,,,,,2.5,2.02,1.7576,84,85,16,15,1.5,2.75,1.4,,,,,1.5,2.25,1.5714,,,,
2026-09-29T15:23:17.321166+00:00,soccer,seriea,292989,2026-10-10T16:00:00+00:00,264.61,Inter,Parma Calcio 1913,INT,PAR,024ec0,fcfcfc,65,1.1414,7.95,15.0,100,99,0,0,0,0,-2.5,2.0,1.6849,,,,,3.5,1.8475,1.8696,90,89,10,11,2.5,1.6135,2.2,,,,,0.5,1.9524,1.7407,,,,
2026-09-29T15:23:17.321166+00:00,soccer,seriea,292986,2026-10-10T18:45:00+00:00,267.36,SSC Napoli,Frosinone Calcio,NAP,FRO,4596d9,eeae0d,50,1.4386,4.6,6.05,99,98,0,0,0,1,-1.5,2.12,1.6061,,,,,2.5,1.5405,2.42,91,91,9,9,2.5,2.37,1.5291,,,,,0.5,1.5319,2.35,,,,
2026-09-29T15:23:17.321166+00:00,soccer,seriea,292991,2026-10-11T10:30:00+00:00,283.11,Como,Roma,COM,ROM,044aa0,990000,50,2.54,3.4,2.57,44,39,8,8,49,53,-0.5,2.4,1.5,,,,,2.5,1.6667,2.14,95,95,5,5,1.5,2.1,1.6494,,,,,1.5,2.1,1.625,,,,
2026-09-29T15:23:17.321166+00:00,soccer,seriea,292987,2026-10-11T13:00:00+00:00,285.61,Lecce,Bologna,LEC,BFC,fbc546,00376f,,3.95,3.3,1.9259,6,11,3,9,91,79,0.5,1.8,1.8696,,,,,2.5,1.9524,1.7692,79,79,21,21,0.5,1.4545,2.55,,,,,1.5,2.02,1.7246,,,,
2026-09-29T15:23:17.321166+00:00,soccer,seriea,292988,2026-10-11T13:00:00+00:00,285.61,Lazio,Monza,LAZ,MON,ffffff,fa0000,,1.6173,3.72,5.27,99,97,0,1,0,2,-0.5,1.5714,2.2,,,,,2.5,1.9091,1.8475,90,91,10,9,1.5,1.7519,1.9434,,,,,0.5,1.6135,2.15,,,,
2026-09-29T15:23:17.321166+00:00,soccer,bundesliga,293122,2026-10-09T18:30:00+00:00,243.11,Borussia Dortmund,Werder Bremen,BVB,SVW,ffda27,036848,50,1.3448,5.32,7.09,100,99,0,0,0,0,-1.5,1.8333,1.8,,,,,3.5,1.9091,1.8475,92,92,8,8,2.5,1.9009,1.8,,,,,0.5,1.4505,2.54,,,,
2026-09-29T15:23:17.321166+00:00,soccer,bundesliga,293114,2026-10-10T13:30:00+00:00,262.11,Paderborn,VfB Stuttgart,SCP,VFB,000000,ffffff,40,4.75,4.47,1.565,1,2,0,1,99,96,1.5,1.5495,2.25,,,,,3.5,2.02,1.8,93,93,7,7,1.5,2.54,1.4484,,,,,2.5,2.2,1.5714,,,,
2026-09-29T15:23:17.321166+00:00,soccer,bundesliga,293116,2026-10-10T13:30:00+00:00,262.11,Union Berlin,Elversberg,UNI,ELV,eb1923,ffffff,,2.2,3.67,2.86,77,51,3,2,20,46,-0.5,2.1,1.6061,,,,,2.5,1.5405,2.35,92,92,8,8,1.5,1.8475,1.8475,,,,,1.5,2.15,1.625,,,,
2026-09-29T15:23:17.321166+00:00,soccer,bundesliga,293117,2026-10-10T13:30:00+00:00,262.11,Mainz 05,Bayer Leverkusen,M05,LEV,ff0000,3b373c,,2.8,3.75,2.2,5,4,2,3,93,93,0.5,1.5882,2.1,,,,,3.5,2.1,1.6452,96,96,4,4,1.5,1.9804,1.7246,,,,,1.5,1.7519,1.9524,,,,
2026-09-29T15:23:17.321166+00:00,soccer,bundesliga,293118,2026-10-10T13:30:00+00:00,262.11,Augsburg,Bayern Munich,FCA,BMU,fcfcfc,f23a3a,55,8.61,7.1,1.2212,0,1,0,0,100,99,2.5,1.625,2.1,,,,,4.5,1.9091,1.8,93,94,7,6,1.5,2.63,1.4255,,,,,3.5,2.1,1.6667,,,,
2026-09-29T15:23:17.321166+00:00,soccer,bundesliga,293120,2026-10-10T13:30:00+00:00,262.11,Hoffenheim,Hamburger SV,TSG,HSV,1c263f,ffffff,45,1.4098,4.77,6.25,99,96,0,1,1,3,-1.5,1.9804,1.7143,,,,,3.5,1.9615,1.7519,91,90,9,10,2.5,2.1,1.6667,,,,,0.5,1.4444,2.6,,,,
2026-09-29T15:23:17.321166+00:00,soccer,bundesliga,293121,2026-10-10T16:30:00+00:00,265.11,RB Leipzig,Eintracht Frankfurt,RBL,SGE,ffffff,f00a0a,45,1.5,4.6,5.0,98,58,1,1,2,41,-1.5,2.15,1.5714,,,,,3.5,1.7407,2.05,94,95,6,5,2.5,2.05,1.6993,,,,,1.5,2.35,1.5263,,,,
2026-09-29T15:23:17.321166+00:00,soccer,bundesliga,293115,2026-10-11T13:30:00+00:00,286.11,FC Koeln,Borussia Moenchengladbach,KOE,BMG,ffffff,ffffff,,1.9091,3.9,3.37,86,73,3,8,11,20,-0.5,1.8929,1.8,,,,,3.5,2.15,1.6289,86,88,14,12,1.5,1.6452,2.1,,,,,1.5,2.2,1.5714,,,,
2026-09-29T15:23:17.321166+00:00,soccer,ligue1,293001,2026-10-09T18:45:00+00:00,243.36,Lens,Lyon,RCL,OL,fcd405,ffffff,50,2.18,3.65,2.92,54,36,5,5,41,59,-0.5,2.0,1.6061,,,,,3.5,2.25,1.5714,84,84,16,16,1.5,1.8197,1.9091,,,,,1.5,2.1,1.6579,,,,
2026-09-29T15:23:17.321166+00:00,soccer,ligue1,293000,2026-10-10T15:15:00+00:00,263.86,Lille,Le Havre,LIL,HAC,e01e13,a4def9,50,1.4386,4.5,6.5,100,99,0,0,0,1,-1.5,2.12,1.625,,,,,2.5,1.6897,2.05,92,92,8,8,1.5,1.5263,2.38,,,,,0.5,1.6897,2.07,,,,
2026-09-29T15:23:17.321166+00:00,soccer,ligue1,292996,2026-10-10T18:45:00+00:00,267.36,Paris Saint-Germain,Le Mans,PSG,MAN,18345e,ee1132,65,1.0714,10.0,21.0,100,99,0,0,0,0,-2.5,1.6897,2.05,,,,,4.5,2.22,1.6024,92,94,8,6,3.5,1.9524,1.8,,,,,0.5,1.9524,1.7463,,,,
2026-09-29T15:23:17.321166+00:00,soccer,ligue1,292998,2026-10-10T18:45:00+00:00,267.36,Monaco,Toulouse,ASM,TFC,e51b22,47137c,,1.6579,4.05,4.55,99,99,0,0,0,1,-0.5,1.6061,2.15,,,,,2.5,1.6061,2.2,94,94,6,6,1.5,1.6061,2.2,,,,,0.5,1.4255,2.61,,,,
2026-09-29T15:23:17.321166+00:00,soccer,ligue1,292999,2026-10-10T18:45:00+00:00,267.36,Lorient,Paris FC,FCL,PAR,FFD700,19204b,,2.97,3.35,2.3,12,11,6,5,82,84,0.5,1.5714,2.2,,,,,2.5,1.8403,1.9259,92,91,8,9,1.5,2.5,1.4673,,,,,1.5,2.11,1.6452,,,,
2026-09-29T15:23:17.321166+00:00,soccer,ligue1,293002,2026-10-10T18:45:00+00:00,267.36,Brest,Angers,STB,ANG,ed1c24,000000,50,1.9009,3.67,3.82,91,85,4,4,5,12,-1,2.29,1.8475,,,,,2.5,1.7143,2.04,84,82,16,18,1.5,1.7937,1.8696,,,,,1,1.8403,2.78,,,,
2026-09-29T15:23:17.321166+00:00,soccer,ligue1,292997,2026-10-11T13:00:00+00:00,285.61,Nice,Strasbourg,NIC,RCS,ed1c24,009fe3,,2.2,3.5,3.0,74,58,5,5,21,37,-0.5,2.1,1.6061,,,,,2.5,1.6897,2.07,88,88,12,12,1.5,1.9434,1.7519,,,,,1.5,2.39,1.5208,,,,
2026-09-29T15:23:17.321166+00:00,soccer,ligue1,292995,2026-10-11T15:15:00+00:00,287.86,Rennes,Auxerre,REN,AUX,ff0000,ffffff,,1.4082,4.85,6.5,99,98,0,1,1,1,-1.5,2.05,1.6897,,,,,3.5,2.15,1.625,82,82,18,18,2.5,2.2,1.6024,,,,,0.5,1.5,2.4,,,,
2026-09-29T15:41:10.198007+00:00,soccer,epl,292976,2026-10-11T15:30:00+00:00,287.81,Liverpool,Manchester City,LFC,MCI,e41e2c,abd1f5,60,2.7,3.62,2.4,10,12,4,3,86,85,0.5,1.5263,2.2,,,,,3.5,2.28,1.5988,88,89,12,11,1.5,2.05,1.6993,,,,,1.5,1.8772,1.7937,,,,
2026-09-29T15:41:10.198007+00:00,soccer,bundesliga,293119,2026-10-11T15:30:00+00:00,287.81,Freiburg,Schalke 04,SCF,SCH,f6f4f4,0000FF,40,1.5952,3.92,5.0,99,98,0,0,1,1,-0.5,1.5714,2.25,,,,,2.5,1.5814,2.25,94,95,6,5,1.5,1.5495,2.28,,,,,0.5,1.4444,2.6,,,,
2026-09-29T16:38:34.456940+00:00,soccer,laliga,293053,2026-10-11T16:30:00+00:00,287.86,Real Betis,Osasuna,RBB,OSA,ffffff,e7083c,,1.6494,3.9,4.65,98,98,1,0,1,2,-0.5,1.625,2.1,,,,,2.5,1.7194,2.0,90,90,10,10,1.5,1.6667,2.07,,,,,0.5,1.4762,2.45,,,,
2026-09-29T16:38:34.456940+00:00,soccer,seriea,292985,2026-10-11T16:00:00+00:00,287.36,Sassuolo,AC Milan,SAS,ACM,26b539,ff0000,35,4.1,3.62,1.8,2,3,1,2,98,96,0.5,1.9009,1.7692,,,,,2.5,1.7692,1.9524,95,95,5,5,0.5,1.4255,2.62,,,,,1.5,1.8,1.8929,,,,
2026-09-29T19:36:27.721027+00:00,soccer,laliga,293048,2026-10-11T19:00:00+00:00,287.39,Racing Santander,Valencia,SAN,VCF,ffffff,ffffff,40,2.2,3.52,3.05,63,53,6,6,30,42,-0.5,2.1,1.625,,,,,2.5,1.6897,2.1,85,85,15,15,1.5,1.9524,1.7519,,,,,1.5,2.4,1.5,,,,
2026-09-29T19:36:27.721027+00:00,soccer,seriea,292992,2026-10-11T18:45:00+00:00,287.14,Cagliari,Juventus,CAG,JUV,002454,ffffff,,6.0,3.85,1.5348,1,1,0,1,99,98,0.5,2.38,1.5,,,,,2.5,1.9524,1.7692,92,93,8,7,0.5,1.7143,1.9524,,,,,1.5,1.7246,2.05,,,,
2026-09-29T19:36:27.721027+00:00,soccer,ligue1,292994,2026-10-11T18:45:00+00:00,287.14,Troyes,Marseille,EST,OM,0000FF,ffffff,,3.8,3.8,1.8333,2,1,1,1,97,98,0.5,1.8929,1.8,,,,,2.5,1.5714,2.26,91,91,9,9,1.5,2.57,1.4484,,,,,1.5,1.6757,2.07,,,,
2026-09-29T20:37:12.312709+00:00,soccer,epl,292983,2026-10-10T11:30:00+00:00,254.88,Arsenal,Leeds United,ARS,LEE,e10000,FFCD00,111,1.3745,4.9,7.5,99,98,0,1,1,1,-1.5,2.05,1.6667,,,,,2.5,1.7194,2.05,94,95,6,5,1.5,1.5,2.4,,,,,0.5,1.8,1.9009,,,,
2026-09-29T20:37:12.312709+00:00,soccer,epl,292974,2026-10-10T14:00:00+00:00,257.38,Sunderland,Brighton & Hove Albion,SUN,BRI,ffffff,005daa,70,2.85,3.45,2.35,10,9,5,4,85,86,0.5,1.5495,2.2,,,,,2.5,1.7692,1.9615,94,95,6,5,1.5,2.4,1.5,,,,,1.5,2.1,1.6579,,,,
2026-09-29T20:37:12.312709+00:00,soccer,epl,292977,2026-10-10T14:00:00+00:00,257.38,Ipswich Town,Fulham,IPS,FUL,0055aa,ffffff,45,2.68,3.5,2.5,16,29,8,8,76,62,0.5,1.5,2.3,,,,,2.5,1.7407,2.04,89,90,11,10,1.5,2.2,1.5988,,,,,1.5,2.15,1.6061,,,,
2026-09-29T20:37:12.312709+00:00,soccer,epl,292981,2026-10-10T14:00:00+00:00,257.38,Chelsea,AFC Bournemouth,CHE,BOU,1532c1,ba0f13,60,1.7194,4.05,4.2,92,93,2,2,6,5,-0.5,1.6897,2.05,,,,,3.5,2.1,1.6667,92,92,8,8,1.5,1.5319,2.35,,,,,1.5,2.5,1.4762,,,,
2026-09-29T20:37:12.312709+00:00,soccer,epl,292982,2026-10-10T14:00:00+00:00,257.38,Aston Villa,Brentford,AVL,BRE,88002d,bf0000,45,2.6,3.52,2.55,52,62,9,7,39,32,0.5,1.4762,2.4,,,,,2.5,1.6452,2.16,93,93,7,7,1.5,2.1,1.625,,,,,1.5,2.1,1.6667,,,,
2026-09-29T20:37:12.312709+00:00,soccer,epl,292975,2026-10-10T16:30:00+00:00,259.88,Manchester United,Tottenham Hotspur,MUN,TOT,ea0000,ffffff,65,1.6897,4.1,4.31,93,85,2,5,5,9,-0.5,1.625,2.1,,,,,3.5,2.2,1.625,87,85,13,15,1.5,1.5319,2.3,,,,,1.5,2.62,1.4444,,,,
2026-09-29T20:37:12.312709+00:00,soccer,epl,292978,2026-10-11T13:00:00+00:00,280.38,Hull City,Everton,HUL,EVE,ff8303,0237ab,40,3.6,3.3,2.07,19,29,6,6,75,64,0.5,1.7143,2.0,,,,,2.5,2.05,1.7143,90,90,10,10,0.5,1.4444,2.6,,,,,1.5,2.15,1.625,,,,
2026-09-29T20:37:12.312709+00:00,soccer,epl,292979,2026-10-11T13:00:00+00:00,280.38,Crystal Palace,Nottingham Forest,CRY,NFO,1017da,dc1c13,40,2.6,3.27,2.65,53,51,14,15,33,33,-0.5,2.45,1.463,,,,,2.5,2.02,1.7692,89,90,11,10,1.5,2.5,1.4762,,,,,1.5,2.5,1.4762,,,,
2026-09-29T20:37:12.312709+00:00,soccer,epl,292976,2026-10-11T15:30:00+00:00,282.88,Liverpool,Manchester City,LFC,MCI,e41e2c,abd1f5,65,2.7,3.62,2.4,10,12,4,3,86,85,0.5,1.5263,2.2,,,,,3.5,2.28,1.5988,88,89,12,11,1.5,2.05,1.6993,,,,,1.5,1.8772,1.7937,,,,
2026-09-29T20:37:12.312709+00:00,soccer,laliga,293049,2026-10-09T19:00:00+00:00,238.38,Malaga CF,Espanyol,MLA,ESP,008FFF,1b549b,70,2.61,3.17,2.65,26,22,10,7,64,72,-0.5,2.5,1.4545,,,,,2.5,1.9615,1.7407,83,82,17,18,1.5,2.5,1.4762,,,,,1.5,2.55,1.4545,,,,
2026-09-29T20:37:12.312709+00:00,soccer,laliga,293047,2026-10-10T12:00:00+00:00,255.38,Rayo Vallecano,Athletic Bilbao,RVC,ATH,ffffff,ffffff,,2.9,3.4,2.3,11,14,8,5,81,82,0.5,1.5556,2.15,,,,,2.5,1.8333,1.8772,86,86,14,14,1.5,2.5,1.4444,,,,,1.5,2.15,1.6135,,,,
2026-09-29T20:37:12.312709+00:00,soccer,laliga,293054,2026-10-10T14:15:00+00:00,257.63,Deportivo Alaves,Atletico Madrid,ALA,ATM,1159a5,ffffff,40,3.9,3.57,1.8547,1,1,1,0,98,98,0.5,1.8333,1.8475,,,,,2.5,1.8,1.9091,94,95,6,5,0.5,1.4202,2.7,,,,,1.5,1.8333,1.8475,,,,
2026-09-29T20:37:12.312709+00:00,soccer,laliga,293051,2026-10-10T16:30:00+00:00,259.88,Barcelona,Getafe,BAR,GET,282e60,063ba1,50,1.0556,12.48,26.0,100,97,0,1,0,2,-3.5,2.1,1.641,,,,,4.5,2.15,1.6579,95,93,5,7,3.5,1.8,1.9009,,,,,0.5,2.2,1.5714,,,,
2026-09-29T20:37:12.312709+00:00,soccer,laliga,293046,2026-10-10T19:00:00+00:00,262.38,Real Madrid,Villarreal,RMA,VIL,ffffff,ffff00,60,1.3086,5.77,7.27,100,99,0,0,0,1,-1.5,1.7407,1.9259,,,,,3.5,1.7143,2.05,89,85,11,15,2.5,1.7519,1.9524,,,,,0.5,1.4255,2.65,,,,
2026-09-29T20:37:12.312709+00:00,soccer,laliga,293052,2026-10-11T12:00:00+00:00,279.38,Elche,Celta Vigo,ELC,RCC,ffffff,b8d4f2,45,2.75,3.2,2.55,31,37,9,11,60,52,0.5,1.4762,2.4,,,,,2.5,2.0,1.7407,88,87,12,13,1.5,2.57,1.4444,,,,,1.5,2.45,1.4762,,,,
2026-09-29T20:37:12.312709+00:00,soccer,laliga,293045,2026-10-11T14:15:00+00:00,281.63,Real Sociedad,RC Deportivo La Coruna,RSO,COR,ffffff,0000FF,,1.7143,3.75,4.5,97,96,1,2,2,2,-0.5,1.6623,2.02,,,,,2.5,1.7692,1.9615,89,89,11,11,1.5,1.7407,2.0,,,,,0.5,1.4762,2.46,,,,
2026-09-29T20:37:12.312709+00:00,soccer,seriea,292990,2026-10-10T13:00:00+00:00,256.38,Genoa,Fiorentina,GEN,FIO,7b242f,693586,45,3.02,3.27,2.26,9,13,6,9,86,78,0.5,1.5988,2.1,,,,,2.5,2.02,1.7576,84,85,16,15,1.5,2.75,1.4,,,,,1.5,2.25,1.5714,,,,
2026-09-29T20:37:12.312709+00:00,soccer,seriea,292989,2026-10-10T16:00:00+00:00,259.38,Inter,Parma Calcio 1913,INT,PAR,024ec0,fcfcfc,65,1.1414,7.95,15.0,100,99,0,0,0,0,-2.5,2.0,1.6849,,,,,3.5,1.8475,1.8696,90,89,10,11,2.5,1.6135,2.2,,,,,0.5,1.9524,1.7407,,,,
2026-09-29T20:37:12.312709+00:00,soccer,seriea,292986,2026-10-10T18:45:00+00:00,262.13,SSC Napoli,Frosinone Calcio,NAP,FRO,4596d9,eeae0d,50,1.4386,4.6,6.05,99,98,0,0,0,1,-1.5,2.12,1.6061,,,,,2.5,1.5405,2.42,91,91,9,9,2.5,2.37,1.5291,,,,,0.5,1.5319,2.35,,,,
2026-09-29T20:37:12.312709+00:00,soccer,seriea,292991,2026-10-11T10:30:00+00:00,277.88,Como,Roma,COM,ROM,044aa0,990000,50,2.55,3.4,2.56,43,39,8,8,49,53,-0.5,2.4,1.5,,,,,2.5,1.6667,2.14,95,95,5,5,1.5,2.1,1.6494,,,,,1.5,2.1,1.625,,,,
2026-09-29T20:37:12.312709+00:00,soccer,seriea,292987,2026-10-11T13:00:00+00:00,280.38,Lecce,Bologna,LEC,BFC,fbc546,00376f,,3.95,3.3,1.9259,6,11,3,9,91,80,0.5,1.8,1.8696,,,,,2.5,1.9524,1.7692,78,79,22,21,0.5,1.4545,2.55,,,,,1.5,2.02,1.7246,,,,
2026-09-29T20:37:12.312709+00:00,soccer,seriea,292988,2026-10-11T13:00:00+00:00,280.38,Lazio,Monza,LAZ,MON,ffffff,fa0000,,1.6173,3.72,5.27,99,97,0,0,0,2,-0.5,1.5714,2.2,,,,,2.5,1.9091,1.8475,90,91,10,9,1.5,1.7519,1.9434,,,,,0.5,1.6135,2.15,,,,
2026-09-29T20:37:12.312709+00:00,soccer,bundesliga,293122,2026-10-09T18:30:00+00:00,237.88,Borussia Dortmund,Werder Bremen,BVB,SVW,ffda27,036848,50,1.3448,5.32,7.09,100,99,0,0,0,0,-1.5,1.8333,1.8,,,,,3.5,1.9091,1.8475,93,92,7,8,2.5,1.9009,1.8,,,,,0.5,1.4505,2.54,,,,
2026-09-29T20:37:12.312709+00:00,soccer,bundesliga,293114,2026-10-10T13:30:00+00:00,256.88,Paderborn,VfB Stuttgart,SCP,VFB,000000,ffffff,40,4.75,4.47,1.565,1,2,0,1,99,96,1.5,1.5495,2.25,,,,,3.5,2.02,1.8,93,93,7,7,1.5,2.54,1.4484,,,,,2.5,2.2,1.5714,,,,
2026-09-29T20:37:12.312709+00:00,soccer,bundesliga,293116,2026-10-10T13:30:00+00:00,256.88,Union Berlin,Elversberg,UNI,ELV,eb1923,ffffff,,2.2,3.67,2.86,77,52,3,2,20,46,-0.5,2.1,1.6061,,,,,2.5,1.5405,2.35,91,92,9,8,1.5,1.8475,1.8475,,,,,1.5,2.15,1.625,,,,
2026-09-29T20:37:12.312709+00:00,soccer,bundesliga,293117,2026-10-10T13:30:00+00:00,256.88,Mainz 05,Bayer Leverkusen,M05,LEV,ff0000,3b373c,,2.8,3.75,2.17,5,4,2,3,93,93,0.5,1.6061,2.1,,,,,3.5,2.1,1.6667,96,96,4,4,1.5,1.9804,1.7246,,,,,1.5,1.7519,1.9524,,,,
2026-09-29T20:37:12.312709+00:00,soccer,bundesliga,293118,2026-10-10T13:30:00+00:00,256.88,Augsburg,Bayern Munich,FCA,BMU,fcfcfc,f23a3a,55,8.61,7.1,1.2212,0,1,0,0,100,99,2.5,1.625,2.1,,,,,4.5,1.9091,1.8,93,94,7,6,1.5,2.63,1.4255,,,,,3.5,2.1,1.6667,,,,
2026-09-29T20:37:12.312709+00:00,soccer,bundesliga,293120,2026-10-10T13:30:00+00:00,256.88,Hoffenheim,Hamburger SV,TSG,HSV,1c263f,ffffff,45,1.4098,4.77,6.25,99,96,0,1,1,3,-1.5,1.9804,1.7143,,,,,3.5,1.9615,1.7519,91,90,9,10,2.5,2.1,1.6667,,,,,0.5,1.4444,2.6,,,,
2026-09-29T20:37:12.312709+00:00,soccer,bundesliga,293121,2026-10-10T16:30:00+00:00,259.88,RB Leipzig,Eintracht Frankfurt,RBL,SGE,ffffff,f00a0a,45,1.5,4.6,5.0,98,59,1,1,2,40,-1.5,2.15,1.5714,,,,,3.5,1.7407,2.05,94,95,6,5,2.5,2.05,1.6993,,,,,1.5,2.35,1.5263,,,,
2026-09-29T20:37:12.312709+00:00,soccer,bundesliga,293115,2026-10-11T13:30:00+00:00,280.88,FC Koeln,Borussia Moenchengladbach,KOE,BMG,ffffff,ffffff,,1.9091,3.9,3.37,86,73,3,8,11,20,-0.5,1.8929,1.8,,,,,3.5,2.15,1.6289,87,88,13,12,1.5,1.6452,2.1,,,,,1.5,2.2,1.5714,,,,
2026-09-29T20:37:12.312709+00:00,soccer,bundesliga,293119,2026-10-11T15:30:00+00:00,282.88,Freiburg,Schalke 04,SCF,SCH,f6f4f4,0000FF,40,1.5952,3.92,5.0,99,98,0,0,1,1,-0.5,1.5714,2.25,,,,,2.5,1.5814,2.25,94,95,6,5,1.5,1.5495,2.28,,,,,0.5,1.4444,2.6,,,,
2026-09-29T20:37:12.312709+00:00,soccer,ligue1,293001,2026-10-09T18:45:00+00:00,238.13,Lens,Lyon,RCL,OL,fcd405,ffffff,50,2.18,3.65,2.92,53,36,5,5,41,59,-0.5,2.0,1.6061,,,,,3.5,2.25,1.5714,84,84,16,16,1.5,1.8197,1.9091,,,,,1.5,2.1,1.6579,,,,
2026-09-29T20:37:12.312709+00:00,soccer,ligue1,293000,2026-10-10T15:15:00+00:00,258.63,Lille,Le Havre,LIL,HAC,e01e13,a4def9,50,1.4386,4.5,6.5,100,99,0,0,0,1,-1.5,2.12,1.625,,,,,2.5,1.6897,2.05,92,92,8,8,1.5,1.5263,2.38,,,,,0.5,1.6897,2.07,,,,
2026-09-29T20:37:12.312709+00:00,soccer,ligue1,292996,2026-10-10T18:45:00+00:00,262.13,Paris Saint-Germain,Le Mans,PSG,MAN,18345e,ee1132,65,1.0714,10.0,21.0,100,99,0,0,0,0,-2.5,1.6897,2.05,,,,,4.5,2.22,1.6024,92,94,8,6,3.5,1.9524,1.8,,,,,0.5,1.9524,1.7463,,,,
2026-09-29T20:37:12.312709+00:00,soccer,ligue1,292998,2026-10-10T18:45:00+00:00,262.13,Monaco,Toulouse,ASM,TFC,e51b22,47137c,,1.6579,4.05,4.55,99,99,0,0,0,1,-0.5,1.6061,2.15,,,,,2.5,1.6061,2.2,94,94,6,6,1.5,1.6061,2.2,,,,,0.5,1.4255,2.61,,,,
2026-09-29T20:37:12.312709+00:00,soccer,ligue1,292999,2026-10-10T18:45:00+00:00,262.13,Lorient,Paris FC,FCL,PAR,FFD700,19204b,,2.97,3.35,2.3,12,11,6,5,82,84,0.5,1.5714,2.2,,,,,2.5,1.8403,1.9259,92,91,8,9,1.5,2.5,1.4673,,,,,1.5,2.11,1.6452,,,,
2026-09-29T20:37:12.312709+00:00,soccer,ligue1,293002,2026-10-10T18:45:00+00:00,262.13,Brest,Angers,STB,ANG,ed1c24,000000,50,1.9009,3.67,3.82,91,85,4,4,5,11,-1,2.29,1.8475,,,,,2.5,1.7143,2.04,83,82,17,18,1.5,1.7937,1.8696,,,,,1,1.8403,2.78,,,,
2026-09-29T20:37:12.312709+00:00,soccer,ligue1,292997,2026-10-11T13:00:00+00:00,280.38,Nice,Strasbourg,NIC,RCS,ed1c24,009fe3,,2.2,3.5,3.0,74,58,5,5,21,37,-0.5,2.1,1.6061,,,,,2.5,1.6897,2.07,88,88,12,12,1.5,1.9434,1.7519,,,,,1.5,2.39,1.5208,,,,
2026-09-29T20:37:12.312709+00:00,soccer,ligue1,292995,2026-10-11T15:15:00+00:00,282.63,Rennes,Auxerre,REN,AUX,ff0000,ffffff,,1.4082,4.85,6.5,99,98,0,1,1,1,-1.5,2.05,1.6897,,,,,3.5,2.15,1.625,82,82,18,18,2.5,2.2,1.6024,,,,,0.5,1.5,2.4,,,,
2026-09-29T21:35:21.495875+00:00,soccer,laliga,293053,2026-10-11T16:30:00+00:00,282.91,Real Betis,Osasuna,RBB,OSA,ffffff,e7083c,,1.6494,3.9,4.65,98,98,1,0,1,2,-0.5,1.625,2.1,,,,,2.5,1.7194,2.0,90,90,10,10,1.5,1.6667,2.07,,,,,0.5,1.4762,2.45,,,,
2026-09-29T21:35:21.495875+00:00,soccer,seriea,292985,2026-10-11T16:00:00+00:00,282.41,Sassuolo,AC Milan,SAS,ACM,26b539,ff0000,35,4.1,3.62,1.8,2,3,1,2,98,96,0.5,1.9009,1.7692,,,,,2.5,1.7692,1.9524,95,95,5,5,0.5,1.4255,2.62,,,,,1.5,1.8,1.8929,,,,
2026-09-30T00:44:40.463051+00:00,soccer,laliga,293048,2026-10-11T19:00:00+00:00,282.26,Racing Santander,Valencia,SAN,VCF,ffffff,ffffff,40,2.2,3.52,3.05,63,53,6,5,31,42,-0.5,2.1,1.625,,,,,2.5,1.6897,2.1,85,85,15,15,1.5,1.9524,1.7519,,,,,1.5,2.4,1.5,,,,
2026-09-30T00:44:40.463051+00:00,soccer,seriea,292992,2026-10-11T18:45:00+00:00,282.01,Cagliari,Juventus,CAG,JUV,002454,ffffff,,6.0,3.85,1.5348,1,1,0,1,99,98,0.5,2.38,1.5,,,,,2.5,1.9524,1.7692,92,93,8,7,0.5,1.7143,1.9524,,,,,1.5,1.7246,2.05,,,,
2026-09-30T00:44:40.463051+00:00,soccer,ligue1,292994,2026-10-11T18:45:00+00:00,282.01,Troyes,Marseille,EST,OM,0000FF,ffffff,,3.8,3.8,1.8333,2,1,1,1,97,98,0.5,1.8929,1.8,,,,,2.5,1.5714,2.26,91,91,9,9,1.5,2.57,1.4484,,,,,1.5,1.6757,2.07,,,,
2026-09-30T01:35:34.464572+00:00,soccer,epl,292983,2026-10-10T11:30:00+00:00,249.91,Arsenal,Leeds United,ARS,LEE,e10000,FFCD00,111,1.3745,4.9,7.5,99,98,0,1,1,1,-1.5,2.05,1.6667,,,,,2.5,1.7194,2.05,94,95,6,5,1.5,1.5,2.4,,,,,0.5,1.8,1.9009,,,,
2026-09-30T01:35:34.464572+00:00,soccer,epl,292974,2026-10-10T14:00:00+00:00,252.41,Sunderland,Brighton & Hove Albion,SUN,BRI,ffffff,005daa,70,2.85,3.45,2.35,10,9,5,4,85,86,0.5,1.5495,2.2,,,,,2.5,1.7692,1.9615,94,95,6,5,1.5,2.4,1.5,,,,,1.5,2.1,1.6579,,,,
2026-09-30T01:35:34.464572+00:00,soccer,epl,292977,2026-10-10T14:00:00+00:00,252.41,Ipswich Town,Fulham,IPS,FUL,0055aa,ffffff,45,2.68,3.5,2.5,16,29,8,8,76,63,0.5,1.5,2.3,,,,,2.5,1.7407,2.04,89,90,11,10,1.5,2.2,1.5988,,,,,1.5,2.15,1.6061,,,,
2026-09-30T01:35:34.464572+00:00,soccer,epl,292981,2026-10-10T14:00:00+00:00,252.41,Chelsea,AFC Bournemouth,CHE,BOU,1532c1,ba0f13,60,1.7194,4.05,4.2,92,93,2,2,6,5,-0.5,1.6897,2.05,,,,,3.5,2.1,1.6667,92,92,8,8,1.5,1.5319,2.35,,,,,1.5,2.5,1.4762,,,,
2026-09-30T01:35:34.464572+00:00,soccer,epl,292982,2026-10-10T14:00:00+00:00,252.41,Aston Villa,Brentford,AVL,BRE,88002d,bf0000,45,2.6,3.52,2.55,52,61,9,7,39,32,0.5,1.4762,2.4,,,,,2.5,1.6452,2.16,93,93,7,7,1.5,2.1,1.625,,,,,1.5,2.1,1.6667,,,,
2026-09-30T01:35:34.464572+00:00,soccer,epl,292975,2026-10-10T16:30:00+00:00,254.91,Manchester United,Tottenham Hotspur,MUN,TOT,ea0000,ffffff,65,1.6897,4.1,4.31,93,85,2,5,5,10,-0.5,1.625,2.1,,,,,3.5,2.2,1.625,87,85,13,15,1.5,1.5319,2.3,,,,,1.5,2.62,1.4444,,,,
2026-09-30T01:35:34.464572+00:00,soccer,epl,292978,2026-10-11T13:00:00+00:00,275.41,Hull City,Everton,HUL,EVE,ff8303,0237ab,40,3.6,3.3,2.07,19,29,6,6,75,64,0.5,1.7143,2.0,,,,,2.5,2.05,1.7143,90,90,10,10,0.5,1.4444,2.6,,,,,1.5,2.15,1.625,,,,
2026-09-30T01:35:34.464572+00:00,soccer,epl,292979,2026-10-11T13:00:00+00:00,275.41,Crystal Palace,Nottingham Forest,CRY,NFO,1017da,dc1c13,40,2.6,3.27,2.65,53,51,14,15,33,33,-0.5,2.45,1.463,,,,,2.5,2.02,1.7692,89,90,11,10,1.5,2.5,1.4762,,,,,1.5,2.5,1.4762,,,,
2026-09-30T01:35:34.464572+00:00,soccer,epl,292976,2026-10-11T15:30:00+00:00,277.91,Liverpool,Manchester City,LFC,MCI,e41e2c,abd1f5,90,2.62,3.6,2.43,10,12,4,3,85,85,0.5,1.5263,2.3,,,,,2.5,1.5405,2.35,88,89,12,11,1.5,2.05,1.7042,,,,,1.5,1.9259,1.7692,,,,
2026-09-30T01:35:34.464572+00:00,soccer,laliga,293049,2026-10-09T19:00:00+00:00,233.41,Malaga CF,Espanyol,MLA,ESP,008FFF,1b549b,70,2.61,3.17,2.65,25,21,10,7,64,72,-0.5,2.5,1.4545,,,,,2.5,1.9615,1.7407,83,82,17,18,1.5,2.5,1.4762,,,,,1.5,2.55,1.4545,,,,
2026-09-30T01:35:34.464572+00:00,soccer,laliga,293047,2026-10-10T12:00:00+00:00,250.41,Rayo Vallecano,Athletic Bilbao,RVC,ATH,ffffff,ffffff,,2.9,3.4,2.3,11,14,8,5,81,82,0.5,1.5556,2.15,,,,,2.5,1.8333,1.8772,86,86,14,14,1.5,2.5,1.4444,,,,,1.5,2.15,1.6135,,,,
2026-09-30T01:35:34.464572+00:00,soccer,laliga,293054,2026-10-10T14:15:00+00:00,252.66,Deportivo Alaves,Atletico Madrid,ALA,ATM,1159a5,ffffff,45,4.0,3.6,1.8475,1,1,1,0,98,98,0.5,1.8475,1.8,,,,,2.5,1.8,1.9091,94,95,6,5,0.5,1.4255,2.65,,,,,1.5,1.8333,1.8333,,,,
2026-09-30T01:35:34.464572+00:00,soccer,laliga,293051,2026-10-10T16:30:00+00:00,254.91,Barcelona,Getafe,BAR,GET,282e60,063ba1,50,1.0556,12.48,26.0,100,97,0,1,0,2,-3.5,2.1,1.641,,,,,4.5,2.15,1.6579,95,93,5,7,3.5,1.8,1.9009,,,,,0.5,2.2,1.5714,,,,
2026-09-30T01:35:34.464572+00:00,soccer,laliga,293046,2026-10-10T19:00:00+00:00,257.41,Real Madrid,Villarreal,RMA,VIL,ffffff,ffff00,60,1.3086,5.77,7.27,100,99,0,0,0,1,-1.5,1.7407,1.9259,,,,,3.5,1.7143,2.05,89,85,11,15,2.5,1.7519,1.9524,,,,,0.5,1.4255,2.65,,,,
2026-09-30T01:35:34.464572+00:00,soccer,laliga,293052,2026-10-11T12:00:00+00:00,274.41,Elche,Celta Vigo,ELC,RCC,ffffff,b8d4f2,45,2.75,3.2,2.55,31,37,9,11,60,52,0.5,1.4762,2.4,,,,,2.5,2.0,1.7407,88,87,12,13,1.5,2.57,1.4444,,,,,1.5,2.45,1.4762,,,,
2026-09-30T01:35:34.464572+00:00,soccer,laliga,293045,2026-10-11T14:15:00+00:00,276.66,Real Sociedad,RC Deportivo La Coruna,RSO,COR,ffffff,0000FF,,1.7143,3.75,4.5,97,96,1,2,2,2,-0.5,1.6623,2.02,,,,,2.5,1.7692,1.9615,89,89,11,11,1.5,1.7407,2.0,,,,,0.5,1.4762,2.46,,,,
2026-09-30T01:35:34.464572+00:00,soccer,seriea,292990,2026-10-10T13:00:00+00:00,251.41,Genoa,Fiorentina,GEN,FIO,7b242f,693586,45,3.02,3.27,2.26,9,13,6,9,86,79,0.5,1.5988,2.1,,,,,2.5,2.02,1.7576,84,85,16,15,1.5,2.75,1.4,,,,,1.5,2.25,1.5714,,,,
2026-09-30T01:35:34.464572+00:00,soccer,seriea,292989,2026-10-10T16:00:00+00:00,254.41,Inter,Parma Calcio 1913,INT,PAR,024ec0,fcfcfc,65,1.1414,7.95,15.0,100,99,0,0,0,0,-2.5,2.0,1.6849,,,,,3.5,1.8475,1.8696,90,89,10,11,2.5,1.6135,2.2,,,,,0.5,1.9524,1.7407,,,,
2026-09-30T01:35:34.464572+00:00,soccer,seriea,292986,2026-10-10T18:45:00+00:00,257.16,SSC Napoli,Frosinone Calcio,NAP,FRO,4596d9,eeae0d,50,1.4386,4.6,6.05,99,98,0,0,0,1,-1.5,2.12,1.6061,,,,,2.5,1.5405,2.42,91,91,9,9,2.5,2.37,1.5291,,,,,0.5,1.5319,2.35,,,,
2026-09-30T01:35:34.464572+00:00,soccer,seriea,292991,2026-10-11T10:30:00+00:00,272.91,Como,Roma,COM,ROM,044aa0,990000,50,2.54,3.4,2.57,43,39,8,8,49,53,-0.5,2.4,1.5,,,,,2.5,1.6667,2.14,95,95,5,5,1.5,2.1,1.6494,,,,,1.5,2.1,1.625,,,,
2026-09-30T01:35:34.464572+00:00,soccer,seriea,292987,2026-10-11T13:00:00+00:00,275.41,Lecce,Bologna,LEC,BFC,fbc546,00376f,,3.95,3.3,1.9259,6,11,3,9,91,80,0.5,1.8,1.8696,,,,,2.5,1.9524,1.7692,78,79,22,21,0.5,1.4545,2.55,,,,,1.5,2.02,1.7246,,,,
2026-09-30T01:35:34.464572+00:00,soccer,seriea,292988,2026-10-11T13:00:00+00:00,275.41,Lazio,Monza,LAZ,MON,ffffff,fa0000,,1.6024,3.82,5.32,99,97,0,0,0,2,-0.5,1.5714,2.25,,,,,2.5,1.9009,1.8475,90,91,10,9,1.5,1.7246,2.05,,,,,0.5,1.625,2.15,,,,
2026-09-30T01:35:34.464572+00:00,soccer,bundesliga,293122,2026-10-09T18:30:00+00:00,232.91,Borussia Dortmund,Werder Bremen,BVB,SVW,ffda27,036848,50,1.3448,5.32,7.09,100,99,0,0,0,0,-1.5,1.8333,1.8,,,,,3.5,1.9091,1.8475,93,92,7,8,2.5,1.9009,1.8,,,,,0.5,1.4505,2.54,,,,
2026-09-30T01:35:34.464572+00:00,soccer,bundesliga,293114,2026-10-10T13:30:00+00:00,251.91,Paderborn,VfB Stuttgart,SCP,VFB,000000,ffffff,40,4.75,4.47,1.565,1,2,0,1,99,96,1.5,1.5495,2.25,,,,,3.5,2.02,1.8,93,93,7,7,1.5,2.54,1.4484,,,,,2.5,2.2,1.5714,,,,
2026-09-30T01:35:34.464572+00:00,soccer,bundesliga,293116,2026-10-10T13:30:00+00:00,251.91,Union Berlin,Elversberg,UNI,ELV,eb1923,ffffff,,2.2,3.67,2.86,77,52,3,2,20,46,-0.5,2.1,1.6061,,,,,2.5,1.5405,2.35,91,92,9,8,1.5,1.8475,1.8475,,,,,1.5,2.15,1.625,,,,
2026-09-30T01:35:34.464572+00:00,soccer,bundesliga,293117,2026-10-10T13:30:00+00:00,251.91,Mainz 05,Bayer Leverkusen,M05,LEV,ff0000,3b373c,,2.8,3.75,2.17,5,4,2,3,93,93,0.5,1.6061,2.1,,,,,3.5,2.1,1.6667,96,96,4,4,1.5,1.9804,1.7246,,,,,1.5,1.7519,1.9524,,,,
2026-09-30T01:35:34.464572+00:00,soccer,bundesliga,293118,2026-10-10T13:30:00+00:00,251.91,Augsburg,Bayern Munich,FCA,BMU,fcfcfc,f23a3a,55,8.61,7.1,1.2212,0,1,0,0,100,99,2.5,1.625,2.1,,,,,4.5,1.9091,1.8,93,94,7,6,1.5,2.63,1.4255,,,,,3.5,2.1,1.6667,,,,
2026-09-30T01:35:34.464572+00:00,soccer,bundesliga,293120,2026-10-10T13:30:00+00:00,251.91,Hoffenheim,Hamburger SV,TSG,HSV,1c263f,ffffff,45,1.4098,4.77,6.25,99,96,0,1,1,3,-1.5,1.9804,1.7143,,,,,3.5,1.9615,1.7519,91,90,9,10,2.5,2.1,1.6667,,,,,0.5,1.4444,2.6,,,,
2026-09-30T01:35:34.464572+00:00,soccer,bundesliga,293121,2026-10-10T16:30:00+00:00,254.91,RB Leipzig,Eintracht Frankfurt,RBL,SGE,ffffff,f00a0a,45,1.5,4.6,5.0,98,60,1,1,2,40,-1.5,2.15,1.5714,,,,,3.5,1.7407,2.05,94,95,6,5,2.5,2.05,1.6993,,,,,1.5,2.35,1.5263,,,,
2026-09-30T01:35:34.464572+00:00,soccer,bundesliga,293115,2026-10-11T13:30:00+00:00,275.91,FC Koeln,Borussia Moenchengladbach,KOE,BMG,ffffff,ffffff,,1.9091,3.9,3.37,85,73,4,8,11,20,-0.5,1.8929,1.8,,,,,3.5,2.15,1.6289,87,88,13,12,1.5,1.6452,2.1,,,,,1.5,2.2,1.5714,,,,
2026-09-30T01:35:34.464572+00:00,soccer,bundesliga,293119,2026-10-11T15:30:00+00:00,277.91,Freiburg,Schalke 04,SCF,SCH,f6f4f4,0000FF,40,1.5952,3.92,5.0,99,98,0,0,1,1,-0.5,1.5714,2.25,,,,,2.5,1.5814,2.25,94,95,6,5,1.5,1.5495,2.28,,,,,0.5,1.4444,2.6,,,,
2026-09-30T01:35:34.464572+00:00,soccer,ligue1,293001,2026-10-09T18:45:00+00:00,233.16,Lens,Lyon,RCL,OL,fcd405,ffffff,50,2.18,3.65,2.92,53,36,6,5,41,59,-0.5,2.0,1.6061,,,,,3.5,2.25,1.5714,84,84,16,16,1.5,1.8197,1.9091,,,,,1.5,2.1,1.6579,,,,
2026-09-30T01:35:34.464572+00:00,soccer,ligue1,293000,2026-10-10T15:15:00+00:00,253.66,Lille,Le Havre,LIL,HAC,e01e13,a4def9,50,1.4386,4.5,6.5,100,99,0,0,0,1,-1.5,2.12,1.625,,,,,2.5,1.6897,2.05,92,92,8,8,1.5,1.5263,2.38,,,,,0.5,1.6897,2.07,,,,
2026-09-30T01:35:34.464572+00:00,soccer,ligue1,292996,2026-10-10T18:45:00+00:00,257.16,Paris Saint-Germain,Le Mans,PSG,MAN,18345e,ee1132,65,1.0714,10.0,21.0,100,99,0,0,0,0,-2.5,1.6897,2.05,,,,,4.5,2.22,1.6024,92,94,8,6,3.5,1.9524,1.8,,,,,0.5,1.9524,1.7463,,,,
2026-09-30T01:35:34.464572+00:00,soccer,ligue1,292998,2026-10-10T18:45:00+00:00,257.16,Monaco,Toulouse,ASM,TFC,e51b22,47137c,,1.6579,4.05,4.55,99,99,0,0,0,1,-0.5,1.6061,2.15,,,,,2.5,1.6061,2.2,94,94,6,6,1.5,1.6061,2.2,,,,,0.5,1.4255,2.61,,,,
2026-09-30T01:35:34.464572+00:00,soccer,ligue1,292999,2026-10-10T18:45:00+00:00,257.16,Lorient,Paris FC,FCL,PAR,FFD700,19204b,,2.97,3.35,2.3,12,11,6,5,81,84,0.5,1.5714,2.2,,,,,2.5,1.8403,1.9259,92,91,8,9,1.5,2.5,1.4673,,,,,1.5,2.11,1.6452,,,,
2026-09-30T01:35:34.464572+00:00,soccer,ligue1,293002,2026-10-10T18:45:00+00:00,257.16,Brest,Angers,STB,ANG,ed1c24,000000,50,1.9009,3.67,3.82,90,85,4,4,5,11,-1,2.29,1.8475,,,,,2.5,1.7143,2.04,83,82,17,18,1.5,1.7937,1.8696,,,,,1,1.8403,2.78,,,,
2026-09-30T01:35:34.464572+00:00,soccer,ligue1,292997,2026-10-11T13:00:00+00:00,275.41,Nice,Strasbourg,NIC,RCS,ed1c24,009fe3,,2.2,3.5,3.0,74,58,5,5,21,37,-0.5,2.1,1.6061,,,,,2.5,1.6897,2.07,88,88,12,12,1.5,1.9434,1.7519,,,,,1.5,2.39,1.5208,,,,
2026-09-30T01:35:34.464572+00:00,soccer,ligue1,292995,2026-10-11T15:15:00+00:00,277.66,Rennes,Auxerre,REN,AUX,ff0000,ffffff,,1.4082,4.85,6.5,99,98,0,1,1,1,-1.5,2.05,1.6897,,,,,3.5,2.15,1.625,82,82,18,18,2.5,2.2,1.6024,,,,,0.5,1.5,2.4,,,,
2026-09-30T02:36:00.072036+00:00,soccer,laliga,293053,2026-10-11T16:30:00+00:00,277.9,Real Betis,Osasuna,RBB,OSA,ffffff,e7083c,,1.6494,3.9,4.65,98,98,1,0,1,2,-0.5,1.625,2.1,,,,,2.5,1.7194,2.0,90,90,10,10,1.5,1.6667,2.07,,,,,0.5,1.4762,2.45,,,,
2026-09-30T02:36:00.072036+00:00,soccer,seriea,292985,2026-10-11T16:00:00+00:00,277.4,Sassuolo,AC Milan,SAS,ACM,26b539,ff0000,35,4.1,3.62,1.8,2,3,1,2,98,96,0.5,1.9009,1.7692,,,,,2.5,1.7692,1.9524,95,95,5,5,0.5,1.4255,2.62,,,,,1.5,1.8,1.8929,,,,
2026-09-30T05:36:34.853447+00:00,soccer,laliga,293048,2026-10-11T19:00:00+00:00,277.39,Racing Santander,Valencia,SAN,VCF,ffffff,ffffff,40,2.2,3.52,3.05,63,53,6,6,31,42,-0.5,2.1,1.625,,,,,2.5,1.6897,2.1,85,85,15,15,1.5,1.9524,1.7519,,,,,1.5,2.4,1.5,,,,
2026-09-30T05:36:34.853447+00:00,soccer,seriea,292992,2026-10-11T18:45:00+00:00,277.14,Cagliari,Juventus,CAG,JUV,002454,ffffff,,6.0,3.85,1.5348,1,2,0,1,99,98,0.5,2.38,1.5,,,,,2.5,1.9524,1.7692,92,93,8,7,0.5,1.7143,1.9524,,,,,1.5,1.7246,2.05,,,,
2026-09-30T05:36:34.853447+00:00,soccer,ligue1,292994,2026-10-11T18:45:00+00:00,277.14,Troyes,Marseille,EST,OM,0000FF,ffffff,,3.8,3.8,1.8333,2,1,1,1,97,98,0.5,1.8929,1.8,,,,,2.5,1.5714,2.26,91,91,9,9,1.5,2.57,1.4484,,,,,1.5,1.6757,2.07,,,,
2026-09-30T06:43:01.466196+00:00,soccer,epl,292983,2026-10-10T11:30:00+00:00,244.78,Arsenal,Leeds United,ARS,LEE,e10000,FFCD00,111,1.3745,4.9,7.5,99,98,0,1,1,1,-1.5,2.05,1.6667,,,,,2.5,1.7194,2.05,94,95,6,5,1.5,1.5,2.4,,,,,0.5,1.8,1.9009,,,,
2026-09-30T06:43:01.466196+00:00,soccer,epl,292974,2026-10-10T14:00:00+00:00,247.28,Sunderland,Brighton & Hove Albion,SUN,BRI,ffffff,005daa,70,2.85,3.45,2.35,10,9,5,4,85,86,0.5,1.5495,2.2,,,,,2.5,1.7692,1.9615,94,95,6,5,1.5,2.4,1.5,,,,,1.5,2.1,1.6579,,,,
2026-09-30T06:43:01.466196+00:00,soccer,epl,292977,2026-10-10T14:00:00+00:00,247.28,Ipswich Town,Fulham,IPS,FUL,0055aa,ffffff,45,2.68,3.5,2.5,16,29,8,8,76,63,0.5,1.5,2.3,,,,,2.5,1.7407,2.04,89,90,11,10,1.5,2.2,1.5988,,,,,1.5,2.15,1.6061,,,,
2026-09-30T06:43:01.466196+00:00,soccer,epl,292981,2026-10-10T14:00:00+00:00,247.28,Chelsea,AFC Bournemouth,CHE,BOU,1532c1,ba0f13,60,1.7194,4.05,4.2,92,93,2,2,6,5,-0.5,1.6897,2.05,,,,,3.5,2.1,1.6667,92,92,8,8,1.5,1.5319,2.35,,,,,1.5,2.5,1.4762,,,,
2026-09-30T06:43:01.466196+00:00,soccer,epl,292982,2026-10-10T14:00:00+00:00,247.28,Aston Villa,Brentford,AVL,BRE,88002d,bf0000,45,2.6,3.52,2.55,52,61,9,7,39,32,0.5,1.4762,2.4,,,,,2.5,1.6452,2.16,93,93,7,7,1.5,2.1,1.625,,,,,1.5,2.1,1.6667,,,,
2026-09-30T06:43:01.466196+00:00,soccer,epl,292975,2026-10-10T16:30:00+00:00,249.78,Manchester United,Tottenham Hotspur,MUN,TOT,ea0000,ffffff,65,1.6897,4.1,4.31,93,85,2,5,5,10,-0.5,1.625,2.1,,,,,3.5,2.2,1.625,87,85,13,15,1.5,1.5319,2.3,,,,,1.5,2.62,1.4444,,,,
2026-09-30T06:43:01.466196+00:00,soccer,epl,292978,2026-10-11T13:00:00+00:00,270.28,Hull City,Everton,HUL,EVE,ff8303,0237ab,40,3.6,3.3,2.07,19,30,6,6,75,64,0.5,1.7143,2.0,,,,,2.5,2.05,1.7143,89,90,11,10,0.5,1.4444,2.6,,,,,1.5,2.15,1.625,,,,
2026-09-30T06:43:01.466196+00:00,soccer,epl,292979,2026-10-11T13:00:00+00:00,270.28,Crystal Palace,Nottingham Forest,CRY,NFO,1017da,dc1c13,40,2.6,3.27,2.65,53,51,14,15,33,33,-0.5,2.45,1.463,,,,,2.5,2.02,1.7692,89,90,11,10,1.5,2.5,1.4762,,,,,1.5,2.5,1.4762,,,,
2026-09-30T06:43:01.466196+00:00,soccer,epl,292976,2026-10-11T15:30:00+00:00,272.78,Liverpool,Manchester City,LFC,MCI,e41e2c,abd1f5,90,2.6,3.6,2.43,10,12,4,3,85,85,0.5,1.5263,2.3,,,,,2.5,1.5405,2.35,88,89,12,11,1.5,2.05,1.7042,,,,,1.5,1.9259,1.7692,,,,
2026-09-30T06:43:01.466196+00:00,soccer,laliga,293049,2026-10-09T19:00:00+00:00,228.28,Malaga CF,Espanyol,MLA,ESP,008FFF,1b549b,70,2.61,3.17,2.65,25,21,10,7,64,72,-0.5,2.5,1.4545,,,,,2.5,1.9615,1.7407,83,82,17,18,1.5,2.5,1.4762,,,,,1.5,2.55,1.4545,,,,
2026-09-30T06:43:01.466196+00:00,soccer,laliga,293047,2026-10-10T12:00:00+00:00,245.28,Rayo Vallecano,Athletic Bilbao,RVC,ATH,ffffff,ffffff,,2.9,3.4,2.3,11,14,8,4,81,82,0.5,1.5556,2.15,,,,,2.5,1.8333,1.8772,86,86,14,14,1.5,2.5,1.4444,,,,,1.5,2.15,1.6135,,,,
2026-09-30T06:43:01.466196+00:00,soccer,laliga,293054,2026-10-10T14:15:00+00:00,247.53,Deportivo Alaves,Atletico Madrid,ALA,ATM,1159a5,ffffff,45,4.0,3.6,1.8403,1,1,1,0,98,98,0.5,1.8475,1.8,,,,,2.5,1.8,1.9091,94,95,6,5,0.5,1.4255,2.65,,,,,1.5,1.8333,1.8333,,,,
2026-09-30T06:43:01.466196+00:00,soccer,laliga,293051,2026-10-10T16:30:00+00:00,249.78,Barcelona,Getafe,BAR,GET,282e60,063ba1,50,1.0556,12.48,26.0,100,97,0,1,0,2,-3.5,2.1,1.641,,,,,4.5,2.15,1.6579,95,93,5,7,3.5,1.8,1.9009,,,,,0.5,2.2,1.5714,,,,
2026-09-30T06:43:01.466196+00:00,soccer,laliga,293046,2026-10-10T19:00:00+00:00,252.28,Real Madrid,Villarreal,RMA,VIL,ffffff,ffff00,60,1.3086,5.77,7.27,100,99,0,0,0,1,-1.5,1.7407,1.9259,,,,,3.5,1.7143,2.05,89,86,11,14,2.5,1.7519,1.9524,,,,,0.5,1.4255,2.65,,,,
2026-09-30T06:43:01.466196+00:00,soccer,laliga,293052,2026-10-11T12:00:00+00:00,269.28,Elche,Celta Vigo,ELC,RCC,ffffff,b8d4f2,45,2.75,3.2,2.55,31,39,9,10,60,50,0.5,1.4762,2.4,,,,,2.5,2.0,1.7407,88,87,12,13,1.5,2.57,1.4444,,,,,1.5,2.45,1.4762,,,,
2026-09-30T06:43:01.466196+00:00,soccer,laliga,293045,2026-10-11T14:15:00+00:00,271.53,Real Sociedad,RC Deportivo La Coruna,RSO,COR,ffffff,0000FF,,1.7143,3.75,4.5,97,96,1,2,2,2,-0.5,1.6623,2.02,,,,,2.5,1.7692,1.9615,89,89,11,11,1.5,1.7407,2.0,,,,,0.5,1.4762,2.46,,,,
2026-09-30T06:43:01.466196+00:00,soccer,seriea,292990,2026-10-10T13:00:00+00:00,246.28,Genoa,Fiorentina,GEN,FIO,7b242f,693586,45,3.02,3.27,2.26,9,13,6,9,86,79,0.5,1.5988,2.1,,,,,2.5,2.02,1.7576,84,85,16,15,1.5,2.75,1.4,,,,,1.5,2.25,1.5714,,,,
2026-09-30T06:43:01.466196+00:00,soccer,seriea,292989,2026-10-10T16:00:00+00:00,249.28,Inter,Parma Calcio 1913,INT,PAR,024ec0,fcfcfc,65,1.1414,7.95,15.0,100,99,0,0,0,0,-2.5,2.0,1.6849,,,,,3.5,1.8475,1.8696,90,89,10,11,2.5,1.6135,2.2,,,,,0.5,1.9524,1.7407,,,,
2026-09-30T06:43:01.466196+00:00,soccer,seriea,292986,2026-10-10T18:45:00+00:00,252.03,SSC Napoli,Frosinone Calcio,NAP,FRO,4596d9,eeae0d,50,1.4386,4.6,6.05,99,98,0,0,0,1,-1.5,2.12,1.6061,,,,,2.5,1.5405,2.42,91,91,9,9,2.5,2.37,1.5291,,,,,0.5,1.5319,2.35,,,,
2026-09-30T06:43:01.466196+00:00,soccer,seriea,292991,2026-10-11T10:30:00+00:00,267.78,Como,Roma,COM,ROM,044aa0,990000,50,2.55,3.4,2.56,43,39,8,8,49,53,-0.5,2.4,1.5,,,,,2.5,1.6667,2.14,95,95,5,5,1.5,2.1,1.6494,,,,,1.5,2.1,1.625,,,,
2026-09-30T06:43:01.466196+00:00,soccer,seriea,292987,2026-10-11T13:00:00+00:00,270.28,Lecce,Bologna,LEC,BFC,fbc546,00376f,,3.95,3.3,1.9259,6,11,3,9,91,80,0.5,1.8,1.8696,,,,,2.5,1.9524,1.7692,78,79,22,21,0.5,1.4545,2.55,,,,,1.5,2.02,1.7246,,,,
2026-09-30T06:43:01.466196+00:00,soccer,seriea,292988,2026-10-11T13:00:00+00:00,270.28,Lazio,Monza,LAZ,MON,ffffff,fa0000,,1.6024,3.85,5.32,99,97,0,0,0,2,-0.5,1.5714,2.25,,,,,2.5,1.9009,1.8475,90,91,10,9,1.5,1.7246,2.05,,,,,0.5,1.625,2.15,,,,
2026-09-30T06:43:01.466196+00:00,soccer,bundesliga,293122,2026-10-09T18:30:00+00:00,227.78,Borussia Dortmund,Werder Bremen,BVB,SVW,ffda27,036848,50,1.3448,5.32,7.09,100,99,0,0,0,0,-1.5,1.8333,1.8,,,,,3.5,1.9091,1.8475,93,92,7,8,2.5,1.9009,1.8,,,,,0.5,1.4505,2.54,,,,
2026-09-30T06:43:01.466196+00:00,soccer,bundesliga,293114,2026-10-10T13:30:00+00:00,246.78,Paderborn,VfB Stuttgart,SCP,VFB,000000,ffffff,40,4.75,4.47,1.565,1,2,0,1,99,97,1.5,1.5495,2.25,,,,,3.5,2.02,1.8,93,93,7,7,1.5,2.54,1.4484,,,,,2.5,2.2,1.5714,,,,
2026-09-30T06:43:01.466196+00:00,soccer,bundesliga,293116,2026-10-10T13:30:00+00:00,246.78,Union Berlin,Elversberg,UNI,ELV,eb1923,ffffff,,2.2,3.67,2.86,77,52,3,2,20,46,-0.5,2.1,1.6061,,,,,2.5,1.5405,2.35,91,92,9,8,1.5,1.8475,1.8475,,,,,1.5,2.15,1.625,,,,
2026-09-30T06:43:01.466196+00:00,soccer,bundesliga,293117,2026-10-10T13:30:00+00:00,246.78,Mainz 05,Bayer Leverkusen,M05,LEV,ff0000,3b373c,,2.8,3.75,2.17,5,4,2,3,93,93,0.5,1.6061,2.1,,,,,3.5,2.1,1.6667,96,96,4,4,1.5,1.9804,1.7246,,,,,1.5,1.7519,1.9524,,,,
2026-09-30T06:43:01.466196+00:00,soccer,bundesliga,293118,2026-10-10T13:30:00+00:00,246.78,Augsburg,Bayern Munich,FCA,BMU,fcfcfc,f23a3a,55,8.61,7.1,1.2212,0,1,0,0,100,99,2.5,1.625,2.1,,,,,4.5,1.9091,1.8,93,94,7,6,1.5,2.63,1.4255,,,,,3.5,2.1,1.6667,,,,
2026-09-30T06:43:01.466196+00:00,soccer,bundesliga,293120,2026-10-10T13:30:00+00:00,246.78,Hoffenheim,Hamburger SV,TSG,HSV,1c263f,ffffff,45,1.4098,4.75,6.25,99,96,0,1,1,3,-1.5,1.9804,1.7143,,,,,3.5,1.9615,1.7519,91,90,9,10,2.5,2.1,1.6667,,,,,0.5,1.4444,2.6,,,,
2026-09-30T06:43:01.466196+00:00,soccer,bundesliga,293121,2026-10-10T16:30:00+00:00,249.78,RB Leipzig,Eintracht Frankfurt,RBL,SGE,ffffff,f00a0a,45,1.5,4.6,5.0,98,60,1,1,2,39,-1.5,2.15,1.5714,,,,,3.5,1.7407,2.05,94,95,6,5,2.5,2.05,1.6993,,,,,1.5,2.35,1.5263,,,,
2026-09-30T06:43:01.466196+00:00,soccer,bundesliga,293115,2026-10-11T13:30:00+00:00,270.78,FC Koeln,Borussia Moenchengladbach,KOE,BMG,ffffff,ffffff,,1.9091,3.9,3.37,85,73,4,8,11,20,-0.5,1.8929,1.8,,,,,3.5,2.15,1.6289,87,88,13,12,1.5,1.6452,2.1,,,,,1.5,2.2,1.5714,,,,
2026-09-30T06:43:01.466196+00:00,soccer,bundesliga,293119,2026-10-11T15:30:00+00:00,272.78,Freiburg,Schalke 04,SCF,SCH,f6f4f4,0000FF,40,1.5952,3.92,5.0,99,98,0,0,1,1,-0.5,1.5714,2.25,,,,,2.5,1.5814,2.25,94,95,6,5,1.5,1.5495,2.28,,,,,0.5,1.4444,2.6,,,,
2026-09-30T06:43:01.466196+00:00,soccer,ligue1,293001,2026-10-09T18:45:00+00:00,228.03,Lens,Lyon,RCL,OL,fcd405,ffffff,50,2.18,3.65,2.92,53,36,6,5,41,59,-0.5,2.0,1.6061,,,,,3.5,2.25,1.5714,84,84,16,16,1.5,1.8197,1.9091,,,,,1.5,2.1,1.6579,,,,
2026-09-30T06:43:01.466196+00:00,soccer,ligue1,293000,2026-10-10T15:15:00+00:00,248.53,Lille,Le Havre,LIL,HAC,e01e13,a4def9,50,1.4386,4.5,6.5,100,99,0,0,0,1,-1.5,2.12,1.625,,,,,2.5,1.6897,2.05,92,91,8,9,1.5,1.5263,2.37,,,,,0.5,1.6849,2.07,,,,
2026-09-30T06:43:01.466196+00:00,soccer,ligue1,292996,2026-10-10T18:45:00+00:00,252.03,Paris Saint-Germain,Le Mans,PSG,MAN,18345e,ee1132,65,1.0714,10.0,21.0,100,99,0,0,0,0,-2.5,1.6897,2.05,,,,,4.5,2.22,1.6024,92,94,8,6,3.5,1.9524,1.8,,,,,0.5,1.9524,1.7463,,,,
2026-09-30T06:43:01.466196+00:00,soccer,ligue1,292998,2026-10-10T18:45:00+00:00,252.03,Monaco,Toulouse,ASM,TFC,e51b22,47137c,,1.6579,4.05,4.55,99,99,0,0,0,1,-0.5,1.6061,2.15,,,,,2.5,1.6061,2.2,94,94,6,6,1.5,1.6061,2.2,,,,,0.5,1.4255,2.61,,,,
2026-09-30T06:43:01.466196+00:00,soccer,ligue1,292999,2026-10-10T18:45:00+00:00,252.03,Lorient,Paris FC,FCL,PAR,FFD700,19204b,,2.97,3.35,2.3,12,11,6,5,81,84,0.5,1.5714,2.2,,,,,2.5,1.8403,1.9259,92,91,8,9,1.5,2.5,1.4673,,,,,1.5,2.11,1.6452,,,,
2026-09-30T06:43:01.466196+00:00,soccer,ligue1,293002,2026-10-10T18:45:00+00:00,252.03,Brest,Angers,STB,ANG,ed1c24,000000,50,1.9009,3.67,3.82,90,85,4,4,5,11,-1,2.29,1.8475,,,,,2.5,1.7143,2.04,83,82,17,18,1.5,1.7937,1.8696,,,,,1,1.8403,2.78,,,,
2026-09-30T06:43:01.466196+00:00,soccer,ligue1,292997,2026-10-11T13:00:00+00:00,270.28,Nice,Strasbourg,NIC,RCS,ed1c24,009fe3,,2.2,3.5,3.0,74,58,5,5,21,37,-0.5,2.1,1.6061,,,,,2.5,1.6897,2.07,88,88,12,12,1.5,1.9434,1.7519,,,,,1.5,2.39,1.5208,,,,
2026-09-30T06:43:01.466196+00:00,soccer,ligue1,292995,2026-10-11T15:15:00+00:00,272.53,Rennes,Auxerre,REN,AUX,ff0000,ffffff,,1.4082,4.85,6.5,99,98,0,1,1,1,-1.5,2.05,1.6897,,,,,3.5,2.15,1.625,82,82,18,18,2.5,2.2,1.6024,,,,,0.5,1.5,2.4,,,,
2026-09-30T07:38:24.914831+00:00,soccer,laliga,293053,2026-10-11T16:30:00+00:00,272.86,Real Betis,Osasuna,RBB,OSA,ffffff,e7083c,,1.6494,3.9,4.65,98,98,1,0,1,2,-0.5,1.625,2.1,,,,,2.5,1.7194,2.0,90,90,10,10,1.5,1.6667,2.07,,,,,0.5,1.4762,2.45,,,,
2026-09-30T07:38:24.914831+00:00,soccer,seriea,292985,2026-10-11T16:00:00+00:00,272.36,Sassuolo,AC Milan,SAS,ACM,26b539,ff0000,35,4.1,3.62,1.8,2,3,1,2,98,96,0.5,1.9009,1.7692,,,,,2.5,1.7692,1.9524,95,95,5,5,0.5,1.4255,2.62,,,,,1.5,1.8,1.8929,,,,
