timestamp_utc,sport,event_id,game_time_utc,season_type,series_note,away_team,home_team,venue,city,region,indoor,neutral_site,temp_f,wind_mph,wind_dir_deg,precip_prob_pct,away_probable_pitcher,home_probable_pitcher,umpire_name
2026-09-27T15:22:35.846376+00:00,mlb,,,,,New York Mets,Washington Nationals,Nationals Park,,,False,,61.7,10.0,314,30,Sean Manaea,DJ Herz,
2026-09-27T15:22:35.846376+00:00,mlb,,,,,Baltimore Orioles,New York Yankees,Yankee Stadium,,,False,,62.5,15.0,55,37,Shane Baz,Elmer Rodríguez,
2026-09-27T15:22:35.846376+00:00,mlb,,,,,Chicago Cubs,Boston Red Sox,Tropicana Field,,,False,,60.3,15.4,43,47,Shota Imanaga,,
2026-09-27T15:22:35.846376+00:00,mlb,,,,,Houston Astros,Athletics,Sutter Health Park,,,False,,63.6,6.2,224,0,Peter Lambert,Seth Johnson,
2026-09-27T15:22:35.846376+00:00,mlb,,,,,Los Angeles Dodgers,San Francisco Giants,Oracle Park,,,False,,64.0,8.1,270,1,,Carson Seymour,
2026-09-27T15:22:35.846376+00:00,mlb,,,,,Tampa Bay Rays,Philadelphia Phillies,Citizens Bank Park,,,False,,62.6,14.4,30,19,Nick Martinez,Zack Wheeler,
2026-09-27T15:22:35.846376+00:00,mlb,,,,,Cincinnati Reds,Toronto Blue Jays,Rogers Centre,,,True,,,,,,Brandon Williamson,Max Scherzer,
2026-09-27T15:22:35.846376+00:00,mlb,,,,,Cleveland Guardians,Kansas City Royals,Kauffman Stadium,,,False,,73.0,2.7,35,2,Parker Messick,Daniel Lynch IV,
2026-09-27T15:22:35.846376+00:00,mlb,,,,,Pittsburgh Pirates,Detroit Tigers,Comerica Park,,,False,,75.4,10.1,5,0,Jared Jones,River Ryan,
2026-09-27T15:22:35.846376+00:00,mlb,,,,,Arizona Diamondbacks,San Diego Padres,Petco Park,,,False,,79.7,5.6,293,5,Michael Soroka,Randy Vásquez,
2026-09-27T15:22:35.846376+00:00,mlb,,,,,Los Angeles Angels,Seattle Mariners,T-Mobile Park,,,True,,,,,,Yusei Kikuchi,Logan Gilbert,
2026-09-27T15:22:35.846376+00:00,mlb,,,,,Texas Rangers,Minnesota Twins,Target Field,,,False,,64.3,2.5,5,0,MacKenzie Gore,Dean Kremer,
2026-09-27T15:22:35.846376+00:00,mlb,,,,,Colorado Rockies,Chicago White Sox,Rate Field,,,False,,64.0,6.8,44,0,Kyle Freeland,Anthony Kay,
2026-09-27T15:22:35.846376+00:00,mlb,,,,,Atlanta Braves,Miami Marlins,loanDepot park,,,True,,,,,,JR Ritchie,Janson Junk,
2026-09-27T15:22:35.846376+00:00,mlb,,,,,St. Louis Cardinals,Milwaukee Brewers,American Family Field,,,True,,,,,,Andre Pallante,Jacob Misiorowski,
2026-09-27T17:16:10.626777+00:00,mlb,,,,,New York Mets,Washington Nationals,Nationals Park,,,False,,61.0,12.3,322,33,Sean Manaea,DJ Herz,
2026-09-27T17:16:10.626777+00:00,mlb,,,,,Baltimore Orioles,New York Yankees,Yankee Stadium,,,False,,62.5,16.1,52,43,Shane Baz,Elmer Rodríguez,
2026-09-27T17:16:10.626777+00:00,mlb,,,,,Tampa Bay Rays,Philadelphia Phillies,Citizens Bank Park,,,False,,63.7,17.1,15,19,Nick Martinez,Zack Wheeler,
2026-09-27T17:16:10.626777+00:00,mlb,,,,,Chicago Cubs,Boston Red Sox,Tropicana Field,,,False,,59.6,17.1,41,45,Shota Imanaga,Tanner Houck,
2026-09-27T17:16:10.626777+00:00,mlb,,,,,Houston Astros,Athletics,Sutter Health Park,,,False,,62.8,5.0,234,0,Peter Lambert,Seth Johnson,
2026-09-27T17:16:10.626777+00:00,mlb,,,,,Los Angeles Dodgers,San Francisco Giants,Oracle Park,,,False,,63.8,9.7,265,1,Jack Dreyer,Carson Seymour,
2026-09-27T17:16:10.626777+00:00,mlb,,,,,Cincinnati Reds,Toronto Blue Jays,Rogers Centre,,,True,,,,,,Brandon Williamson,Max Scherzer,
2026-09-27T17:16:10.626777+00:00,mlb,,,,,Cleveland Guardians,Kansas City Royals,Kauffman Stadium,,,False,,74.1,1.9,126,2,Parker Messick,Daniel Lynch IV,
2026-09-27T17:16:10.626777+00:00,mlb,,,,,Pittsburgh Pirates,Detroit Tigers,Comerica Park,,,False,,75.5,9.6,3,0,Jared Jones,River Ryan,
2026-09-27T17:16:10.626777+00:00,mlb,,,,,Arizona Diamondbacks,San Diego Padres,Petco Park,,,False,,84.8,5.4,228,2,Michael Soroka,Randy Vásquez,
2026-09-27T17:16:10.626777+00:00,mlb,,,,,Los Angeles Angels,Seattle Mariners,T-Mobile Park,,,True,,,,,,Yusei Kikuchi,Logan Gilbert,
2026-09-27T17:16:10.626777+00:00,mlb,,,,,Texas Rangers,Minnesota Twins,Target Field,,,False,,64.7,2.8,346,0,MacKenzie Gore,Dean Kremer,
2026-09-27T17:16:10.626777+00:00,mlb,,,,,Colorado Rockies,Chicago White Sox,Rate Field,,,False,,65.7,10.0,12,0,Kyle Freeland,Anthony Kay,
2026-09-27T17:16:10.626777+00:00,mlb,,,,,Atlanta Braves,Miami Marlins,loanDepot park,,,True,,,,,,JR Ritchie,Janson Junk,
2026-09-27T17:16:10.626777+00:00,mlb,,,,,St. Louis Cardinals,Milwaukee Brewers,American Family Field,,,True,,,,,,Andre Pallante,Jacob Misiorowski,
2026-09-27T20:17:15.700235+00:00,mlb,,,,,New York Mets,Washington Nationals,Nationals Park,,,False,,61.7,8.9,307,33,Sean Manaea,DJ Herz,
2026-09-27T20:17:15.700235+00:00,mlb,,,,,Tampa Bay Rays,Philadelphia Phillies,Citizens Bank Park,,,False,,62.7,15.2,20,21,Nick Martinez,Zack Wheeler,
2026-09-27T20:17:15.700235+00:00,mlb,,,,,Chicago Cubs,Boston Red Sox,Tropicana Field,,,False,,59.1,14.9,21,43,Shota Imanaga,Tanner Houck,
2026-09-27T20:17:15.700235+00:00,mlb,,,,,Houston Astros,Athletics,Sutter Health Park,,,False,,60.9,5.6,209,0,Peter Lambert,Seth Johnson,
2026-09-27T20:17:15.700235+00:00,mlb,,,,,Los Angeles Dodgers,San Francisco Giants,Oracle Park,,,False,,62.3,6.9,255,1,Jack Dreyer,Carson Seymour,
2026-09-27T20:17:15.700235+00:00,mlb,,,,,Cincinnati Reds,Toronto Blue Jays,Rogers Centre,,,True,,,,,,Brandon Williamson,Max Scherzer,
2026-09-27T20:17:15.700235+00:00,mlb,,,,,Cleveland Guardians,Kansas City Royals,Kauffman Stadium,,,False,,71.3,3.9,100,1,Parker Messick,Daniel Lynch IV,
2026-09-27T20:17:15.700235+00:00,mlb,,,,,Pittsburgh Pirates,Detroit Tigers,Comerica Park,,,False,,75.3,9.7,355,0,Jared Jones,River Ryan,
2026-09-27T20:17:15.700235+00:00,mlb,,,,,Arizona Diamondbacks,San Diego Padres,Petco Park,,,False,,77.6,5.9,227,15,Michael Soroka,Randy Vásquez,
2026-09-27T20:17:15.700235+00:00,mlb,,,,,Los Angeles Angels,Seattle Mariners,T-Mobile Park,,,True,,,,,,Yusei Kikuchi,Logan Gilbert,
2026-09-27T20:17:15.700235+00:00,mlb,,,,,Texas Rangers,Minnesota Twins,Target Field,,,False,,64.6,3.1,4,0,MacKenzie Gore,Dean Kremer,
2026-09-27T20:17:15.700235+00:00,mlb,,,,,Colorado Rockies,Chicago White Sox,Rate Field,,,False,,66.8,11.7,20,0,Kyle Freeland,Anthony Kay,
2026-09-27T20:17:15.700235+00:00,mlb,,,,,Atlanta Braves,Miami Marlins,loanDepot park,,,True,,,,,,JR Ritchie,Janson Junk,
2026-09-27T20:17:15.700235+00:00,mlb,,,,,St. Louis Cardinals,Milwaukee Brewers,American Family Field,,,True,,,,,,Andre Pallante,Jacob Misiorowski,
2026-09-27T20:17:15.700235+00:00,mlb,,,,,Baltimore Orioles,New York Yankees,Yankee Stadium,,,False,,62.9,15.4,48,43,Shane Baz,Elmer Rodríguez,
2026-09-27T23:16:05.817479+00:00,mlb,,,,,New York Mets,Washington Nationals,Nationals Park,,,False,,61.7,8.9,307,33,Sean Manaea,DJ Herz,
2026-09-27T23:16:05.817479+00:00,mlb,,,,,Tampa Bay Rays,Philadelphia Phillies,Citizens Bank Park,,,False,,62.7,15.2,20,21,Nick Martinez,Zack Wheeler,
2026-09-27T23:16:05.817479+00:00,mlb,,,,,Chicago Cubs,Boston Red Sox,Tropicana Field,,,False,,59.3,13.5,27,43,Shota Imanaga,Tanner Houck,
2026-09-27T23:16:05.817479+00:00,mlb,,,,,Houston Astros,Athletics,Sutter Health Park,,,False,,61.9,6.3,243,0,Peter Lambert,Seth Johnson,
2026-09-27T23:16:05.817479+00:00,mlb,,,,,Los Angeles Dodgers,San Francisco Giants,Oracle Park,,,False,,64.1,7.8,268,1,Jack Dreyer,Carson Seymour,
2026-09-27T23:16:05.817479+00:00,mlb,,,,,Cincinnati Reds,Toronto Blue Jays,Rogers Centre,,,True,,,,,,Brandon Williamson,Max Scherzer,
2026-09-27T23:16:05.817479+00:00,mlb,,,,,Cleveland Guardians,Kansas City Royals,Kauffman Stadium,,,False,,71.9,4.3,87,1,Parker Messick,Daniel Lynch IV,
2026-09-27T23:16:05.817479+00:00,mlb,,,,,Pittsburgh Pirates,Detroit Tigers,Comerica Park,,,False,,75.4,9.6,357,0,Jared Jones,River Ryan,
2026-09-27T23:16:05.817479+00:00,mlb,,,,,Arizona Diamondbacks,San Diego Padres,Petco Park,,,False,,78.0,4.4,246,15,Michael Soroka,Randy Vásquez,
2026-09-27T23:16:05.817479+00:00,mlb,,,,,Los Angeles Angels,Seattle Mariners,T-Mobile Park,,,True,,,,,,Yusei Kikuchi,Logan Gilbert,
2026-09-27T23:16:05.817479+00:00,mlb,,,,,Texas Rangers,Minnesota Twins,Target Field,,,False,,65.5,2.7,24,0,MacKenzie Gore,Dean Kremer,
2026-09-27T23:16:05.817479+00:00,mlb,,,,,Colorado Rockies,Chicago White Sox,Rate Field,,,False,,67.6,10.3,27,0,Kyle Freeland,Anthony Kay,
2026-09-27T23:16:05.817479+00:00,mlb,,,,,Atlanta Braves,Miami Marlins,loanDepot park,,,True,,,,,,JR Ritchie,Janson Junk,
2026-09-27T23:16:05.817479+00:00,mlb,,,,,St. Louis Cardinals,Milwaukee Brewers,American Family Field,,,True,,,,,,Andre Pallante,Jacob Misiorowski,
2026-09-27T23:16:05.817479+00:00,mlb,,,,,Baltimore Orioles,New York Yankees,Yankee Stadium,,,False,,62.9,15.4,48,43,Shane Baz,Elmer Rodríguez,
2026-09-28T14:22:11.269713+00:00,mlb,401907965,2026-09-29T18:00:00+00:00,postseason,NLWC - Game 1 | Series starts 9/29,Philadelphia Phillies,Atlanta Braves,Truist Park,Atlanta,Georgia,False,False,84.9,3.1,94,0,,Chris Sale,
2026-09-28T14:22:11.269713+00:00,mlb,401907896,2026-09-29T21:00:00+00:00,postseason,ALWC - Game 1 | Series starts 9/29,Chicago White Sox,Houston Astros,Daikin Park,Houston,Texas,True,False,,,,,,,
2026-09-28T14:22:11.269713+00:00,mlb,401907924,2026-09-30T00:00:00+00:00,postseason,ALWC - Game 1 | Series starts 9/29,Boston Red Sox,New York Yankees,Yankee Stadium,Bronx,New York,False,False,61.0,4.1,261,3,,Cam Schlittler,
2026-09-28T14:22:11.269713+00:00,mlb,401907974,2026-09-30T02:00:00+00:00,postseason,NLWC - Game 1 | Series starts 9/29,Chicago Cubs,San Diego Padres,Petco Park,San Diego,California,False,False,74.7,2.5,190,0,,Michael King,
2026-09-28T17:19:00.747603+00:00,mlb,401907965,2026-09-29T18:00:00+00:00,postseason,NLWC - Game 1 | Series starts 9/29,Philadelphia Phillies,Atlanta Braves,Truist Park,Atlanta,Georgia,False,False,84.9,3.1,94,0,,Chris Sale,
2026-09-28T17:19:00.747603+00:00,mlb,401907896,2026-09-29T21:00:00+00:00,postseason,ALWC - Game 1 | Series starts 9/29,Chicago White Sox,Houston Astros,Daikin Park,Houston,Texas,True,False,,,,,,,
2026-09-28T17:19:00.747603+00:00,mlb,401907924,2026-09-30T00:00:00+00:00,postseason,ALWC - Game 1 | Series starts 9/29,Boston Red Sox,New York Yankees,Yankee Stadium,Bronx,New York,False,False,61.0,4.1,261,3,,Cam Schlittler,
2026-09-28T17:19:00.747603+00:00,mlb,401907974,2026-09-30T02:00:00+00:00,postseason,NLWC - Game 1 | Series starts 9/29,Chicago Cubs,San Diego Padres,Petco Park,San Diego,California,False,False,74.7,2.5,190,0,,Michael King,
2026-09-28T20:17:41.377757+00:00,mlb,401907965,2026-09-29T18:00:00+00:00,postseason,NLWC - Game 1 | Series starts 9/29,Philadelphia Phillies,Atlanta Braves,Truist Park,Atlanta,Georgia,False,False,83.7,1.3,45,0,Jesus Luzardo,Chris Sale,
2026-09-28T20:17:41.377757+00:00,mlb,401907896,2026-09-29T21:00:00+00:00,postseason,ALWC - Game 1 | Series starts 9/29,Chicago White Sox,Houston Astros,Daikin Park,Houston,Texas,True,False,,,,,,,
2026-09-28T20:17:41.377757+00:00,mlb,401907924,2026-09-30T00:00:00+00:00,postseason,ALWC - Game 1 | Series starts 9/29,Boston Red Sox,New York Yankees,Yankee Stadium,Bronx,New York,False,False,62.8,3.8,320,3,Payton Tolle,Cam Schlittler,
2026-09-28T20:17:41.377757+00:00,mlb,401907974,2026-09-30T02:00:00+00:00,postseason,NLWC - Game 1 | Series starts 9/29,Chicago Cubs,San Diego Padres,Petco Park,San Diego,California,False,False,74.1,2.1,238,0,,Michael King,
