timestamp_utc,sport,an_id,game_time_utc,hours_until_game,away_team,home_team,period,market,side,team,line,odds,bets_pct,money_pct
2026-10-01T00:05:21.847880+00:00,mlb,302543,2026-10-01T02:00:00+00:00,1.91,Chicago Cubs,San Diego Padres,event,team_total,over,home,3.5,1.8,,
2026-10-01T00:05:21.847880+00:00,mlb,302543,2026-10-01T02:00:00+00:00,1.91,Chicago Cubs,San Diego Padres,event,team_total,under,home,3.5,2.0,,
2026-10-01T00:05:21.847880+00:00,mlb,302543,2026-10-01T02:00:00+00:00,1.91,Chicago Cubs,San Diego Padres,event,team_total,under,away,3.5,1.7692,,
2026-10-01T00:05:21.847880+00:00,mlb,302543,2026-10-01T02:00:00+00:00,1.91,Chicago Cubs,San Diego Padres,event,team_total,over,away,3.5,2.01,,
2026-10-01T00:05:21.847880+00:00,mlb,302543,2026-10-01T02:00:00+00:00,1.91,Chicago Cubs,San Diego Padres,firstfiveinnings,team_total,under,home,2.5,1.6494,,
2026-10-01T00:05:21.847880+00:00,mlb,302543,2026-10-01T02:00:00+00:00,1.91,Chicago Cubs,San Diego Padres,firstfiveinnings,team_total,over,away,1.5,1.8333,,
2026-10-01T00:05:21.847880+00:00,mlb,302543,2026-10-01T02:00:00+00:00,1.91,Chicago Cubs,San Diego Padres,firstfiveinnings,team_total,over,home,2.5,2.2,,
2026-10-01T00:05:21.847880+00:00,mlb,302543,2026-10-01T02:00:00+00:00,1.91,Chicago Cubs,San Diego Padres,firstfiveinnings,team_total,under,away,1.5,1.9091,,
2026-10-01T00:05:21.847880+00:00,mlb,302543,2026-10-01T02:00:00+00:00,1.91,Chicago Cubs,San Diego Padres,firstfiveinnings,moneyline,away,away,0,2.13,,
2026-10-01T00:05:21.847880+00:00,mlb,302543,2026-10-01T02:00:00+00:00,1.91,Chicago Cubs,San Diego Padres,firstfiveinnings,moneyline,home,home,0,1.7042,,
2026-10-01T00:05:21.847880+00:00,mlb,302543,2026-10-01T02:00:00+00:00,1.91,Chicago Cubs,San Diego Padres,firstfiveinnings,spread,home,home,-0.5,1.9524,,
2026-10-01T00:05:21.847880+00:00,mlb,302543,2026-10-01T02:00:00+00:00,1.91,Chicago Cubs,San Diego Padres,firstfiveinnings,spread,away,away,0.5,1.8,,
2026-10-01T00:05:21.847880+00:00,mlb,302543,2026-10-01T02:00:00+00:00,1.91,Chicago Cubs,San Diego Padres,firstfiveinnings,total,over,,4.5,2.14,,
2026-10-01T00:05:21.847880+00:00,mlb,302543,2026-10-01T02:00:00+00:00,1.91,Chicago Cubs,San Diego Padres,firstfiveinnings,total,under,,4.5,1.6757,,
2026-10-01T00:05:21.847880+00:00,mlb,302543,2026-10-01T02:00:00+00:00,1.91,Chicago Cubs,San Diego Padres,firstinning,total,over,,0.5,2.05,,
2026-10-01T00:05:21.847880+00:00,mlb,302543,2026-10-01T02:00:00+00:00,1.91,Chicago Cubs,San Diego Padres,firstinning,total,under,,0.5,1.7407,,
