sport,league,game_id,game_time_utc,away,home,away_zh,home_zh,strategy,pick,pick_zh,p,mkt_p,us_odds,tw_odds,tw_src,ev,hours_before,updated_utc,result,settle_odds,settle_src,profit
mlb,mlb,sr:match:75060826,2026-09-30T18:00Z,Philadelphia Phillies,Atlanta Braves,費城人,勇士,favorite,away,費城人,0.5189,0.5175,1.8547,1.684,est,-0.1262,2.97,2026-09-30T15:01Z,,,,
mlb,mlb,sr:match:75060826,2026-09-30T18:00Z,Philadelphia Phillies,Atlanta Braves,費城人,勇士,model1,away,費城人,0.5189,0.5175,1.8547,1.684,est,-0.1262,2.97,2026-09-30T15:01Z,,,,
mlb,mlb,sr:match:75060826,2026-09-30T18:00Z,Philadelphia Phillies,Atlanta Braves,費城人,勇士,underdog,home,勇士,0.4811,0.4825,2,1.816,est,-0.1263,2.97,2026-09-30T15:01Z,,,,
mlb,mlb,sr:match:75060844,2026-09-30T21:00Z,Chicago White Sox,Houston Astros,白襪,太空人,favorite,home,太空人,0.5818,0.5814,1.6711,1.518,est,-0.1168,7.13,2026-09-30T15:01Z,,,,
mlb,mlb,sr:match:75060844,2026-09-30T21:00Z,Chicago White Sox,Houston Astros,白襪,太空人,model1,home,太空人,0.5818,0.5814,1.6711,1.518,est,-0.1168,7.13,2026-09-30T15:01Z,,,,
mlb,mlb,sr:match:75060844,2026-09-30T21:00Z,Chicago White Sox,Houston Astros,白襪,太空人,underdog,away,白襪,0.4182,0.4186,2.25,2.043,est,-0.1456,7.13,2026-09-30T15:01Z,,,,
mlb,mlb,sr:match:75060834,2026-10-01T00:00Z,Boston Red Sox,New York Yankees,紅襪,洋基,favorite,home,洋基,0.5542,0.5543,1.7143,1.557,est,-0.1371,10.13,2026-09-30T15:01Z,,,,
mlb,mlb,sr:match:75060834,2026-10-01T00:00Z,Boston Red Sox,New York Yankees,紅襪,洋基,model1,away,紅襪,0.4458,0.4457,2.18,1.98,est,-0.1173,10.13,2026-09-30T15:01Z,,,,
mlb,mlb,sr:match:75060834,2026-10-01T00:00Z,Boston Red Sox,New York Yankees,紅襪,洋基,underdog,away,紅襪,0.4458,0.4457,2.18,1.98,est,-0.1173,10.13,2026-09-30T15:01Z,,,,
mlb,mlb,sr:match:75060866,2026-10-01T02:00Z,Chicago Cubs,San Diego Padres,小熊,教士,favorite,home,教士,0.5562,0.5562,1.7353,1.576,est,-0.1234,12.13,2026-09-30T15:01Z,,,,
mlb,mlb,sr:match:75060866,2026-10-01T02:00Z,Chicago Cubs,San Diego Padres,小熊,教士,model1,home,教士,0.5562,0.5562,1.7353,1.576,est,-0.1234,12.13,2026-09-30T15:01Z,,,,
mlb,mlb,sr:match:75060866,2026-10-01T02:00Z,Chicago Cubs,San Diego Padres,小熊,教士,underdog,away,小熊,0.4438,0.4438,2.15,1.953,est,-0.1333,12.13,2026-09-30T15:01Z,,,,
