timestamp_utc,sport,sbd_id,event_id,season_type,game_time_utc,hours_until_game,away_team,home_team,away_abbr,home_abbr,ml_splits_updated,ml_away_bets_pct,ml_away_money_pct,ml_home_bets_pct,ml_home_money_pct,ml_away_odds,ml_home_odds,ml_away_open_odds,ml_home_open_odds,ml_away_novig_prob,ml_home_novig_prob,sp_splits_updated,sp_away_bets_pct,sp_away_money_pct,sp_home_bets_pct,sp_home_money_pct,sp_away_line,sp_away_open_line,sp_away_odds,sp_home_odds,ou_splits_updated,ou_over_bets_pct,ou_over_money_pct,ou_under_bets_pct,ou_under_money_pct,ou_line,ou_open_line,ou_over_odds,ou_under_odds,books_count
2026-09-27T14:14:14.649952+00:00,mlb,sr:match:63299349,,regular,2026-09-27T17:05:00+00:00,2.85,Orioles,Yankees,BAL,NYY,2026-09-27T12:10:42.786Z,18.04,19.73,81.96,80.27,2.1,1.7519,2.18,1.7092,0.4548,0.5452,2026-09-27T12:10:42.786Z,24.92,10.11,75.08,89.89,1.5,1.5,1.5208,2.58,2026-09-27T12:10:42.786Z,82.92,80.56,17.08,19.44,7.5,8.5,2.04,1.8,3
2026-09-27T14:14:14.649952+00:00,mlb,sr:match:63303387,,regular,2026-09-27T17:05:00+00:00,2.85,Mets,Nationals,NYM,WSH,2026-09-27T12:10:43.576Z,67.08,82.45,32.92,17.55,1.9091,1.9091,1.9091,1.9091,0.5,0.5,2026-09-27T12:10:43.576Z,71.48,96.81,28.52,3.19,-1.5,-1.5,2.5,1.5495,2026-09-27T12:10:43.576Z,84.95,87.59,15.05,12.41,8.5,8.5,1.9615,1.8333,3
2026-09-27T14:14:14.649952+00:00,mlb,sr:match:63299339,,regular,2026-09-27T19:05:00+00:00,4.85,Rays,Phillies,TB,PHI,2026-09-27T13:10:41.602Z,36.99,51.16,63.01,48.84,2.4,1.5917,2.11,1.7463,0.3988,0.6012,2026-09-27T13:10:41.603Z,31.87,16.96,68.13,83.04,1.5,1.5,1.5952,2.39,2026-09-27T13:10:41.603Z,80.39,82.6,19.61,17.4,6.5,7.5,1.8475,1.9804,3
2026-09-27T14:14:14.649952+00:00,mlb,sr:match:63301251,,regular,2026-09-27T19:05:00+00:00,4.85,Cubs,Red Sox,CHC,BOS,2026-09-27T13:10:41.552Z,67.41,26.64,32.59,73.36,1.8065,2.03,1.8065,2.05,0.5291,0.4709,2026-09-27T13:10:41.552Z,64.38,77.91,35.62,22.09,-1.5,-1.5,2.38,1.5988,2026-09-27T13:10:41.552Z,89.52,89.99,10.48,10.01,7.5,7.5,1.9091,1.9091,3
2026-09-27T14:14:14.649952+00:00,mlb,sr:match:63302997,,regular,2026-09-27T19:05:00+00:00,4.85,Astros,Athletics,HOU,ATH,2026-09-27T13:10:42.193Z,90.23,97.38,9.77,2.62,1.5376,2.53,1.5814,2.44,0.622,0.378,2026-09-27T13:10:42.193Z,85.94,96.28,14.06,3.72,-1.5,-1.5,1.8475,1.9804,2026-09-27T13:10:42.193Z,82.75,88.83,17.25,11.17,9.5,9.5,1.8475,1.9615,3
2026-09-27T14:14:14.649952+00:00,mlb,sr:match:63303319,,regular,2026-09-27T19:05:00+00:00,4.85,Dodgers,Giants,LAD,SF,2026-09-27T13:10:42.449Z,94.37,89.82,5.63,10.18,1.4049,3.0,1.3846,3.15,0.6811,0.3189,,,,,,-1.5,1.5,1.6849,2.2,2026-09-27T13:10:42.449Z,77.13,79.79,22.87,20.21,8.0,8.5,1.9091,1.9091,3
2026-09-27T14:14:14.649952+00:00,mlb,sr:match:63301803,,regular,2026-09-27T19:07:00+00:00,4.88,Reds,Blue Jays,CIN,TOR,2026-09-27T13:10:43.192Z,26.62,78.55,73.38,21.45,2.5,1.5587,2.45,1.5714,0.384,0.616,2026-09-27T13:10:43.192Z,34.99,55.18,65.01,44.82,1.5,1.5,1.7194,2.15,2026-09-27T13:10:43.192Z,86.85,89.14,13.15,10.86,8.5,8.5,1.8475,1.9804,3
2026-09-27T14:14:14.649952+00:00,mlb,sr:match:63299155,,regular,2026-09-27T19:10:00+00:00,4.93,Cardinals,Brewers,STL,MIL,2026-09-27T12:10:42.759Z,8.45,11.9,91.55,88.1,3.0,1.4016,2.9,1.4202,0.3184,0.6816,2026-09-27T12:10:42.759Z,14.97,10.1,85.03,89.9,1.5,1.5,1.8475,1.9804,2026-09-27T12:10:42.759Z,88.18,91.03,11.82,8.97,7.0,7.0,2.0,1.8333,3
2026-09-27T14:14:14.649952+00:00,mlb,sr:match:63299379,,regular,2026-09-27T19:10:00+00:00,4.93,Diamondbacks,Padres,AZ,SD,2026-09-27T13:10:41.652Z,58.57,84.46,41.43,15.54,1.6993,2.2,1.7634,2.08,0.5642,0.4358,2026-09-27T13:10:41.652Z,65.54,94.74,34.46,5.26,-1.5,-1.5,2.18,1.6993,2026-09-27T13:10:41.652Z,73.73,78.55,26.27,21.45,8.0,8.0,1.9615,1.8696,3
2026-09-27T14:14:14.649952+00:00,mlb,sr:match:63301805,,regular,2026-09-27T19:10:00+00:00,4.93,Pirates,Tigers,PIT,DET,2026-09-27T12:10:41.613Z,61.2,68.56,38.8,31.44,1.7519,2.1,1.7353,2.13,0.5452,0.4548,2026-09-27T12:10:41.613Z,66.67,89.97,33.33,10.03,-1.5,-1.5,2.28,1.6494,2026-09-27T12:10:41.613Z,87.71,88.4,12.29,11.6,8.0,8.5,1.9524,1.8696,3
2026-09-27T14:14:14.649952+00:00,mlb,sr:match:63301953,,regular,2026-09-27T19:10:00+00:00,4.93,Angels,Mariners,LAA,SEA,2026-09-27T12:10:42.464Z,16.68,23.53,83.32,76.47,2.5,1.5618,2.5,1.5495,0.3845,0.6155,2026-09-27T12:10:42.464Z,14.79,12.05,85.21,87.95,1.5,1.5,1.6711,2.25,2026-09-27T12:10:42.464Z,80.76,88.83,19.24,11.17,7.0,7.5,1.8929,1.9346,3
2026-09-27T14:14:14.649952+00:00,mlb,sr:match:63302471,,regular,2026-09-27T19:10:00+00:00,4.93,Rangers,Twins,TEX,MIN,2026-09-27T12:10:42.446Z,68.87,24.88,31.13,75.12,1.7937,2.05,1.8,2.05,0.5333,0.4667,2026-09-27T12:10:42.446Z,70.74,86.19,29.26,13.81,-1.5,-1.5,2.32,1.625,2026-09-27T12:10:42.446Z,71.52,72.3,28.48,27.7,8.5,8.5,1.9615,1.8197,3
2026-09-27T14:14:14.649952+00:00,mlb,sr:match:63302721,,regular,2026-09-27T19:10:00+00:00,4.93,Guardians,Royals,CLE,KC,2026-09-27T12:10:42.737Z,84.69,88.31,15.31,11.69,1.7194,2.15,1.6711,2.25,0.5556,0.4444,2026-09-27T12:10:42.737Z,86.56,98.09,13.44,1.91,-1.5,-1.5,2.2,1.6993,2026-09-27T12:10:42.737Z,89.11,90.17,10.89,9.83,8.5,8.5,1.9091,1.9091,3
2026-09-27T14:14:14.649952+00:00,mlb,sr:match:63302783,,regular,2026-09-27T19:10:00+00:00,4.93,Braves,Marlins,ATL,MIA,2026-09-27T12:10:43.402Z,68.8,79.49,31.2,20.51,1.9804,1.8621,1.9091,1.9091,0.4846,0.5154,2026-09-27T12:10:43.402Z,68.56,94.86,31.44,5.14,-1.5,-1.5,2.67,1.4902,2026-09-27T12:10:43.402Z,87.91,90.15,12.09,9.85,8.5,8.5,1.9524,1.8696,3
2026-09-27T14:14:14.649952+00:00,mlb,sr:match:63303703,,regular,2026-09-27T19:10:00+00:00,4.93,Rockies,White Sox,COL,CWS,2026-09-27T13:10:42.981Z,9.74,28.15,90.26,71.85,2.7,1.4808,2.8,1.4525,0.3542,0.6458,2026-09-27T13:10:42.981Z,10.38,4.79,89.62,95.21,1.5,1.5,1.8333,2.0,2026-09-27T13:10:42.981Z,91.7,93.8,8.3,6.2,8.5,8.5,1.9524,1.8696,3
2026-09-27T15:08:32.411565+00:00,mlb,sr:match:63299349,,regular,2026-09-27T17:05:00+00:00,1.94,Orioles,Yankees,BAL,NYY,2026-09-27T14:10:43.397Z,20.26,32.49,79.74,67.51,2.02,1.8231,2.175,1.722,0.4744,0.5256,2026-09-27T14:10:43.397Z,24.3,12.21,75.7,87.79,1.5,1.5,1.5232,2.575,2026-09-27T14:10:43.397Z,89.62,89.36,10.38,10.64,7.5,8.5,2.025,1.8231,6
2026-09-27T15:08:32.411565+00:00,mlb,sr:match:63303387,,regular,2026-09-27T17:05:00+00:00,1.94,Mets,Nationals,NYM,WSH,2026-09-27T14:10:42.352Z,67.62,74.18,32.38,25.82,1.9091,1.9175,1.8893,1.9391,0.5011,0.4989,2026-09-27T14:10:42.352Z,74.4,92.2,25.6,7.8,-1.5,-1.5,2.54,1.545,2026-09-27T14:10:42.352Z,86.6,89.67,13.4,10.33,8.5,8.5,2.0,1.8333,6
2026-09-27T16:07:44.769083+00:00,mlb,sr:match:63299349,,regular,2026-09-27T17:05:00+00:00,0.95,Orioles,Yankees,BAL,NYY,2026-09-27T15:10:41.673Z,20.95,31.19,79.05,68.81,2.02,1.8231,2.175,1.722,0.4744,0.5256,2026-09-27T15:10:41.673Z,23.17,13.02,76.83,86.98,-1.5,1.5,2.645,1.5,2026-09-27T15:10:41.673Z,90.63,91.43,9.37,8.57,7.5,8.5,2.01,1.8298,6
2026-09-27T16:07:44.769083+00:00,mlb,sr:match:63303387,,regular,2026-09-27T17:05:00+00:00,0.95,Mets,Nationals,NYM,WSH,2026-09-27T15:10:42.298Z,67.62,72.21,32.38,27.79,1.8929,1.9435,1.8893,1.9391,0.5066,0.4934,2026-09-27T15:10:42.298Z,73.83,91.35,26.17,8.65,-1.5,-1.5,2.5,1.5526,2026-09-27T15:10:42.298Z,88.9,93.84,11.1,6.16,8.5,8.5,1.9808,1.8333,6
2026-09-27T16:07:44.769083+00:00,mlb,sr:match:63299339,,regular,2026-09-27T18:30:00+00:00,2.37,Rays,Phillies,TB,PHI,2026-09-27T15:10:43.185Z,36.07,49.93,63.93,50.07,2.45,1.5747,2.13,1.7435,0.3913,0.6087,2026-09-27T15:10:43.185Z,29.97,12.4,70.03,87.6,1.5,1.5,1.6173,2.355,2026-09-27T15:10:43.185Z,85.46,86.91,14.54,13.09,6.5,7.5,1.8475,1.9709,6
2026-09-27T16:07:44.769083+00:00,mlb,sr:match:63301251,,regular,2026-09-27T19:05:00+00:00,2.95,Cubs,Red Sox,CHC,BOS,2026-09-27T15:10:41.073Z,67.2,37.58,32.8,62.42,1.8097,2.05,1.8033,2.05,0.5311,0.4689,2026-09-27T15:10:41.073Z,64.11,83.93,35.89,16.07,-1.5,-1.5,2.38,1.6043,2026-09-27T15:10:41.073Z,93.5,93.58,6.5,6.42,7.5,7.5,1.9524,1.8734,6
2026-09-27T16:07:44.769083+00:00,mlb,sr:match:63302997,,regular,2026-09-27T19:05:00+00:00,2.95,Astros,Athletics,HOU,ATH,2026-09-27T15:10:42.939Z,89.86,95.97,10.14,4.03,1.5263,2.59,1.5848,2.445,0.6292,0.3708,2026-09-27T15:10:42.939Z,87.38,92.94,12.62,7.06,-1.5,-1.5,1.8333,2.0,2026-09-27T15:10:42.939Z,85.76,90.57,14.24,9.43,10.0,9.5,1.9524,1.8734,6
2026-09-27T16:07:44.769083+00:00,mlb,sr:match:63303319,,regular,2026-09-27T19:05:00+00:00,2.95,Dodgers,Giants,LAD,SF,2026-09-27T15:10:42.561Z,94.58,90.18,5.42,9.82,1.4,3.025,1.3846,3.125,0.6836,0.3164,,,,,,-1.5,-1.5,1.7018,2.18,2026-09-27T15:10:42.561Z,76.74,81.66,23.26,18.34,8.5,8.5,1.9524,1.8696,6
2026-09-27T16:07:44.769083+00:00,mlb,sr:match:63301803,,regular,2026-09-27T19:07:00+00:00,2.99,Reds,Blue Jays,CIN,TOR,2026-09-27T15:10:42.290Z,27.59,70.64,72.41,29.36,2.46,1.5635,2.5,1.565,0.3886,0.6114,2026-09-27T15:10:42.290Z,36.63,51.37,63.37,48.63,1.5,1.5,1.7247,2.15,2026-09-27T15:10:42.290Z,88.79,91.19,11.21,8.81,8.5,8.5,1.8696,1.9524,6
2026-09-27T16:07:44.769083+00:00,mlb,sr:match:63299155,,regular,2026-09-27T19:10:00+00:00,3.04,Cardinals,Brewers,STL,MIL,2026-09-27T15:10:42.386Z,8.6,10.99,91.4,89.01,2.695,1.4878,2.975,1.4142,0.3557,0.6443,2026-09-27T15:10:42.386Z,14.57,10.68,85.43,89.32,1.5,1.5,1.7663,2.09,2026-09-27T15:10:42.386Z,85.7,90.4,14.3,9.6,7.0,7.0,1.9717,1.8333,6
2026-09-27T16:07:44.769083+00:00,mlb,sr:match:63299379,,regular,2026-09-27T19:10:00+00:00,3.04,Diamondbacks,Padres,AZ,SD,2026-09-27T15:10:41.528Z,59.57,70.65,40.43,29.35,1.6968,2.21,1.7906,2.08,0.5657,0.4343,2026-09-27T15:10:41.528Z,67.83,91.8,32.17,8.2,-1.5,-1.5,2.18,1.7143,2026-09-27T15:10:41.528Z,81.38,86.54,18.62,13.46,8.0,8.5,1.9569,1.8696,6
2026-09-27T16:07:44.769083+00:00,mlb,sr:match:63301805,,regular,2026-09-27T19:10:00+00:00,3.04,Pirates,Tigers,PIT,DET,2026-09-27T15:10:41.935Z,60.69,65.41,39.31,34.59,1.8404,2.0,1.7578,2.115,0.5208,0.4792,2026-09-27T15:10:41.935Z,64.52,86.43,35.48,13.57,-1.5,-1.5,2.425,1.5848,2026-09-27T15:10:41.935Z,91.85,91.97,8.15,8.03,8.0,8.5,1.9531,1.8475,6
2026-09-27T16:07:44.769083+00:00,mlb,sr:match:63301953,,regular,2026-09-27T19:10:00+00:00,3.04,Angels,Mariners,LAA,SEA,2026-09-27T15:10:43.257Z,16.34,16.21,83.66,83.79,2.395,1.597,2.525,1.545,0.4001,0.5999,2026-09-27T15:10:43.257Z,15.42,7.25,84.58,92.75,1.5,1.5,1.6231,2.34,2026-09-27T15:10:43.257Z,81.52,89.86,18.48,10.14,7.5,7.5,1.9795,1.8451,6
2026-09-27T16:07:44.769083+00:00,mlb,sr:match:63302471,,regular,2026-09-27T19:10:00+00:00,3.04,Rangers,Twins,TEX,MIN,2026-09-27T15:10:42.544Z,67.73,35.82,32.27,64.18,1.8659,1.9664,1.8,2.05,0.5131,0.4869,2026-09-27T15:10:42.544Z,72.71,90,27.29,10,-1.5,-1.5,2.415,1.5882,2026-09-27T15:10:42.544Z,76.35,82.26,23.65,17.74,8.0,8.5,1.9348,1.8894,6
2026-09-27T16:07:44.769083+00:00,mlb,sr:match:63302721,,regular,2026-09-27T19:10:00+00:00,3.04,Guardians,Royals,CLE,KC,2026-09-27T15:10:42.151Z,82.27,86.07,17.73,13.93,1.8929,1.9303,1.6734,2.245,0.5049,0.4951,2026-09-27T15:10:42.151Z,87.34,88.94,12.66,11.06,-1.5,-1.5,2.435,1.5882,2026-09-27T15:10:42.151Z,93.12,93.95,6.88,6.05,8.5,8.5,1.9133,1.9091,6
2026-09-27T16:07:44.769083+00:00,mlb,sr:match:63302783,,regular,2026-09-27T19:10:00+00:00,3.04,Braves,Marlins,ATL,MIA,2026-09-27T15:10:41.562Z,65.64,58.8,34.36,41.2,2.0,1.844,1.9091,1.9175,0.4797,0.5203,2026-09-27T15:10:41.562Z,62.38,56.13,37.62,43.87,-1.5,-1.5,2.685,1.489,2026-09-27T15:10:41.562Z,90.46,85.49,9.54,14.51,8.5,8.5,1.995,1.8368,6
2026-09-27T16:07:44.769083+00:00,mlb,sr:match:63303703,,regular,2026-09-27T19:10:00+00:00,3.04,Rockies,White Sox,COL,CWS,2026-09-27T15:10:41.548Z,9.85,20.21,90.15,79.79,2.395,1.597,2.8,1.4577,0.4001,0.5999,2026-09-27T15:10:41.548Z,10.75,5.96,89.25,94.04,1.5,1.5,1.6993,2.2,2026-09-27T15:10:41.548Z,93.82,95.71,6.18,4.29,8.5,8.5,1.9175,1.9091,6
2026-09-27T16:39:26.133692+00:00,mlb,sr:match:63299349,,regular,2026-09-27T17:05:00+00:00,0.43,Orioles,Yankees,BAL,NYY,2026-09-27T15:10:41.673Z,20.95,31.19,79.05,68.81,2.02,1.8231,2.175,1.722,0.4744,0.5256,2026-09-27T15:10:41.673Z,23.17,13.02,76.83,86.98,-1.5,1.5,2.645,1.5,2026-09-27T15:10:41.673Z,90.63,91.43,9.37,8.57,7.5,8.5,2.0,1.8333,6
2026-09-27T16:39:26.133692+00:00,mlb,sr:match:63303387,,regular,2026-09-27T17:05:00+00:00,0.43,Mets,Nationals,NYM,WSH,2026-09-27T15:10:42.298Z,67.62,72.21,32.38,27.79,1.8813,1.9435,1.8893,1.9391,0.5081,0.4919,2026-09-27T15:10:42.298Z,73.83,91.35,26.17,8.65,-1.5,-1.5,2.5,1.5526,2026-09-27T15:10:42.298Z,88.9,93.84,11.1,6.16,8.5,8.5,2.0,1.8333,6
2026-09-27T16:39:26.133692+00:00,mlb,sr:match:63299339,,regular,2026-09-27T18:30:00+00:00,1.84,Rays,Phillies,TB,PHI,2026-09-27T16:10:43.452Z,35.27,46.96,64.73,53.04,2.525,1.5495,2.13,1.7435,0.3803,0.6197,2026-09-27T16:10:43.452Z,30.64,15.03,69.36,84.97,1.5,1.5,1.641,2.31,2026-09-27T16:10:43.452Z,84.98,86.85,15.02,13.15,6.5,7.5,1.9303,1.8971,6
2026-09-27T16:39:26.133692+00:00,mlb,sr:match:63301251,,regular,2026-09-27T19:05:00+00:00,2.43,Cubs,Red Sox,CHC,BOS,2026-09-27T16:10:41.918Z,67.45,41.57,32.55,58.43,1.8368,2.0,1.8033,2.05,0.5213,0.4787,2026-09-27T16:10:41.918Z,62.38,79.46,37.62,20.54,-1.5,-1.5,2.415,1.5899,2026-09-27T16:10:41.918Z,92.89,92.64,7.11,7.36,7.5,7.5,1.9349,1.8891,6
2026-09-27T16:39:26.133692+00:00,mlb,sr:match:63302997,,regular,2026-09-27T19:05:00+00:00,2.43,Astros,Athletics,HOU,ATH,2026-09-27T16:10:42.623Z,90.16,95.88,9.84,4.12,1.509,2.61,1.5848,2.445,0.6336,0.3664,2026-09-27T16:10:42.623Z,87.04,91.89,12.96,8.11,-1.5,-1.5,1.8333,2.0,2026-09-27T16:10:42.623Z,86.32,91.39,13.68,8.61,10.0,9.5,1.9091,1.9091,6
2026-09-27T16:39:26.133692+00:00,mlb,sr:match:63303319,,regular,2026-09-27T19:05:00+00:00,2.43,Dodgers,Giants,LAD,SF,2026-09-27T16:10:42.435Z,94.08,86.11,5.92,13.89,1.4,3.025,1.3846,3.125,0.6836,0.3164,2026-09-27T16:10:42.435Z,78.14,84.45,21.86,15.55,-1.5,-1.5,1.6993,2.185,2026-09-27T16:10:42.435Z,74.94,80.53,25.06,19.47,8.5,8.5,1.9524,1.8696,6
2026-09-27T16:39:26.133692+00:00,mlb,sr:match:63301803,,regular,2026-09-27T19:07:00+00:00,2.46,Reds,Blue Jays,CIN,TOR,2026-09-27T16:10:42.361Z,27.42,71.35,72.58,28.65,2.46,1.5635,2.5,1.565,0.3886,0.6114,2026-09-27T16:10:42.361Z,37.82,45.25,62.18,54.75,1.5,1.5,1.7194,2.165,2026-09-27T16:10:42.361Z,88.95,91.32,11.05,8.68,8.5,8.5,1.8696,1.9524,6
2026-09-27T16:39:26.133692+00:00,mlb,sr:match:63299155,,regular,2026-09-27T19:10:00+00:00,2.51,Cardinals,Brewers,STL,MIL,2026-09-27T15:10:42.386Z,8.6,10.99,91.4,89.01,2.725,1.4843,2.975,1.4142,0.3526,0.6474,2026-09-27T15:10:42.386Z,14.57,10.68,85.43,89.32,1.5,1.5,1.7692,2.1,2026-09-27T15:10:42.386Z,85.7,90.4,14.3,9.6,6.5,7.0,1.8762,1.9416,6
2026-09-27T16:39:26.133692+00:00,mlb,sr:match:63299379,,regular,2026-09-27T19:10:00+00:00,2.51,Diamondbacks,Padres,AZ,SD,2026-09-27T16:10:41.701Z,60.06,68.41,39.94,31.59,1.6389,2.31,1.7906,2.08,0.585,0.415,2026-09-27T16:10:41.701Z,66.46,87.25,33.54,12.75,-1.5,-1.5,2.145,1.7353,2026-09-27T16:10:41.701Z,82.81,87.59,17.19,12.41,8.0,8.5,1.9148,1.8696,6
2026-09-27T16:39:26.133692+00:00,mlb,sr:match:63301805,,regular,2026-09-27T19:10:00+00:00,2.51,Pirates,Tigers,PIT,DET,2026-09-27T15:10:41.935Z,60.69,65.41,39.31,34.59,1.8404,2.0,1.7578,2.115,0.5208,0.4792,2026-09-27T15:10:41.935Z,64.52,86.43,35.48,13.57,-1.5,-1.5,2.425,1.5848,2026-09-27T15:10:41.935Z,91.85,91.97,8.15,8.03,8.0,8.5,1.9391,1.8404,6
2026-09-27T16:39:26.133692+00:00,mlb,sr:match:63301953,,regular,2026-09-27T19:10:00+00:00,2.51,Angels,Mariners,LAA,SEA,2026-09-27T15:10:43.257Z,16.34,16.21,83.66,83.79,2.39,1.6025,2.525,1.545,0.4014,0.5986,2026-09-27T15:10:43.257Z,15.42,7.25,84.58,92.75,1.5,1.5,1.6231,2.34,2026-09-27T15:10:43.257Z,81.52,89.86,18.48,10.14,7.0,7.5,1.9524,1.8734,6
2026-09-27T16:39:26.133692+00:00,mlb,sr:match:63302471,,regular,2026-09-27T19:10:00+00:00,2.51,Rangers,Twins,TEX,MIN,2026-09-27T15:10:42.544Z,67.73,35.82,32.27,64.18,1.8621,1.9804,1.8,2.05,0.5154,0.4846,2026-09-27T15:10:42.544Z,72.71,90,27.29,10,-1.5,-1.5,2.415,1.5882,2026-09-27T15:10:42.544Z,76.35,82.26,23.65,17.74,8.5,8.5,2.0,1.8264,5
2026-09-27T16:39:26.133692+00:00,mlb,sr:match:63302721,,regular,2026-09-27T19:10:00+00:00,2.51,Guardians,Royals,CLE,KC,2026-09-27T15:10:42.151Z,82.27,86.07,17.73,13.93,1.8929,1.9303,1.6734,2.245,0.5049,0.4951,2026-09-27T15:10:42.151Z,87.34,88.94,12.66,11.06,-1.5,-1.5,2.435,1.5882,2026-09-27T15:10:42.151Z,93.12,93.95,6.88,6.05,8.5,8.5,1.9133,1.9091,6
2026-09-27T16:39:26.133692+00:00,mlb,sr:match:63302783,,regular,2026-09-27T19:10:00+00:00,2.51,Braves,Marlins,ATL,MIA,2026-09-27T15:10:41.562Z,65.64,58.8,34.36,41.2,2.075,1.7752,1.9091,1.9175,0.4611,0.5389,2026-09-27T15:10:41.562Z,62.38,56.13,37.62,43.87,1.5,-1.5,1.5183,2.605,2026-09-27T15:10:41.562Z,90.46,85.49,9.54,14.51,8.5,8.5,1.9756,1.8201,6
2026-09-27T16:39:26.133692+00:00,mlb,sr:match:63303703,,regular,2026-09-27T19:10:00+00:00,2.51,Rockies,White Sox,COL,CWS,2026-09-27T16:10:43.334Z,9.73,17.46,90.27,82.54,2.385,1.6025,2.8,1.4577,0.4019,0.5981,2026-09-27T16:10:43.334Z,11.39,6.2,88.61,93.8,1.5,1.5,1.678,2.23,2026-09-27T16:10:43.334Z,94.16,95.97,5.84,4.03,8.5,8.5,1.9617,1.8621,6
2026-09-27T17:06:59.816272+00:00,mlb,sr:match:63299339,,regular,2026-09-27T18:30:00+00:00,1.38,Rays,Phillies,TB,PHI,2026-09-27T16:10:43.452Z,35.27,46.96,64.73,53.04,2.525,1.5495,2.13,1.7435,0.3803,0.6197,2026-09-27T16:10:43.452Z,30.64,15.03,69.36,84.97,1.5,1.5,1.641,2.31,2026-09-27T16:10:43.452Z,84.98,86.85,15.02,13.15,6.5,7.5,1.9303,1.8971,6
2026-09-27T17:06:59.816272+00:00,mlb,sr:match:63301251,,regular,2026-09-27T19:05:00+00:00,1.97,Cubs,Red Sox,CHC,BOS,2026-09-27T16:10:41.918Z,67.45,41.57,32.55,58.43,1.8368,2.0,1.8033,2.05,0.5213,0.4787,2026-09-27T16:10:41.918Z,62.38,79.46,37.62,20.54,-1.5,-1.5,2.415,1.5899,2026-09-27T16:10:41.918Z,92.89,92.64,7.11,7.36,7.5,7.5,1.9349,1.8891,6
2026-09-27T17:06:59.816272+00:00,mlb,sr:match:63302997,,regular,2026-09-27T19:05:00+00:00,1.97,Astros,Athletics,HOU,ATH,2026-09-27T16:10:42.623Z,90.16,95.88,9.84,4.12,1.509,2.61,1.5848,2.445,0.6336,0.3664,2026-09-27T16:10:42.623Z,87.04,91.89,12.96,8.11,-1.5,-1.5,1.8333,2.0,2026-09-27T16:10:42.623Z,86.32,91.39,13.68,8.61,10.0,9.5,1.9091,1.9091,6
2026-09-27T17:06:59.816272+00:00,mlb,sr:match:63303319,,regular,2026-09-27T19:05:00+00:00,1.97,Dodgers,Giants,LAD,SF,2026-09-27T16:10:42.435Z,94.08,86.11,5.92,13.89,1.4,3.025,1.3846,3.125,0.6836,0.3164,2026-09-27T16:10:42.435Z,78.14,84.45,21.86,15.55,-1.5,-1.5,1.6993,2.185,2026-09-27T16:10:42.435Z,74.94,80.53,25.06,19.47,8.5,8.5,1.9524,1.8696,6
2026-09-27T17:06:59.816272+00:00,mlb,sr:match:63301803,,regular,2026-09-27T19:07:00+00:00,2.0,Reds,Blue Jays,CIN,TOR,2026-09-27T16:10:42.361Z,27.42,71.35,72.58,28.65,2.46,1.5635,2.5,1.565,0.3886,0.6114,2026-09-27T16:10:42.361Z,37.82,45.25,62.18,54.75,1.5,1.5,1.7194,2.165,2026-09-27T16:10:42.361Z,88.95,91.32,11.05,8.68,8.5,8.5,1.8696,1.9524,6
2026-09-27T17:06:59.816272+00:00,mlb,sr:match:63299155,,regular,2026-09-27T19:10:00+00:00,2.05,Cardinals,Brewers,STL,MIL,2026-09-27T15:10:42.386Z,8.6,10.99,91.4,89.01,2.725,1.4843,2.975,1.4142,0.3526,0.6474,2026-09-27T15:10:42.386Z,14.57,10.68,85.43,89.32,1.5,1.5,1.7692,2.1,2026-09-27T15:10:42.386Z,85.7,90.4,14.3,9.6,6.5,7.0,1.8762,1.9416,6
2026-09-27T17:06:59.816272+00:00,mlb,sr:match:63299379,,regular,2026-09-27T19:10:00+00:00,2.05,Diamondbacks,Padres,AZ,SD,2026-09-27T16:10:41.701Z,60.06,68.41,39.94,31.59,1.6389,2.31,1.7906,2.08,0.585,0.415,2026-09-27T16:10:41.701Z,66.46,87.25,33.54,12.75,-1.5,-1.5,2.145,1.7353,2026-09-27T16:10:41.701Z,82.81,87.59,17.19,12.41,8.0,8.5,1.9148,1.8696,6
2026-09-27T17:06:59.816272+00:00,mlb,sr:match:63301805,,regular,2026-09-27T19:10:00+00:00,2.05,Pirates,Tigers,PIT,DET,2026-09-27T15:10:41.935Z,60.69,65.41,39.31,34.59,1.8404,2.0,1.7578,2.115,0.5208,0.4792,2026-09-27T15:10:41.935Z,64.52,86.43,35.48,13.57,-1.5,-1.5,2.425,1.5848,2026-09-27T15:10:41.935Z,91.85,91.97,8.15,8.03,8.0,8.5,1.9391,1.8404,6
2026-09-27T17:06:59.816272+00:00,mlb,sr:match:63301953,,regular,2026-09-27T19:10:00+00:00,2.05,Angels,Mariners,LAA,SEA,2026-09-27T15:10:43.257Z,16.34,16.21,83.66,83.79,2.39,1.6025,2.525,1.545,0.4014,0.5986,2026-09-27T15:10:43.257Z,15.42,7.25,84.58,92.75,1.5,1.5,1.6231,2.34,2026-09-27T15:10:43.257Z,81.52,89.86,18.48,10.14,7.0,7.5,1.9524,1.8734,6
2026-09-27T17:06:59.816272+00:00,mlb,sr:match:63302471,,regular,2026-09-27T19:10:00+00:00,2.05,Rangers,Twins,TEX,MIN,2026-09-27T15:10:42.544Z,67.73,35.82,32.27,64.18,1.8621,1.9804,1.8,2.05,0.5154,0.4846,2026-09-27T15:10:42.544Z,72.71,90,27.29,10,-1.5,-1.5,2.415,1.5882,2026-09-27T15:10:42.544Z,76.35,82.26,23.65,17.74,8.5,8.5,2.0,1.8264,5
2026-09-27T17:06:59.816272+00:00,mlb,sr:match:63302721,,regular,2026-09-27T19:10:00+00:00,2.05,Guardians,Royals,CLE,KC,2026-09-27T15:10:42.151Z,82.27,86.07,17.73,13.93,1.8929,1.9303,1.6734,2.245,0.5049,0.4951,2026-09-27T15:10:42.151Z,87.34,88.94,12.66,11.06,-1.5,-1.5,2.435,1.5882,2026-09-27T15:10:42.151Z,93.12,93.95,6.88,6.05,8.5,8.5,1.9133,1.9091,6
2026-09-27T17:06:59.816272+00:00,mlb,sr:match:63302783,,regular,2026-09-27T19:10:00+00:00,2.05,Braves,Marlins,ATL,MIA,2026-09-27T15:10:41.562Z,65.64,58.8,34.36,41.2,2.075,1.7752,1.9091,1.9175,0.4611,0.5389,2026-09-27T15:10:41.562Z,62.38,56.13,37.62,43.87,1.5,-1.5,1.5183,2.605,2026-09-27T15:10:41.562Z,90.46,85.49,9.54,14.51,8.5,8.5,1.9756,1.8201,6
2026-09-27T17:06:59.816272+00:00,mlb,sr:match:63303703,,regular,2026-09-27T19:10:00+00:00,2.05,Rockies,White Sox,COL,CWS,2026-09-27T16:10:43.334Z,9.73,17.46,90.27,82.54,2.385,1.6025,2.8,1.4577,0.4019,0.5981,2026-09-27T16:10:43.334Z,11.39,6.2,88.61,93.8,1.5,1.5,1.678,2.23,2026-09-27T16:10:43.334Z,94.16,95.97,5.84,4.03,8.5,8.5,1.9617,1.8621,6
2026-09-27T17:37:41.565621+00:00,mlb,sr:match:63299339,,regular,2026-09-27T18:30:00+00:00,0.87,Rays,Phillies,TB,PHI,2026-09-27T16:10:43.452Z,35.27,46.96,64.73,53.04,2.555,1.5379,2.13,1.7435,0.3757,0.6243,2026-09-27T16:10:43.452Z,30.64,15.03,69.36,84.97,1.5,1.5,1.6582,2.275,2026-09-27T16:10:43.452Z,84.98,86.85,15.02,13.15,6.5,7.5,1.9303,1.8929,6
2026-09-27T17:37:41.565621+00:00,mlb,sr:match:63301251,,regular,2026-09-27T19:05:00+00:00,1.46,Cubs,Red Sox,CHC,BOS,2026-09-27T16:10:41.918Z,67.45,41.57,32.55,58.43,1.8585,1.9762,1.8033,2.05,0.5153,0.4847,2026-09-27T16:10:41.918Z,62.38,79.46,37.62,20.54,-1.5,-1.5,2.415,1.5865,2026-09-27T16:10:41.918Z,92.89,92.64,7.11,7.36,7.5,7.5,1.926,1.8891,6
2026-09-27T17:37:41.565621+00:00,mlb,sr:match:63302997,,regular,2026-09-27T19:05:00+00:00,1.46,Astros,Athletics,HOU,ATH,2026-09-27T16:10:42.623Z,90.16,95.88,9.84,4.12,1.509,2.61,1.5848,2.445,0.6336,0.3664,2026-09-27T16:10:42.623Z,87.04,91.89,12.96,8.11,-1.5,-1.5,1.8333,2.01,2026-09-27T16:10:42.623Z,86.32,91.39,13.68,8.61,10.0,9.5,1.8931,1.9091,6
2026-09-27T17:37:41.565621+00:00,mlb,sr:match:63303319,,regular,2026-09-27T19:05:00+00:00,1.46,Dodgers,Giants,LAD,SF,2026-09-27T16:10:42.435Z,94.08,86.11,5.92,13.89,1.4,3.025,1.3846,3.125,0.6836,0.3164,2026-09-27T16:10:42.435Z,78.14,84.45,21.86,15.55,-1.5,-1.5,1.6993,2.195,2026-09-27T16:10:42.435Z,74.94,80.53,25.06,19.47,8.5,8.5,1.9524,1.8696,6
2026-09-27T17:37:41.565621+00:00,mlb,sr:match:63301803,,regular,2026-09-27T19:07:00+00:00,1.49,Reds,Blue Jays,CIN,TOR,2026-09-27T16:10:42.361Z,27.42,71.35,72.58,28.65,2.415,1.5899,2.5,1.565,0.397,0.603,2026-09-27T16:10:42.361Z,37.82,45.25,62.18,54.75,1.5,1.5,1.7092,2.19,2026-09-27T16:10:42.361Z,88.95,91.32,11.05,8.68,8.5,8.5,1.8696,1.9524,6
2026-09-27T17:37:41.565621+00:00,mlb,sr:match:63299155,,regular,2026-09-27T19:10:00+00:00,1.54,Cardinals,Brewers,STL,MIL,2026-09-27T16:10:41.584Z,8.2,9.89,91.8,90.11,2.725,1.4843,2.975,1.4142,0.3526,0.6474,2026-09-27T16:10:41.584Z,14.24,9.46,85.76,90.54,1.5,1.5,1.8,2.05,2026-09-27T16:10:41.584Z,84.94,89.95,15.06,10.05,7.0,7.0,1.8368,1.9902,6
2026-09-27T17:37:41.565621+00:00,mlb,sr:match:63299379,,regular,2026-09-27T19:10:00+00:00,1.54,Diamondbacks,Padres,AZ,SD,2026-09-27T16:10:41.701Z,60.06,68.41,39.94,31.59,1.6309,2.335,1.7906,2.08,0.5888,0.4112,2026-09-27T16:10:41.701Z,66.46,87.25,33.54,12.75,-1.5,-1.5,2.085,1.7692,2026-09-27T16:10:41.701Z,82.81,87.59,17.19,12.41,8.0,8.5,1.9148,1.8696,6
2026-09-27T17:37:41.565621+00:00,mlb,sr:match:63301805,,regular,2026-09-27T19:10:00+00:00,1.54,Pirates,Tigers,PIT,DET,2026-09-27T16:10:41.597Z,60.21,68.04,39.79,31.96,1.8404,2.0,1.7578,2.115,0.5208,0.4792,2026-09-27T16:10:41.597Z,62.3,87.73,37.7,12.27,-1.5,-1.5,2.425,1.5848,2026-09-27T16:10:41.597Z,92.35,92.7,7.65,7.3,8.0,8.5,1.9391,1.8404,6
2026-09-27T17:37:41.565621+00:00,mlb,sr:match:63301953,,regular,2026-09-27T19:10:00+00:00,1.54,Angels,Mariners,LAA,SEA,2026-09-27T16:10:41.629Z,15.71,15.7,84.29,84.3,2.37,1.6079,2.525,1.545,0.4042,0.5958,2026-09-27T16:10:41.629Z,15.42,6.52,84.58,93.48,1.5,1.5,1.6231,2.345,2026-09-27T16:10:41.629Z,81.23,88.25,18.77,11.75,7.0,7.5,1.9524,1.8734,6
2026-09-27T17:37:41.565621+00:00,mlb,sr:match:63302471,,regular,2026-09-27T19:10:00+00:00,1.54,Rangers,Twins,TEX,MIN,2026-09-27T16:10:43.002Z,67.55,39.37,32.45,60.63,1.8621,1.9804,1.8,2.05,0.5154,0.4846,2026-09-27T16:10:43.002Z,71.96,89.69,28.04,10.31,-1.5,-1.5,2.415,1.5882,2026-09-27T16:10:43.002Z,77.13,82.59,22.87,17.41,8.5,8.5,1.9065,1.9148,5
2026-09-27T17:37:41.565621+00:00,mlb,sr:match:63302721,,regular,2026-09-27T19:10:00+00:00,1.54,Guardians,Royals,CLE,KC,2026-09-27T16:10:42.435Z,82.15,86.42,17.85,13.58,1.9175,1.9091,1.6734,2.245,0.4989,0.5011,2026-09-27T16:10:42.435Z,85.07,89.65,14.93,10.35,-1.5,-1.5,2.45,1.5698,2026-09-27T16:10:42.435Z,93.3,93.66,6.7,6.34,8.0,8.5,1.8893,1.9307,6
2026-09-27T17:37:41.565621+00:00,mlb,sr:match:63302783,,regular,2026-09-27T19:10:00+00:00,1.54,Braves,Marlins,ATL,MIA,2026-09-27T16:10:42.769Z,65.17,61.38,34.83,38.62,2.05,1.7969,1.9091,1.9175,0.4671,0.5329,2026-09-27T16:10:42.769Z,60.2,47.76,39.8,52.24,1.5,-1.5,1.5236,2.58,2026-09-27T16:10:42.769Z,90.32,85.66,9.68,14.34,8.5,8.5,2.01,1.8333,6
2026-09-27T17:37:41.565621+00:00,mlb,sr:match:63303703,,regular,2026-09-27T19:10:00+00:00,1.54,Rockies,White Sox,COL,CWS,2026-09-27T16:10:43.334Z,9.73,17.46,90.27,82.54,2.35,1.6079,2.8,1.4577,0.4063,0.5937,2026-09-27T16:10:43.334Z,11.39,6.2,88.61,93.8,1.5,1.5,1.678,2.235,2026-09-27T16:10:43.334Z,94.16,95.97,5.84,4.03,8.5,8.5,1.9709,1.8511,6
2026-09-27T18:09:02.077051+00:00,mlb,sr:match:63299339,,regular,2026-09-27T18:30:00+00:00,0.35,Rays,Phillies,TB,PHI,2026-09-27T17:10:41.525Z,32.91,42.57,67.09,57.43,2.61,1.5157,2.13,1.7435,0.3674,0.6326,2026-09-27T17:10:41.525Z,31.22,15.64,68.78,84.36,1.5,1.5,1.6712,2.24,2026-09-27T17:10:41.525Z,84.07,86.04,15.93,13.96,6.5,7.5,1.9479,1.8734,6
2026-09-27T18:09:02.077051+00:00,mlb,sr:match:63301251,,regular,2026-09-27T19:05:00+00:00,0.93,Cubs,Red Sox,CHC,BOS,2026-09-27T17:10:42.928Z,67.71,48.56,32.29,51.44,1.8475,1.9902,1.8033,2.05,0.5186,0.4814,2026-09-27T17:10:42.928Z,61.7,83.65,38.3,16.35,-1.5,-1.5,2.44,1.5848,2026-09-27T17:10:42.928Z,91.89,92.61,8.11,7.39,7.5,7.5,1.926,1.8891,6
2026-09-27T18:09:02.077051+00:00,mlb,sr:match:63302997,,regular,2026-09-27T19:05:00+00:00,0.93,Astros,Athletics,HOU,ATH,2026-09-27T17:10:41.734Z,91.01,95.89,8.99,4.11,1.5026,2.635,1.5848,2.445,0.6368,0.3632,2026-09-27T17:10:41.734Z,86.69,91.55,13.31,8.45,-1.5,-1.5,1.8199,2.025,2026-09-27T17:10:41.734Z,85.55,92.06,14.45,7.94,10.0,9.5,1.8931,1.9091,6
2026-09-27T18:09:02.077051+00:00,mlb,sr:match:63303319,,regular,2026-09-27T19:05:00+00:00,0.93,Dodgers,Giants,LAD,SF,2026-09-27T17:10:42.147Z,93.83,86.41,6.17,13.59,1.4,3.025,1.3846,3.125,0.6836,0.3164,2026-09-27T17:10:42.147Z,78.14,82.96,21.86,17.04,-1.5,-1.5,1.6993,2.185,2026-09-27T17:10:42.147Z,72.57,79.01,27.43,20.99,8.5,8.5,1.9524,1.8696,6
2026-09-27T18:09:02.077051+00:00,mlb,sr:match:63301803,,regular,2026-09-27T19:07:00+00:00,0.97,Reds,Blue Jays,CIN,TOR,2026-09-27T17:10:42.275Z,26.35,69.39,73.65,30.61,2.415,1.5899,2.5,1.565,0.397,0.603,2026-09-27T17:10:42.275Z,39.72,42.62,60.28,57.38,1.5,1.5,1.7092,2.19,2026-09-27T17:10:42.275Z,88.95,91.8,11.05,8.2,8.5,8.5,1.8696,1.9524,6
2026-09-27T18:09:02.077051+00:00,mlb,sr:match:63299155,,regular,2026-09-27T19:10:00+00:00,1.02,Cardinals,Brewers,STL,MIL,2026-09-27T16:10:41.584Z,8.2,9.89,91.8,90.11,2.725,1.4843,2.975,1.4142,0.3526,0.6474,2026-09-27T16:10:41.584Z,14.24,9.46,85.76,90.54,1.5,1.5,1.8,2.05,2026-09-27T16:10:41.584Z,84.94,89.95,15.06,10.05,7.0,7.0,1.8333,1.9902,6
2026-09-27T18:09:02.077051+00:00,mlb,sr:match:63299379,,regular,2026-09-27T19:10:00+00:00,1.02,Diamondbacks,Padres,AZ,SD,2026-09-27T17:10:42.489Z,62.6,68.07,37.4,31.93,1.6309,2.335,1.7906,2.08,0.5888,0.4112,2026-09-27T17:10:42.489Z,66.3,84.98,33.7,15.02,-1.5,-1.5,2.085,1.7692,2026-09-27T17:10:42.489Z,83.13,86.95,16.87,13.05,8.0,8.5,1.9059,1.8813,6
2026-09-27T18:09:02.077051+00:00,mlb,sr:match:63301805,,regular,2026-09-27T19:10:00+00:00,1.02,Pirates,Tigers,PIT,DET,2026-09-27T16:10:41.597Z,60.21,68.04,39.79,31.96,1.9479,1.8889,1.7578,2.115,0.4923,0.5077,2026-09-27T16:10:41.597Z,62.3,87.73,37.7,12.27,-1.5,-1.5,2.57,1.5277,2026-09-27T16:10:41.597Z,92.35,92.7,7.65,7.3,7.5,8.5,1.8696,1.9524,6
2026-09-27T18:09:02.077051+00:00,mlb,sr:match:63301953,,regular,2026-09-27T19:10:00+00:00,1.02,Angels,Mariners,LAA,SEA,2026-09-27T16:10:41.629Z,15.71,15.7,84.29,84.3,2.395,1.6007,2.525,1.545,0.4006,0.5994,2026-09-27T16:10:41.629Z,15.42,6.52,84.58,93.48,1.5,1.5,1.6231,2.345,2026-09-27T16:10:41.629Z,81.23,88.25,18.77,11.75,6.5,7.5,1.8504,1.9366,6
2026-09-27T18:09:02.077051+00:00,mlb,sr:match:63302471,,regular,2026-09-27T19:10:00+00:00,1.02,Rangers,Twins,TEX,MIN,2026-09-27T16:10:43.002Z,67.55,39.37,32.45,60.63,1.8621,1.9804,1.8,2.05,0.5154,0.4846,2026-09-27T16:10:43.002Z,71.96,89.69,28.04,10.31,-1.5,-1.5,2.415,1.5882,2026-09-27T16:10:43.002Z,77.13,82.59,22.87,17.41,8.5,8.5,1.9348,1.8894,5
2026-09-27T18:09:02.077051+00:00,mlb,sr:match:63302721,,regular,2026-09-27T19:10:00+00:00,1.02,Guardians,Royals,CLE,KC,2026-09-27T16:10:42.435Z,82.15,86.42,17.85,13.58,1.9175,1.9091,1.6734,2.245,0.4989,0.5011,2026-09-27T16:10:42.435Z,85.07,89.65,14.93,10.35,-1.5,-1.5,2.45,1.5698,2026-09-27T16:10:42.435Z,93.3,93.66,6.7,6.34,8.0,8.5,1.8893,1.9307,6
2026-09-27T18:09:02.077051+00:00,mlb,sr:match:63302783,,regular,2026-09-27T19:10:00+00:00,1.02,Braves,Marlins,ATL,MIA,2026-09-27T16:10:42.769Z,65.17,61.38,34.83,38.62,2.05,1.8,1.9091,1.9175,0.4675,0.5325,2026-09-27T16:10:42.769Z,60.2,47.76,39.8,52.24,1.5,-1.5,1.5129,2.615,2026-09-27T16:10:42.769Z,90.32,85.66,9.68,14.34,8.0,8.5,1.8773,1.9059,6
2026-09-27T18:09:02.077051+00:00,mlb,sr:match:63303703,,regular,2026-09-27T19:10:00+00:00,1.02,Rockies,White Sox,COL,CWS,2026-09-27T17:10:42.148Z,9.24,15.91,90.76,84.09,2.35,1.6079,2.8,1.4577,0.4063,0.5937,2026-09-27T17:10:42.148Z,11.92,8.83,88.08,91.17,1.5,1.5,1.678,2.235,2026-09-27T17:10:42.148Z,93.81,96.08,6.19,3.92,8.5,8.5,1.9709,1.8511,6
2026-09-27T19:07:00.232932+00:00,mlb,sr:match:63299155,,regular,2026-09-27T19:10:00+00:00,0.05,Cardinals,Brewers,STL,MIL,2026-09-27T17:10:41.728Z,7.64,9.34,92.36,90.66,2.725,1.4843,2.975,1.4142,0.3526,0.6474,2026-09-27T17:10:41.728Z,16.8,8.36,83.2,91.64,1.5,1.5,1.8,2.05,2026-09-27T17:10:41.728Z,83.42,89.23,16.58,10.77,7.5,7.0,1.9103,1.9103,6
2026-09-27T19:07:00.232932+00:00,mlb,sr:match:63299379,,regular,2026-09-27T19:10:00+00:00,0.05,Diamondbacks,Padres,AZ,SD,2026-09-27T18:10:41.668Z,64.43,36.34,35.57,63.66,1.6431,2.3,1.7906,2.08,0.5833,0.4167,2026-09-27T18:10:41.668Z,67.18,85.4,32.82,14.6,-1.5,-1.5,2.11,1.7548,2026-09-27T18:10:41.668Z,82.44,87.34,17.56,12.66,8.0,8.5,1.9021,1.9226,6
2026-09-27T19:07:00.232932+00:00,mlb,sr:match:63301805,,regular,2026-09-27T19:10:00+00:00,0.05,Pirates,Tigers,PIT,DET,2026-09-27T17:10:41.531Z,59.8,67.83,40.2,32.17,1.9524,1.8773,1.7578,2.115,0.4902,0.5098,2026-09-27T17:10:41.531Z,61.06,67.68,38.94,32.32,-1.5,-1.5,2.57,1.5277,2026-09-27T17:10:41.531Z,92.39,92.67,7.61,7.33,8.0,8.5,1.8368,1.925,6
2026-09-27T19:07:00.232932+00:00,mlb,sr:match:63301953,,regular,2026-09-27T19:10:00+00:00,0.05,Angels,Mariners,LAA,SEA,2026-09-27T17:10:41.666Z,14.94,16.07,85.06,83.93,2.395,1.6007,2.525,1.545,0.4006,0.5994,2026-09-27T17:10:41.666Z,15.9,8.21,84.1,91.79,1.5,1.5,1.6231,2.345,2026-09-27T17:10:41.666Z,81.22,88.65,18.78,11.35,6.5,7.5,1.8546,1.9366,6
2026-09-27T19:07:00.232932+00:00,mlb,sr:match:63302471,,regular,2026-09-27T19:10:00+00:00,0.05,Rangers,Twins,TEX,MIN,2026-09-27T17:10:41.534Z,67.8,41.62,32.2,58.38,1.8511,1.9804,1.8033,2.05,0.5169,0.4831,2026-09-27T17:10:41.534Z,71.41,87.26,28.59,12.74,-1.5,-1.5,2.415,1.5882,2026-09-27T17:10:41.534Z,76.61,84.29,23.39,15.71,8.5,8.5,1.9203,1.9,6
2026-09-27T19:07:00.232932+00:00,mlb,sr:match:63302721,,regular,2026-09-27T19:10:00+00:00,0.05,Guardians,Royals,CLE,KC,2026-09-27T17:10:42.920Z,81.57,85.82,18.43,14.18,1.9175,1.9091,1.6734,2.245,0.4989,0.5011,2026-09-27T17:10:42.920Z,80.66,89.15,19.34,10.85,-1.5,-1.5,2.45,1.5698,2026-09-27T17:10:42.920Z,92.81,93.18,7.19,6.82,8.0,8.5,1.925,1.8963,6
2026-09-27T19:07:00.232932+00:00,mlb,sr:match:63302783,,regular,2026-09-27T19:10:00+00:00,0.05,Braves,Marlins,ATL,MIA,2026-09-27T17:10:42.298Z,63.64,60.65,36.36,39.35,2.05,1.8,1.9091,1.9175,0.4675,0.5325,2026-09-27T17:10:42.298Z,61.86,46.9,38.14,53.1,1.5,-1.5,1.5038,2.635,2026-09-27T17:10:42.298Z,89.5,85.04,10.5,14.96,8.0,8.5,1.8971,1.8712,6
2026-09-27T19:07:00.232932+00:00,mlb,sr:match:63303703,,regular,2026-09-27T19:10:00+00:00,0.05,Rockies,White Sox,COL,CWS,2026-09-27T18:10:41.567Z,9.08,15.22,90.92,84.78,2.35,1.6079,2.8,1.4577,0.4063,0.5937,2026-09-27T18:10:41.567Z,12.41,8.99,87.59,91.01,1.5,1.5,1.6803,2.235,2026-09-27T18:10:41.567Z,92.34,95.33,7.66,4.67,8.5,8.5,1.9617,1.8621,6
2026-09-28T04:40:42.371089+00:00,mlb,sr:match:75060830,,,2026-09-29T18:00:00+00:00,37.32,Philadelphia Phillies,Atlanta Braves,PHI,ATL,2026-09-28T04:10:41.422Z,22.98,15.43,77.02,84.57,2.65,1.5,2.65,1.5076,0.3614,0.6386,,,,,,1.5,1.5,1.7194,2.18,2026-09-28T04:10:41.422Z,87.65,87.68,12.35,12.32,6.5,7.0,1.7692,2.1,5
2026-09-28T04:40:42.371089+00:00,mlb,sr:match:75060846,,,2026-09-29T21:00:00+00:00,40.32,Chicago White Sox,Houston Astros,CWS,HOU,2026-09-28T03:10:41.542Z,30.83,62.4,69.17,37.6,2.15,1.7353,2.2,1.6993,0.4466,0.5534,,,,,,1.5,1.5,1.5263,2.58,2026-09-28T03:10:41.542Z,86.28,86.04,13.72,13.96,8.5,8.0,2.0,1.8333,5
2026-09-28T04:40:42.371089+00:00,mlb,sr:match:75060838,,,2026-09-30T00:00:00+00:00,43.32,Boston Red Sox,New York Yankees,BOS,NYY,2026-09-28T04:10:41.755Z,15.95,0.63,84.05,99.37,2.3,1.6494,2.29,1.6579,0.4176,0.5824,,,,,,1.5,1.5,1.5405,2.54,2026-09-28T04:10:41.755Z,84.75,83.64,15.25,16.36,6.5,6.5,1.8696,1.9709,5
2026-09-28T04:40:42.371089+00:00,mlb,sr:match:75060870,,,2026-09-30T02:00:00+00:00,45.32,Chicago Cubs,San Diego Padres,CHC,SD,2026-09-28T04:10:42.595Z,33.09,49.96,66.91,50.04,2.06,1.8,2.05,1.8,0.4663,0.5337,,,,,,1.5,1.5,1.4878,2.7,2026-09-28T04:10:42.595Z,78.3,76.9,21.7,23.1,7.5,7.5,1.9524,1.8696,5
2026-09-28T10:17:01.268863+00:00,mlb,sr:match:75060830,401907965,postseason,2026-09-29T18:00:00+00:00,31.72,Philadelphia Phillies,Atlanta Braves,PHI,ATL,2026-09-28T09:10:41.446Z,22.67,54.73,77.33,45.27,2.65,1.5,2.65,1.5076,0.3614,0.6386,,,,,,1.5,1.5,1.7194,2.18,2026-09-28T09:10:41.446Z,91.22,92.58,8.78,7.42,6.5,7.0,1.8197,2.02,5
2026-09-28T10:17:01.268863+00:00,mlb,sr:match:75060846,401907896,postseason,2026-09-29T21:00:00+00:00,34.72,Chicago White Sox,Houston Astros,CWS,HOU,2026-09-28T09:10:42.733Z,28.55,3.16,71.45,96.84,2.16,1.7353,2.2,1.6993,0.4455,0.5545,,,,,,1.5,1.5,1.5263,2.58,2026-09-28T09:10:42.733Z,80.1,85.41,19.9,14.59,8.0,8.0,1.9091,1.9091,5
2026-09-28T10:17:01.268863+00:00,mlb,sr:match:75060838,401907924,postseason,2026-09-30T00:00:00+00:00,37.72,Boston Red Sox,New York Yankees,BOS,NYY,2026-09-28T09:10:41.493Z,14.66,0.83,85.34,99.17,2.3,1.6494,2.29,1.6579,0.4176,0.5824,,,,,,1.5,1.5,1.5495,2.53,2026-09-28T09:10:41.493Z,87.15,85.41,12.85,14.59,6.5,6.5,1.8696,1.9709,5
2026-09-28T10:17:01.268863+00:00,mlb,sr:match:75060870,401907974,postseason,2026-09-30T02:00:00+00:00,39.72,Chicago Cubs,San Diego Padres,CHC,SD,2026-09-28T09:10:41.695Z,33.49,37.3,66.51,62.7,2.06,1.8,2.05,1.8,0.4663,0.5337,,,,,,1.5,1.5,1.4878,2.7,2026-09-28T09:10:41.695Z,80.2,81.07,19.8,18.93,7.5,7.5,1.9434,1.8772,5
2026-09-28T16:09:46.137888+00:00,mlb,sr:match:75060830,401907965,postseason,2026-09-29T18:00:00+00:00,25.84,Philadelphia Phillies,Atlanta Braves,PHI,ATL,2026-09-28T15:10:42.675Z,21.89,50.8,78.11,49.2,2.68,1.5,2.65,1.5076,0.3589,0.6411,2026-09-28T15:10:42.675Z,40.5,5.87,59.5,94.13,1.5,1.5,1.7143,2.19,2026-09-28T15:10:42.675Z,93.5,86.14,6.5,13.86,6.5,7.0,1.8333,2.0,5
2026-09-28T16:09:46.137888+00:00,mlb,sr:match:75060846,401907896,postseason,2026-09-29T21:00:00+00:00,28.84,Chicago White Sox,Houston Astros,CWS,HOU,2026-09-28T15:10:41.558Z,29.04,3.7,70.96,96.3,2.18,1.7194,2.2,1.6993,0.4409,0.5591,2026-09-28T15:10:41.558Z,38.26,8.02,61.74,91.98,1.5,1.5,1.5376,2.55,2026-09-28T15:10:41.558Z,80.98,82.65,19.02,17.35,8.0,8.0,1.9091,1.9091,5
2026-09-28T16:09:46.137888+00:00,mlb,sr:match:75060838,401907924,postseason,2026-09-30T00:00:00+00:00,31.84,Boston Red Sox,New York Yankees,BOS,NYY,2026-09-28T15:10:43.824Z,14.81,1.32,85.19,98.68,2.29,1.6536,2.29,1.6579,0.4193,0.5807,2026-09-28T15:10:43.824Z,41.82,4.93,58.18,95.07,1.5,1.5,1.5435,2.54,2026-09-28T15:10:43.824Z,90.16,90.16,9.84,9.84,6.5,6.5,1.9524,1.885,5
2026-09-28T16:09:46.137888+00:00,mlb,sr:match:75060870,401907974,postseason,2026-09-30T02:00:00+00:00,33.84,Chicago Cubs,San Diego Padres,CHC,SD,2026-09-28T15:10:42.822Z,34.59,37.77,65.41,62.23,2.07,1.7937,2.05,1.8,0.4642,0.5358,,,,,,1.5,1.5,1.4762,2.75,2026-09-28T15:10:42.822Z,85.28,80.06,14.72,19.94,7.0,7.5,1.8621,1.9615,5
2026-09-28T17:39:46.502366+00:00,mlb,sr:match:75060870,401907974,postseason,2026-09-30T02:00:00+00:00,32.34,Chicago Cubs,San Diego Padres,CHC,SD,2026-09-28T16:10:41.660Z,34.72,38.37,65.28,61.63,2.07,1.7937,2.05,1.8,0.4642,0.5358,2026-09-28T16:10:41.660Z,35.14,27.13,64.86,72.87,1.5,1.5,1.4808,2.73,2026-09-28T16:10:41.660Z,85.95,79.68,14.05,20.32,7.0,7.5,1.8621,1.9615,5
2026-09-28T18:09:41.103716+00:00,mlb,sr:match:75060830,401907965,postseason,2026-09-29T18:00:00+00:00,23.84,Philadelphia Phillies,Atlanta Braves,PHI,ATL,2026-09-28T17:10:42.280Z,21.32,45.78,78.68,54.22,2.67,1.5,2.65,1.5076,0.3597,0.6403,2026-09-28T17:10:42.280Z,35.81,5.73,64.19,94.27,1.5,1.5,1.7194,2.15,2026-09-28T17:10:42.280Z,94.42,90.8,5.58,9.2,6.5,7.0,1.8333,2.0,5
2026-09-28T19:40:22.821619+00:00,mlb,sr:match:75060830,401907965,postseason,2026-09-29T18:00:00+00:00,22.33,Philadelphia Phillies,Atlanta Braves,PHI,ATL,2026-09-28T18:10:42.203Z,21.1,42.66,78.9,57.34,2.65,1.5,2.65,1.5076,0.3614,0.6386,2026-09-28T18:10:42.204Z,34.55,5.46,65.45,94.54,1.5,1.5,1.7143,2.19,2026-09-28T18:10:42.204Z,94.8,92.55,5.2,7.45,6.5,7.0,1.8333,2.0,5
2026-09-28T22:10:35.301207+00:00,mlb,sr:match:75060830,401907965,postseason,2026-09-29T18:00:00+00:00,19.82,Philadelphia Phillies,Atlanta Braves,PHI,ATL,2026-09-28T21:10:41.681Z,20.82,38.62,79.18,61.38,2.66,1.5,2.65,1.5076,0.3606,0.6394,2026-09-28T21:10:41.681Z,32.88,5.49,67.12,94.51,1.5,1.5,1.7194,2.15,2026-09-28T21:10:41.681Z,94.63,92.24,5.37,7.76,6.5,7.0,1.8333,2.0,5
2026-09-28T22:10:35.301207+00:00,mlb,sr:match:75060846,401907896,postseason,2026-09-29T21:00:00+00:00,22.82,Chicago White Sox,Houston Astros,CWS,HOU,2026-09-28T21:10:41.526Z,31.72,6.58,68.28,93.42,2.1,1.7692,2.2,1.6993,0.4573,0.5427,2026-09-28T21:10:41.526Z,39.13,10.1,60.87,89.9,1.5,1.5,1.5263,2.58,2026-09-28T21:10:41.526Z,74.46,76.07,25.54,23.93,8.5,8.0,1.9615,1.8333,5
2026-09-28T22:10:35.301207+00:00,mlb,sr:match:75060838,401907924,postseason,2026-09-30T00:00:00+00:00,25.82,Boston Red Sox,New York Yankees,BOS,NYY,2026-09-28T21:10:41.516Z,15.09,1.85,84.91,98.15,2.2,1.7042,2.29,1.6579,0.4365,0.5635,2026-09-28T21:10:41.516Z,34.2,11.13,65.8,88.87,1.5,1.5,1.5076,2.62,2026-09-28T21:10:41.516Z,83.43,87.31,16.57,12.69,6.5,6.5,1.9804,1.8475,5
2026-09-28T22:10:35.301207+00:00,mlb,sr:match:75060870,401907974,postseason,2026-09-30T02:00:00+00:00,27.82,Chicago Cubs,San Diego Padres,CHC,SD,2026-09-28T21:10:42.171Z,36.82,25.89,63.18,74.11,2.07,1.7937,2.05,1.8,0.4642,0.5358,2026-09-28T21:10:42.171Z,33.78,25.33,66.22,74.67,1.5,1.5,1.4808,2.73,2026-09-28T21:10:42.171Z,79.45,77.53,20.55,22.47,7.0,7.5,1.8621,1.9615,5
2026-09-28T23:41:41.903699+00:00,mlb,sr:match:75060830,401907965,postseason,2026-09-29T18:00:00+00:00,18.31,Philadelphia Phillies,Atlanta Braves,PHI,ATL,2026-09-28T22:10:41.747Z,20.76,38.53,79.24,61.47,2.66,1.5,2.65,1.5076,0.3606,0.6394,2026-09-28T22:10:41.747Z,37.05,11.89,62.95,88.11,1.5,1.5,1.7194,2.15,2026-09-28T22:10:41.747Z,94.79,89.89,5.21,10.11,6.5,7.0,1.8333,2.0,5
2026-09-28T23:41:41.903699+00:00,mlb,sr:match:75060846,401907896,postseason,2026-09-29T21:00:00+00:00,21.31,Chicago White Sox,Houston Astros,CWS,HOU,2026-09-28T23:10:42.854Z,32.72,9.04,67.28,90.96,2.1,1.7692,2.2,1.6993,0.4573,0.5427,2026-09-28T23:10:42.854Z,39.45,9.69,60.55,90.31,1.5,1.5,1.5263,2.58,2026-09-28T23:10:42.854Z,73.69,73.39,26.31,26.61,8.0,8.0,1.8696,1.9524,5
2026-09-29T00:14:52.287169+00:00,mlb,sr:match:75060838,401907924,postseason,2026-09-30T00:00:00+00:00,23.75,Boston Red Sox,New York Yankees,BOS,NYY,2026-09-28T23:10:41.484Z,15.21,2.88,84.79,97.12,2.2,1.7092,2.29,1.6579,0.4372,0.5628,2026-09-28T23:10:41.484Z,33.05,16.74,66.95,83.26,1.5,1.5,1.5,2.64,2026-09-28T23:10:41.484Z,82.38,86,17.62,14,6.5,6.5,1.9804,1.8475,5
2026-09-29T00:14:52.287169+00:00,mlb,sr:match:75060834,401907963,postseason,2026-10-01T00:00:00+00:00,47.75,Boston Red Sox,New York Yankees,BOS,NYY,2026-09-28T23:10:42.088Z,13.43,17.22,86.57,82.78,2.19,1.7018,2.19,1.7018,0.4373,0.5627,,,,,,1.5,1.5,1.545,2.51,2026-09-28T23:10:42.088Z,63.45,71.27,36.55,28.73,6.5,6.5,1.8368,1.9902,2
2026-09-29T01:17:07.334994+00:00,mlb,sr:match:75060830,401907965,postseason,2026-09-29T18:00:00+00:00,16.71,Philadelphia Phillies,Atlanta Braves,PHI,ATL,2026-09-29T00:10:42.747Z,21.6,38.39,78.4,61.61,2.66,1.5,2.65,1.5076,0.3606,0.6394,2026-09-29T00:10:42.747Z,38.04,15.4,61.96,84.6,1.5,1.5,1.7194,2.15,2026-09-29T00:10:42.747Z,94.88,88.23,5.12,11.77,6.5,7.0,1.8333,2.0,5
2026-09-29T01:17:07.334994+00:00,mlb,sr:match:75060846,401907896,postseason,2026-09-29T21:00:00+00:00,19.71,Chicago White Sox,Houston Astros,CWS,HOU,2026-09-29T00:10:42.240Z,33.53,13.65,66.47,86.35,2.09,1.7814,2.19,1.7094,0.4601,0.5399,2026-09-29T00:10:42.240Z,38.28,10.59,61.72,89.41,1.5,1.5,1.5319,2.55,2026-09-29T00:10:42.240Z,73.44,73.2,26.56,26.8,8.0,8.0,1.8696,1.9524,4
2026-09-29T01:54:34.974358+00:00,mlb,sr:match:75060838,401907924,postseason,2026-09-30T00:00:00+00:00,22.09,Boston Red Sox,New York Yankees,BOS,NYY,2026-09-29T00:10:42.111Z,15.34,3.05,84.66,96.95,2.2,1.7042,2.29,1.6579,0.4365,0.5635,2026-09-29T00:10:42.111Z,33.06,16.07,66.94,83.93,1.5,1.5,1.5,2.64,2026-09-29T00:10:42.111Z,82.2,85.81,17.8,14.19,6.5,6.5,2.0,1.8333,5
2026-09-29T01:54:34.974358+00:00,mlb,sr:match:75060834,401907963,postseason,2026-10-01T00:00:00+00:00,46.09,Boston Red Sox,New York Yankees,BOS,NYY,2026-09-29T01:10:41.706Z,13.43,17.22,86.57,82.78,2.19,1.7018,2.19,1.7018,0.4373,0.5627,,,,,,1.5,1.5,1.545,2.51,2026-09-29T01:10:41.706Z,63.45,71.27,36.55,28.73,6.5,6.5,1.8368,1.9902,2
2026-09-29T02:09:41.852420+00:00,mlb,sr:match:75060870,401907974,postseason,2026-09-30T02:00:00+00:00,23.84,Chicago Cubs,San Diego Padres,CHC,SD,2026-09-29T00:10:42.160Z,38.47,28.95,61.53,71.05,2.06,1.8,2.05,1.8,0.4663,0.5337,2026-09-29T00:10:42.160Z,36.42,24.49,63.58,75.51,1.5,1.5,1.4878,2.7,2026-09-29T00:10:42.160Z,77.34,75.66,22.66,24.34,7.0,7.5,1.8696,1.9615,5
2026-09-29T02:55:30.043752+00:00,mlb,sr:match:75060830,401907965,postseason,2026-09-29T18:00:00+00:00,15.07,Philadelphia Phillies,Atlanta Braves,PHI,ATL,2026-09-29T01:10:41.638Z,22.3,37.65,77.7,62.35,2.66,1.5,2.65,1.5076,0.3606,0.6394,2026-09-29T01:10:41.638Z,36.94,15.49,63.06,84.51,1.5,1.5,1.7194,2.15,2026-09-29T01:10:41.638Z,94.84,87.41,5.16,12.59,6.5,7.0,1.8333,2.0,5
2026-09-29T02:55:30.043752+00:00,mlb,sr:match:75060846,401907896,postseason,2026-09-29T21:00:00+00:00,18.07,Chicago White Sox,Houston Astros,CWS,HOU,2026-09-29T02:10:42.207Z,34.61,22.49,65.39,77.51,2.09,1.7814,2.19,1.7094,0.4601,0.5399,2026-09-29T02:10:42.207Z,35.19,11.67,64.81,88.33,1.5,1.5,1.5319,2.55,2026-09-29T02:10:42.207Z,73.72,71.41,26.28,28.59,8.0,8.0,1.8696,1.9524,4
