timestamp_utc,sport,sbd_id,market,book,side,odds_american,open_odds_american,line,open_line
2026-10-01T00:05:18.849285+00:00,mlb,sr:match:75060866,moneyline,MGM,away,+120,+115,,
2026-10-01T00:05:18.849285+00:00,mlb,sr:match:75060866,moneyline,MGM,home,-141,-135,,
2026-10-01T00:05:18.849285+00:00,mlb,sr:match:75060866,moneyline,DraftKings,away,+123,+113,,
2026-10-01T00:05:18.849285+00:00,mlb,sr:match:75060866,moneyline,DraftKings,home,-149,-137,,
2026-10-01T00:05:18.849285+00:00,mlb,sr:match:75060866,moneyline,Bet365.US.NJ,away,+125,+115,,
2026-10-01T00:05:18.849285+00:00,mlb,sr:match:75060866,moneyline,Bet365.US.NJ,home,-150,-135,,
2026-10-01T00:05:18.849285+00:00,mlb,sr:match:75060866,moneyline,WilliamHillNewJersey,away,+125,+115,,
2026-10-01T00:05:18.849285+00:00,mlb,sr:match:75060866,moneyline,WilliamHillNewJersey,home,-150,-134,,
2026-10-01T00:05:18.849285+00:00,mlb,sr:match:75060866,moneyline,FanDuel,away,+122,+112,,
2026-10-01T00:05:18.849285+00:00,mlb,sr:match:75060866,moneyline,FanDuel,home,-144,-132,,
2026-10-01T00:05:18.849285+00:00,mlb,sr:match:75060866,spread,MGM,away,-189,-200,1.5,1.5
2026-10-01T00:05:18.849285+00:00,mlb,sr:match:75060866,spread,MGM,home,+155,+165,-1.5,-1.5
2026-10-01T00:05:18.849285+00:00,mlb,sr:match:75060866,spread,DraftKings,away,-178,-198,1.5,1.5
2026-10-01T00:05:18.849285+00:00,mlb,sr:match:75060866,spread,DraftKings,home,+147,+162,-1.5,-1.5
2026-10-01T00:05:18.849285+00:00,mlb,sr:match:75060866,spread,Bet365.US.NJ,away,-185,-200,1.5,1.5
2026-10-01T00:05:18.849285+00:00,mlb,sr:match:75060866,spread,Bet365.US.NJ,home,+155,+165,-1.5,-1.5
2026-10-01T00:05:18.849285+00:00,mlb,sr:match:75060866,spread,WilliamHillNewJersey,away,-190,-197,1.5,1.5
2026-10-01T00:05:18.849285+00:00,mlb,sr:match:75060866,spread,WilliamHillNewJersey,home,+159,+165,-1.5,-1.5
2026-10-01T00:05:18.849285+00:00,mlb,sr:match:75060866,spread,FanDuel,away,-178,-205,1.5,1.5
2026-10-01T00:05:18.849285+00:00,mlb,sr:match:75060866,spread,FanDuel,home,+146,+168,-1.5,-1.5
2026-10-01T00:05:18.849285+00:00,mlb,sr:match:75060866,total,MGM,over,-102,-105,7.5,7.5
2026-10-01T00:05:18.849285+00:00,mlb,sr:match:75060866,total,MGM,under,-118,-115,7.5,7.5
2026-10-01T00:05:18.849285+00:00,mlb,sr:match:75060866,total,DraftKings,over,+101,-125,7.5,7.0
2026-10-01T00:05:18.849285+00:00,mlb,sr:match:75060866,total,DraftKings,under,-131,+103,7.5,7.0
2026-10-01T00:05:18.849285+00:00,mlb,sr:match:75060866,total,Bet365.US.NJ,over,+105,-105,7.5,7.5
2026-10-01T00:05:18.849285+00:00,mlb,sr:match:75060866,total,Bet365.US.NJ,under,-125,-115,7.5,7.5
2026-10-01T00:05:18.849285+00:00,mlb,sr:match:75060866,total,WilliamHillNewJersey,over,+105,+100,7.5,7.5
2026-10-01T00:05:18.849285+00:00,mlb,sr:match:75060866,total,WilliamHillNewJersey,under,-124,-118,7.5,7.5
2026-10-01T00:05:18.849285+00:00,mlb,sr:match:75060866,total,FanDuel,over,+102,-104,7.5,7.5
2026-10-01T00:05:18.849285+00:00,mlb,sr:match:75060866,total,FanDuel,under,-124,-118,7.5,7.5
2026-10-01T00:31:07.452058+00:00,mlb,sr:match:75060866,moneyline,MGM,away,+120,+115,,
2026-10-01T00:31:07.452058+00:00,mlb,sr:match:75060866,moneyline,MGM,home,-141,-135,,
2026-10-01T00:31:07.452058+00:00,mlb,sr:match:75060866,moneyline,DraftKings,away,+123,+113,,
2026-10-01T00:31:07.452058+00:00,mlb,sr:match:75060866,moneyline,DraftKings,home,-149,-137,,
2026-10-01T00:31:07.452058+00:00,mlb,sr:match:75060866,moneyline,Bet365.US.NJ,away,+125,+115,,
2026-10-01T00:31:07.452058+00:00,mlb,sr:match:75060866,moneyline,Bet365.US.NJ,home,-150,-135,,
2026-10-01T00:31:07.452058+00:00,mlb,sr:match:75060866,moneyline,FanDuel,away,+122,+112,,
2026-10-01T00:31:07.452058+00:00,mlb,sr:match:75060866,moneyline,FanDuel,home,-144,-132,,
2026-10-01T00:31:07.452058+00:00,mlb,sr:match:75060866,spread,MGM,away,-189,-200,1.5,1.5
2026-10-01T00:31:07.452058+00:00,mlb,sr:match:75060866,spread,MGM,home,+155,+165,-1.5,-1.5
2026-10-01T00:31:07.452058+00:00,mlb,sr:match:75060866,spread,DraftKings,away,-178,-198,1.5,1.5
2026-10-01T00:31:07.452058+00:00,mlb,sr:match:75060866,spread,DraftKings,home,+147,+162,-1.5,-1.5
2026-10-01T00:31:07.452058+00:00,mlb,sr:match:75060866,spread,Bet365.US.NJ,away,-185,-200,1.5,1.5
2026-10-01T00:31:07.452058+00:00,mlb,sr:match:75060866,spread,Bet365.US.NJ,home,+155,+165,-1.5,-1.5
2026-10-01T00:31:07.452058+00:00,mlb,sr:match:75060866,spread,FanDuel,away,-178,-205,1.5,1.5
2026-10-01T00:31:07.452058+00:00,mlb,sr:match:75060866,spread,FanDuel,home,+146,+168,-1.5,-1.5
2026-10-01T00:31:07.452058+00:00,mlb,sr:match:75060866,total,MGM,over,-102,-105,7.5,7.5
2026-10-01T00:31:07.452058+00:00,mlb,sr:match:75060866,total,MGM,under,-118,-115,7.5,7.5
2026-10-01T00:31:07.452058+00:00,mlb,sr:match:75060866,total,DraftKings,over,+101,-125,7.5,7.0
2026-10-01T00:31:07.452058+00:00,mlb,sr:match:75060866,total,DraftKings,under,-131,+103,7.5,7.0
2026-10-01T00:31:07.452058+00:00,mlb,sr:match:75060866,total,Bet365.US.NJ,over,+105,-105,7.5,7.5
2026-10-01T00:31:07.452058+00:00,mlb,sr:match:75060866,total,Bet365.US.NJ,under,-125,-115,7.5,7.5
2026-10-01T00:31:07.452058+00:00,mlb,sr:match:75060866,total,WilliamHillNewJersey,over,-121,+100,7.0,7.5
2026-10-01T00:31:07.452058+00:00,mlb,sr:match:75060866,total,WilliamHillNewJersey,under,+103,-118,7.0,7.5
2026-10-01T00:31:07.452058+00:00,mlb,sr:match:75060866,total,FanDuel,over,+102,-104,7.5,7.5
2026-10-01T00:31:07.452058+00:00,mlb,sr:match:75060866,total,FanDuel,under,-124,-118,7.5,7.5
2026-10-01T00:54:52.092318+00:00,mlb,sr:match:75060866,moneyline,MGM,away,+120,+115,,
2026-10-01T00:54:52.092318+00:00,mlb,sr:match:75060866,moneyline,MGM,home,-141,-135,,
2026-10-01T00:54:52.092318+00:00,mlb,sr:match:75060866,moneyline,DraftKings,away,+123,+113,,
2026-10-01T00:54:52.092318+00:00,mlb,sr:match:75060866,moneyline,DraftKings,home,-149,-137,,
2026-10-01T00:54:52.092318+00:00,mlb,sr:match:75060866,moneyline,FanDuel,away,+122,+112,,
2026-10-01T00:54:52.092318+00:00,mlb,sr:match:75060866,moneyline,FanDuel,home,-144,-132,,
2026-10-01T00:54:52.092318+00:00,mlb,sr:match:75060866,spread,MGM,away,-189,-200,1.5,1.5
2026-10-01T00:54:52.092318+00:00,mlb,sr:match:75060866,spread,MGM,home,+155,+165,-1.5,-1.5
2026-10-01T00:54:52.092318+00:00,mlb,sr:match:75060866,spread,DraftKings,away,-178,-198,1.5,1.5
2026-10-01T00:54:52.092318+00:00,mlb,sr:match:75060866,spread,DraftKings,home,+147,+162,-1.5,-1.5
2026-10-01T00:54:52.092318+00:00,mlb,sr:match:75060866,spread,FanDuel,away,-178,-205,1.5,1.5
2026-10-01T00:54:52.092318+00:00,mlb,sr:match:75060866,spread,FanDuel,home,+146,+168,-1.5,-1.5
2026-10-01T00:54:52.092318+00:00,mlb,sr:match:75060866,total,MGM,over,+105,-105,7.5,7.5
2026-10-01T00:54:52.092318+00:00,mlb,sr:match:75060866,total,MGM,under,-125,-115,7.5,7.5
2026-10-01T00:54:52.092318+00:00,mlb,sr:match:75060866,total,DraftKings,over,+101,-125,7.5,7.0
2026-10-01T00:54:52.092318+00:00,mlb,sr:match:75060866,total,DraftKings,under,-131,+103,7.5,7.0
2026-10-01T00:54:52.092318+00:00,mlb,sr:match:75060866,total,Bet365.US.NJ,over,-115,-105,7.0,7.5
2026-10-01T00:54:52.092318+00:00,mlb,sr:match:75060866,total,Bet365.US.NJ,under,-105,-115,7.0,7.5
2026-10-01T00:54:52.092318+00:00,mlb,sr:match:75060866,total,WilliamHillNewJersey,over,-117,+100,7.0,7.5
2026-10-01T00:54:52.092318+00:00,mlb,sr:match:75060866,total,WilliamHillNewJersey,under,-102,-118,7.0,7.5
2026-10-01T00:54:52.092318+00:00,mlb,sr:match:75060866,total,FanDuel,over,+104,-104,7.5,7.5
2026-10-01T00:54:52.092318+00:00,mlb,sr:match:75060866,total,FanDuel,under,-128,-118,7.5,7.5
2026-10-01T01:37:14.965007+00:00,mlb,sr:match:75060866,moneyline,MGM,away,+120,+115,,
2026-10-01T01:37:14.965007+00:00,mlb,sr:match:75060866,moneyline,MGM,home,-141,-135,,
2026-10-01T01:37:14.965007+00:00,mlb,sr:match:75060866,moneyline,DraftKings,away,+123,+113,,
2026-10-01T01:37:14.965007+00:00,mlb,sr:match:75060866,moneyline,DraftKings,home,-149,-137,,
2026-10-01T01:37:14.965007+00:00,mlb,sr:match:75060866,moneyline,FanDuel,away,+122,+112,,
2026-10-01T01:37:14.965007+00:00,mlb,sr:match:75060866,moneyline,FanDuel,home,-144,-132,,
2026-10-01T01:37:14.965007+00:00,mlb,sr:match:75060866,spread,MGM,away,-189,-200,1.5,1.5
2026-10-01T01:37:14.965007+00:00,mlb,sr:match:75060866,spread,MGM,home,+155,+165,-1.5,-1.5
2026-10-01T01:37:14.965007+00:00,mlb,sr:match:75060866,spread,DraftKings,away,-178,-198,1.5,1.5
2026-10-01T01:37:14.965007+00:00,mlb,sr:match:75060866,spread,DraftKings,home,+147,+162,-1.5,-1.5
2026-10-01T01:37:14.965007+00:00,mlb,sr:match:75060866,spread,FanDuel,away,-178,-205,1.5,1.5
2026-10-01T01:37:14.965007+00:00,mlb,sr:match:75060866,spread,FanDuel,home,+146,+168,-1.5,-1.5
2026-10-01T01:37:14.965007+00:00,mlb,sr:match:75060866,total,MGM,over,-118,-105,7.0,7.5
2026-10-01T01:37:14.965007+00:00,mlb,sr:match:75060866,total,MGM,under,-102,-115,7.0,7.5
2026-10-01T01:37:14.965007+00:00,mlb,sr:match:75060866,total,DraftKings,over,+101,-125,7.5,7.0
2026-10-01T01:37:14.965007+00:00,mlb,sr:match:75060866,total,DraftKings,under,-131,+103,7.5,7.0
2026-10-01T01:37:14.965007+00:00,mlb,sr:match:75060866,total,Bet365.US.NJ,over,-115,-105,7.0,7.5
2026-10-01T01:37:14.965007+00:00,mlb,sr:match:75060866,total,Bet365.US.NJ,under,-105,-115,7.0,7.5
2026-10-01T01:37:14.965007+00:00,mlb,sr:match:75060866,total,WilliamHillNewJersey,over,-117,+100,7.0,7.5
2026-10-01T01:37:14.965007+00:00,mlb,sr:match:75060866,total,WilliamHillNewJersey,under,-102,-118,7.0,7.5
2026-10-01T01:37:14.965007+00:00,mlb,sr:match:75060866,total,FanDuel,over,+104,-104,7.5,7.5
2026-10-01T01:37:14.965007+00:00,mlb,sr:match:75060866,total,FanDuel,under,-128,-118,7.5,7.5
