sport,sbd_id,event_id,game_time_utc,season_type,series_note,away_team,home_team,away_score,home_score,winner,margin,total_points,status
mlb,sr:match:63299349,401817103,2026-09-27T17:05:00+00:00,regular,,Orioles,Yankees,,,,,,canceled
mlb,sr:match:63303387,401817106,2026-09-27T17:05:00+00:00,regular,,Mets,Nationals,4,6,home,2,10,final
mlb,sr:match:63299339,401817108,2026-09-27T18:30:00+00:00,regular,,Rays,Phillies,3,7,home,4,10,final
mlb,sr:match:63301251,401817089,2026-09-27T19:05:00+00:00,regular,Rescheduled from 9/26,Cubs,Red Sox,6,2,away,-4,8,final
mlb,sr:match:63302997,401817115,2026-09-27T19:05:00+00:00,regular,,Astros,Athletics,9,0,away,-9,9,final
mlb,sr:match:63303319,401817116,2026-09-27T19:05:00+00:00,regular,,Dodgers,Giants,5,1,away,-4,6,final
mlb,sr:match:63301803,401817105,2026-09-27T19:07:00+00:00,regular,,Reds,Blue Jays,1,5,home,4,6,final
mlb,sr:match:63299155,401817111,2026-09-27T19:10:00+00:00,regular,,Cardinals,Brewers,4,6,home,2,10,final
mlb,sr:match:63299379,401817114,2026-09-27T19:10:00+00:00,regular,,Diamondbacks,Padres,4,9,home,5,13,final
mlb,sr:match:63301805,401817107,2026-09-27T19:10:00+00:00,regular,,Pirates,Tigers,4,2,away,-2,6,final
mlb,sr:match:63301953,401817113,2026-09-27T19:10:00+00:00,regular,,Angels,Mariners,3,7,home,4,10,final
mlb,sr:match:63302471,401817112,2026-09-27T19:10:00+00:00,regular,,Rangers,Twins,4,6,home,2,10,final
mlb,sr:match:63302721,401817109,2026-09-27T19:10:00+00:00,regular,,Guardians,Royals,2,3,home,1,5,final
mlb,sr:match:63302783,401817102,2026-09-27T19:10:00+00:00,regular,,Braves,Marlins,3,5,home,2,8,final
mlb,sr:match:63303703,401817110,2026-09-27T19:10:00+00:00,regular,,Rockies,White Sox,2,4,home,2,6,final
