season,date,away,home,away_score,home_score,neutral,periods_away,periods_home,ml_open_away,ml_open_home,ml_close_away,ml_close_home,spread_close_home,total_close,source,espn_id,away_abbr,home_abbr,season_type
2012-13,2013-01-19,Pittsburgh,Philadelphia,0.0,1.0,False,2,0,1.0,0.0,3.0,1.0,-105.0,6.0,sbro,,,,
2012-13,2013-01-19,Ottawa,Winnipeg,1.0,0.0,False,1,1,2.0,0.0,4.0,1.0,-120.0,6.0,sbro,,,,
2012-13,2013-01-19,Chicago,LosAngeles,1.0,1.0,False,3,0,1.0,1.0,5.0,2.0,-130.0,5.0,sbro,,,,
2012-13,2013-01-19,NYRangers,Boston,1.0,1.0,False,0,1,0.0,1.0,1.0,3.0,-120.0,5.0,sbro,,,,
2012-13,2013-01-19,Toronto,Montreal,1.0,0.0,False,1,0,0.0,1.0,2.0,1.0,-135.0,5.5,sbro,,,,
2012-13,2013-01-19,NewJersey,NYIslanders,1.0,0.0,False,0,0,1.0,1.0,2.0,1.0,100.0,5.0,sbro,,,,
2012-13,2013-01-19,Washington,TampaBay,2.0,1.0,False,1,2,0.0,3.0,3.0,6.0,-116.0,6.0,sbro,,,,
2012-13,2013-01-19,Carolina,Florida,1.0,1.0,False,0,4,0.0,0.0,1.0,5.0,-120.0,5.0,sbro,,,,
2012-13,2013-01-19,Detroit,St.Louis,0.0,2.0,False,0,2,0.0,2.0,0.0,6.0,-135.0,5.0,sbro,,,,
2012-13,2013-01-19,Columbus,Nashville,1.0,0.0,False,1,2,0.0,0.0,3.0,2.0,-182.0,5.5,sbro,,,,
2012-13,2013-01-19,Phoenix,Dallas,2.0,1.0,False,0,1,1.0,2.0,3.0,4.0,-125.0,5.0,sbro,,,,
2012-13,2013-01-19,Colorado,Minnesota,0.0,3.0,False,1,0,1.0,1.0,2.0,4.0,-130.0,5.0,sbro,,,,
2012-13,2013-01-19,Anaheim,Vancouver,4.0,0.0,False,2,2,1.0,1.0,7.0,3.0,-175.0,5.5,sbro,,,,
2012-13,2013-01-20,Philadelphia,Buffalo,2.0,1.0,False,0,1,0.0,3.0,2.0,5.0,-115.0,5.5,sbro,,,,
2012-13,2013-01-20,Pittsburgh,NYRangers,1.0,0.0,False,3,1,2.0,2.0,6.0,3.0,-115.0,5.5,sbro,,,,
2012-13,2013-01-20,SanJose,Calgary,3.0,0.0,False,0,1,1.0,0.0,4.0,1.0,-116.0,5.0,sbro,,,,
2012-13,2013-01-20,Dallas,Minnesota,0.0,0.0,False,0,1,0.0,0.0,0.0,1.0,-145.0,5.0,sbro,,,,
2012-13,2013-01-20,Edmonton,Vancouver,1.0,1.0,False,0,1,1.0,0.0,3.0,2.0,-150.0,5.5,sbro,,,,
2012-13,2013-01-20,Chicago,Phoenix,3.0,1.0,False,1,1,2.0,2.0,6.0,4.0,-105.0,5.5,sbro,,,,
2012-13,2013-01-21,Winnipeg,Boston,0.0,0.0,False,1,1,0.0,0.0,1.0,2.0,-197.0,5.5,sbro,,,,
2012-13,2013-01-21,TampaBay,NYIslanders,0.0,3.0,False,0,0,3.0,1.0,3.0,4.0,-105.0,5.5,sbro,,,,
2012-13,2013-01-21,St.Louis,Nashville,0.0,1.0,False,2,2,1.0,0.0,4.0,3.0,-109.0,5.0,sbro,,,,
2012-13,2013-01-21,Buffalo,Toronto,1.0,0.0,False,1,0,0.0,1.0,2.0,1.0,-115.0,5.5,sbro,,,,
2012-13,2013-01-21,Florida,Ottawa,0.0,1.0,False,0,1,0.0,2.0,0.0,4.0,-140.0,5.5,sbro,,,,
2012-13,2013-01-21,Detroit,Columbus,2.0,1.0,False,0,0,1.0,2.0,4.0,3.0,105.0,5.5,sbro,,,,
2012-13,2013-01-21,Anaheim,Calgary,0.0,1.0,False,3,2,2.0,1.0,5.0,4.0,-116.0,5.5,sbro,,,,
2012-13,2013-01-22,Winnipeg,Washington,2.0,0.0,False,2,1,0.0,1.0,4.0,2.0,-170.0,5.5,sbro,,,,
2012-13,2013-01-22,TampaBay,Carolina,0.0,1.0,False,2,0,2.0,0.0,4.0,1.0,-135.0,5.5,sbro,,,,
2012-13,2013-01-22,Florida,Montreal,1.0,2.0,False,0,2,0.0,0.0,1.0,4.0,-148.0,5.5,sbro,,,,
2012-13,2013-01-22,Philadelphia,NewJersey,0.0,1.0,False,0,2,0.0,0.0,0.0,3.0,-120.0,5.5,sbro,,,,
2012-13,2013-01-22,Dallas,Detroit,0.0,0.0,False,1,0,1.0,1.0,2.0,1.0,-165.0,5.5,sbro,,,,
2012-13,2013-01-22,Nashville,Minnesota,0.0,0.0,False,1,1,2.0,0.0,3.0,1.0,-130.0,5.0,sbro,,,,
2012-13,2013-01-22,St.Louis,Chicago,0.0,1.0,False,0,1,2.0,1.0,2.0,3.0,-125.0,5.5,sbro,,,,
2012-13,2013-01-22,LosAngeles,Colorado,0.0,0.0,False,1,0,0.0,3.0,1.0,3.0,-116.0,5.0,sbro,,,,
2012-13,2013-01-22,SanJose,Edmonton,0.0,1.0,False,6,1,0.0,1.0,6.0,3.0,100.0,5.5,sbro,,,,
2012-13,2013-01-23,Toronto,Pittsburgh,3.0,1.0,False,0,1,2.0,0.0,5.0,2.0,-220.0,6.0,sbro,,,,
2012-13,2013-01-23,Boston,NYRangers,2.0,1.0,False,0,2,1.0,0.0,3.0,4.0,-130.0,5.0,sbro,,,,
2012-13,2013-01-23,Calgary,Vancouver,2.0,2.0,False,0,0,0.0,0.0,2.0,3.0,-175.0,5.5,sbro,,,,
2012-13,2013-01-23,Columbus,Phoenix,1.0,2.0,False,0,0,0.0,3.0,1.0,5.0,-165.0,5.5,sbro,,,,
2012-13,2013-01-24,NYIslanders,Toronto,2.0,0.0,False,1,3,4.0,1.0,7.0,4.0,-130.0,5.5,sbro,,,,
2012-13,2013-01-24,NYRangers,Philadelphia,0.0,2.0,False,0,0,1.0,0.0,1.0,2.0,-125.0,5.5,sbro,,,,
2012-13,2013-01-24,Montreal,Washington,4.0,0.0,False,0,0,0.0,1.0,4.0,1.0,-140.0,5.5,sbro,,,,
2012-13,2013-01-24,Buffalo,Carolina,2.0,4.0,False,0,0,1.0,2.0,3.0,6.0,-120.0,5.5,sbro,,,,
2012-13,2013-01-24,Ottawa,Florida,1.0,0.0,False,1,1,1.0,0.0,3.0,1.0,-116.0,5.5,sbro,,,,
2012-13,2013-01-24,Nashville,St.Louis,0.0,1.0,False,0,1,0.0,1.0,0.0,3.0,-165.0,5.0,sbro,,,,
2012-13,2013-01-24,Chicago,Dallas,1.0,1.0,False,0,1,1.0,0.0,3.0,2.0,110.0,5.5,sbro,,,,
2012-13,2013-01-24,Columbus,Colorado,0.0,0.0,False,0,2,0.0,2.0,0.0,4.0,-170.0,5.5,sbro,,,,
2012-13,2013-01-24,LosAngeles,Edmonton,1.0,0.0,False,0,0,0.0,1.0,1.0,2.0,105.0,5.0,sbro,,,,
2012-13,2013-01-24,Phoenix,SanJose,1.0,0.0,False,0,1,2.0,4.0,3.0,5.0,-175.0,5.5,sbro,,,,
2012-13,2013-01-25,NYIslanders,Boston,1.0,1.0,False,1,1,0.0,2.0,2.0,4.0,-205.0,5.5,sbro,,,,
2012-13,2013-01-25,Carolina,Buffalo,0.0,0.0,False,0,0,3.0,1.0,3.0,1.0,-145.0,5.5,sbro,,,,
2012-13,2013-01-25,Washington,NewJersey,0.0,1.0,False,0,1,2.0,0.0,2.0,3.0,-135.0,5.5,sbro,,,,
2012-13,2013-01-25,Ottawa,TampaBay,4.0,2.0,False,0,1,0.0,3.0,4.0,6.0,-115.0,5.5,sbro,,,,
2012-13,2013-01-25,Minnesota,Detroit,2.0,4.0,False,0,0,1.0,1.0,3.0,5.0,-130.0,5.5,sbro,,,,
2012-13,2013-01-25,Pittsburgh,Winnipeg,0.0,3.0,False,2,0,0.0,1.0,2.0,4.0,115.0,5.5,sbro,,,,
2012-13,2013-01-25,Vancouver,Anaheim,1.0,0.0,False,2,0,2.0,0.0,5.0,0.0,-115.0,5.5,sbro,,,,
2012-13,2013-01-26,Colorado,SanJose,0.0,2.0,False,0,2,0.0,0.0,0.0,4.0,-160.0,5.5,sbro,,,,
2012-13,2013-01-26,Toronto,NYRangers,0.0,1.0,False,2,0,0.0,4.0,2.0,5.0,-170.0,5.5,sbro,,,,
2012-13,2013-01-26,Chicago,Columbus,1.0,0.0,False,1,1,1.0,1.0,3.0,2.0,125.0,5.5,sbro,,,,
2012-13,2013-01-26,Philadelphia,Florida,2.0,1.0,False,3,0,2.0,0.0,7.0,1.0,105.0,5.5,sbro,,,,
2012-13,2013-01-26,St.Louis,Dallas,3.0,0.0,False,1,2,0.0,1.0,4.0,3.0,110.0,5.0,sbro,,,,
2012-13,2013-01-26,LosAngeles,Phoenix,3.0,1.0,False,0,0,1.0,1.0,4.0,2.0,110.0,5.0,sbro,,,,
2012-13,2013-01-26,Edmonton,Calgary,1.0,2.0,False,1,2,1.0,0.0,3.0,4.0,-120.0,5.5,sbro,,,,
2012-13,2013-01-26,Nashville,Anaheim,0.0,1.0,False,1,0,1.0,1.0,2.0,3.0,-120.0,5.5,sbro,,,,
2012-13,2013-01-27,Buffalo,Washington,0.0,1.0,False,1,1,1.0,1.0,2.0,3.0,-115.0,5.5,sbro,,,,
2012-13,2013-01-27,Pittsburgh,Ottawa,0.0,1.0,False,1,0,0.0,0.0,2.0,1.0,100.0,5.5,sbro,,,,
2012-13,2013-01-27,NewJersey,Montreal,1.0,0.0,False,0,2,2.0,1.0,3.0,4.0,-109.0,5.0,sbro,,,,
2012-13,2013-01-27,Philadelphia,TampaBay,0.0,0.0,False,1,3,0.0,2.0,1.0,5.0,-115.0,6.0,sbro,,,,
2012-13,2013-01-27,Minnesota,St.Louis,3.0,1.0,False,0,1,1.0,2.0,4.0,5.0,-156.0,5.0,sbro,,,,
2012-13,2013-01-27,Detroit,Chicago,0.0,0.0,False,0,1,1.0,0.0,1.0,2.0,-140.0,5.5,sbro,,,,
2012-13,2013-01-27,NYIslanders,Winnipeg,0.0,1.0,False,1,1,3.0,2.0,4.0,5.0,-140.0,5.5,sbro,,,,
2012-13,2013-01-27,Vancouver,SanJose,1.0,1.0,False,0,2,0.0,1.0,1.0,4.0,-125.0,5.5,sbro,,,,
2012-13,2013-01-28,Boston,Carolina,1.0,2.0,False,2,1,2.0,0.0,5.0,3.0,105.0,5.5,sbro,,,,
2012-13,2013-01-28,Dallas,Columbus,1.0,1.0,False,0,0,0.0,1.0,1.0,2.0,-116.0,5.5,sbro,,,,
2012-13,2013-01-28,Nashville,Phoenix,0.0,1.0,False,0,1,0.0,2.0,0.0,4.0,-116.0,5.5,sbro,,,,
2012-13,2013-01-28,Colorado,Edmonton,0.0,1.0,False,0,2,1.0,1.0,1.0,4.0,-130.0,5.5,sbro,,,,
2012-13,2013-01-28,Vancouver,LosAngeles,1.0,1.0,False,1,0,0.0,1.0,2.0,3.0,-130.0,5.0,sbro,,,,
2012-13,2013-01-29,NewJersey,Boston,1.0,0.0,False,0,0,0.0,1.0,1.0,2.0,-150.0,5.0,sbro,,,,
2012-13,2013-01-29,Philadelphia,NYRangers,0.0,1.0,False,0,1,1.0,0.0,1.0,2.0,-151.0,5.5,sbro,,,,
2012-13,2013-01-29,Toronto,Buffalo,2.0,1.0,False,1,1,0.0,1.0,4.0,3.0,-155.0,5.5,sbro,,,,
2012-13,2013-01-29,NYIslanders,Pittsburgh,3.0,0.0,False,1,0,0.0,1.0,4.0,1.0,-210.0,5.5,sbro,,,,
2012-13,2013-01-29,Winnipeg,Montreal,2.0,1.0,False,1,2,0.0,1.0,3.0,4.0,-145.0,5.5,sbro,,,,
2012-13,2013-01-29,Florida,TampaBay,0.0,2.0,False,1,2,1.0,1.0,2.0,5.0,-175.0,5.5,sbro,,,,
2012-13,2013-01-29,Washington,Ottawa,0.0,1.0,False,2,0,0.0,2.0,2.0,3.0,-145.0,5.5,sbro,,,,
2012-13,2013-01-29,Dallas,Detroit,1.0,2.0,False,0,0,0.0,2.0,1.0,4.0,-151.0,5.5,sbro,,,,
2012-13,2013-01-29,Columbus,Minnesota,1.0,0.0,False,0,2,1.0,1.0,2.0,3.0,-171.0,5.5,sbro,,,,
2012-13,2013-01-29,Anaheim,SanJose,2.0,0.0,False,0,1,0.0,1.0,2.0,3.0,-166.0,5.5,sbro,,,,
2012-13,2013-01-30,Montreal,Ottawa,0.0,3.0,False,1,1,0.0,1.0,1.0,5.0,-150.0,5.5,sbro,,,,
2012-13,2013-01-30,Chicago,Minnesota,0.0,1.0,False,2,1,0.0,0.0,2.0,3.0,-105.0,5.5,sbro,,,,
2012-13,2013-01-30,Edmonton,Phoenix,0.0,0.0,False,1,0,0.0,1.0,2.0,1.0,-120.0,5.5,sbro,,,,
2012-13,2013-01-30,Colorado,Vancouver,0.0,1.0,False,0,1,0.0,1.0,0.0,3.0,-160.0,5.5,sbro,,,,
2012-13,2013-01-31,Pittsburgh,NYRangers,0.0,0.0,False,1,0,2.0,0.0,3.0,0.0,-125.0,5.5,sbro,,,,
2012-13,2013-01-31,Buffalo,Boston,3.0,3.0,False,0,0,4.0,1.0,7.0,4.0,-177.0,5.5,sbro,,,,
2012-13,2013-01-31,NYIslanders,NewJersey,2.0,3.0,False,1,0,1.0,1.0,5.0,4.0,-165.0,5.5,sbro,,,,
2012-13,2013-01-31,St.Louis,Columbus,0.0,1.0,False,3,0,1.0,0.0,4.0,1.0,150.0,5.0,sbro,,,,
2012-13,2013-01-31,Washington,Toronto,1.0,0.0,False,1,1,0.0,2.0,2.0,3.0,-120.0,5.5,sbro,,,,
2012-13,2013-01-31,Winnipeg,Florida,1.0,1.0,False,0,0,2.0,5.0,3.0,6.0,-105.0,5.5,sbro,,,,
2012-13,2013-01-31,Colorado,Calgary,2.0,2.0,False,1,1,3.0,0.0,6.0,3.0,-140.0,5.5,sbro,,,,
2012-13,2013-01-31,Edmonton,SanJose,1.0,2.0,False,0,0,1.0,0.0,2.0,3.0,-193.0,5.5,sbro,,,,
2012-13,2013-01-31,Nashville,LosAngeles,0.0,0.0,False,1,1,0.0,0.0,2.0,1.0,-155.0,5.0,sbro,,,,
2012-13,2013-02-01,Ottawa,Carolina,0.0,0.0,False,0,1,0.0,0.0,0.0,1.0,-121.0,5.5,sbro,,,,
2012-13,2013-02-01,Philadelphia,Washington,1.0,1.0,False,0,0,1.0,2.0,2.0,3.0,-116.0,5.5,sbro,,,,
2012-13,2013-02-01,St.Louis,Detroit,1.0,0.0,False,2,2,0.0,3.0,3.0,5.0,-109.0,5.5,sbro,,,,
2012-13,2013-02-01,Winnipeg,TampaBay,0.0,3.0,False,0,3,3.0,2.0,3.0,8.0,-155.0,6.0,sbro,,,,
2012-13,2013-02-01,Phoenix,Dallas,2.0,1.0,False,1,2,0.0,0.0,3.0,4.0,-128.0,5.0,sbro,,,,
2012-13,2013-02-01,Minnesota,Anaheim,0.0,1.0,False,1,0,0.0,2.0,1.0,3.0,-123.0,5.5,sbro,,,,
2012-13,2013-02-01,Chicago,Vancouver,0.0,0.0,False,0,1,1.0,0.0,1.0,2.0,-115.0,5.5,sbro,,,,
2012-13,2013-02-02,NewJersey,Pittsburgh,1.0,2.0,False,0,0,0.0,3.0,1.0,5.0,-160.0,5.5,sbro,,,,
2012-13,2013-02-02,Buffalo,Montreal,0.0,3.0,False,0,1,1.0,2.0,1.0,6.0,-128.0,5.5,sbro,,,,
2012-13,2013-02-02,Edmonton,Colorado,0.0,2.0,False,1,0,0.0,1.0,1.0,3.0,-118.0,5.5,sbro,,,,
2012-13,2013-02-02,Boston,Toronto,0.0,0.0,False,1,0,0.0,0.0,1.0,0.0,105.0,5.5,sbro,,,,
2012-13,2013-02-02,Detroit,Columbus,0.0,2.0,False,1,1,1.0,1.0,2.0,4.0,108.0,5.5,sbro,,,,
2012-13,2013-02-02,NYRangers,TampaBay,1.0,1.0,False,0,0,2.0,1.0,3.0,2.0,-119.0,5.5,sbro,,,,
2012-13,2013-02-02,Carolina,Philadelphia,0.0,2.0,False,2,3,1.0,0.0,3.0,5.0,-149.0,5.5,sbro,,,,
2012-13,2013-02-02,Dallas,Phoenix,0.0,1.0,False,0,0,0.0,1.0,0.0,2.0,-135.0,5.0,sbro,,,,
2012-13,2013-02-02,Chicago,Calgary,0.0,0.0,False,0,0,2.0,2.0,3.0,2.0,100.0,5.5,sbro,,,,
2012-13,2013-02-02,LosAngeles,Anaheim,2.0,2.0,False,2,3,0.0,2.0,4.0,7.0,-111.0,5.0,sbro,,,,
2012-13,2013-02-02,Nashville,SanJose,0.0,0.0,False,0,0,1.0,1.0,2.0,1.0,-155.0,5.0,sbro,,,,
2012-13,2013-02-03,Pittsburgh,Washington,3.0,1.0,False,2,1,1.0,1.0,6.0,3.0,100.0,5.5,sbro,,,,
2012-13,2013-02-03,Ottawa,Montreal,0.0,0.0,False,1,2,0.0,0.0,1.0,2.0,-120.0,5.5,sbro,,,,
2012-13,2013-02-03,Florida,Buffalo,2.0,1.0,False,1,2,1.0,0.0,4.0,3.0,-155.0,5.5,sbro,,,,
2012-13,2013-02-03,NewJersey,NYIslanders,0.0,0.0,False,0,0,3.0,0.0,3.0,0.0,-115.0,5.5,sbro,,,,
2012-13,2013-02-04,Carolina,Toronto,2.0,0.0,False,0,1,2.0,0.0,4.0,1.0,-110.0,5.5,sbro,,,,
2012-13,2013-02-04,Dallas,Colorado,1.0,1.0,False,2,1,0.0,0.0,3.0,2.0,-135.0,5.0,sbro,,,,
2012-13,2013-02-04,Minnesota,Phoenix,1.0,1.0,False,0,1,0.0,0.0,1.0,2.0,-120.0,5.0,sbro,,,,
2012-13,2013-02-04,Vancouver,Edmonton,1.0,1.0,False,0,1,1.0,0.0,3.0,2.0,-105.0,5.5,sbro,,,,
2012-13,2013-02-04,SanJose,Anaheim,0.0,0.0,False,1,0,0.0,2.0,1.0,2.0,-105.0,5.5,sbro,,,,
2012-13,2013-02-05,Pittsburgh,NYIslanders,1.0,0.0,False,1,0,2.0,2.0,4.0,2.0,113.0,5.5,sbro,,,,
2012-13,2013-02-05,NYRangers,NewJersey,0.0,0.0,False,0,2,1.0,1.0,1.0,3.0,-116.0,5.0,sbro,,,,
2012-13,2013-02-05,LosAngeles,Columbus,3.0,1.0,False,0,1,1.0,0.0,4.0,2.0,103.0,5.5,sbro,,,,
2012-13,2013-02-05,Toronto,Washington,1.0,0.0,False,2,1,0.0,1.0,3.0,2.0,-145.0,5.5,sbro,,,,
2012-13,2013-02-05,TampaBay,Philadelphia,0.0,1.0,False,0,0,1.0,1.0,1.0,2.0,-113.0,6.0,sbro,,,,
2012-13,2013-02-05,Buffalo,Ottawa,1.0,1.0,False,1,3,1.0,0.0,3.0,4.0,120.0,5.5,sbro,,,,
2012-13,2013-02-05,Calgary,Detroit,1.0,1.0,False,2,0,1.0,0.0,4.0,1.0,-163.0,5.5,sbro,,,,
2012-13,2013-02-05,Florida,Winnipeg,1.0,2.0,False,1,0,0.0,0.0,2.0,3.0,-148.0,5.5,sbro,,,,
2012-13,2013-02-05,Nashville,St.Louis,2.0,1.0,False,3,0,1.0,0.0,6.0,1.0,-165.0,5.0,sbro,,,,
2012-13,2013-02-05,Chicago,SanJose,1.0,0.0,False,3,3,1.0,0.0,5.0,3.0,-130.0,5.5,sbro,,,,
2012-13,2013-02-06,Boston,Montreal,0.0,1.0,False,0,0,2.0,0.0,2.0,1.0,-111.0,5.0,sbro,,,,
2012-13,2013-02-06,Anaheim,Colorado,1.0,0.0,False,2,0,0.0,0.0,3.0,0.0,-120.0,5.0,sbro,,,,
2012-13,2013-02-06,Dallas,Edmonton,2.0,1.0,False,0,0,0.0,1.0,3.0,2.0,-120.0,5.0,sbro,,,,
2012-13,2013-02-07,Calgary,Columbus,1.0,0.0,False,1,2,1.0,1.0,4.0,3.0,-109.0,5.5,sbro,,,,
2012-13,2013-02-07,NYIslanders,NYRangers,1.0,1.0,False,0,2,0.0,1.0,1.0,4.0,-160.0,5.5,sbro,,,,
2012-13,2013-02-07,Montreal,Buffalo,2.0,1.0,False,1,1,1.0,2.0,4.0,5.0,-125.0,5.5,sbro,,,,
2012-13,2013-02-07,Washington,Pittsburgh,0.0,5.0,False,1,0,1.0,0.0,2.0,5.0,-195.0,5.5,sbro,,,,
2012-13,2013-02-07,TampaBay,NewJersey,1.0,2.0,False,0,0,1.0,2.0,2.0,4.0,-125.0,5.5,sbro,,,,
2012-13,2013-02-07,Florida,Philadelphia,0.0,1.0,False,1,1,1.0,0.0,3.0,2.0,-158.0,5.5,sbro,,,,
2012-13,2013-02-07,Carolina,Ottawa,1.0,1.0,False,0,1,1.0,0.0,3.0,2.0,-128.0,5.5,sbro,,,,
2012-13,2013-02-07,Toronto,Winnipeg,1.0,1.0,False,0,0,2.0,1.0,3.0,2.0,-150.0,5.5,sbro,,,,
2012-13,2013-02-07,LosAngeles,Nashville,0.0,2.0,False,0,1,0.0,0.0,0.0,3.0,-125.0,5.0,sbro,,,,
2012-13,2013-02-07,Detroit,St.Louis,2.0,1.0,False,2,0,1.0,0.0,5.0,1.0,-165.0,5.5,sbro,,,,
2012-13,2013-02-07,Vancouver,Minnesota,2.0,0.0,False,2,0,0.0,1.0,4.0,1.0,-116.0,5.0,sbro,,,,
2012-13,2013-02-07,Chicago,Phoenix,2.0,1.0,False,4,0,0.0,1.0,6.0,2.0,-111.0,5.0,sbro,,,,
2012-13,2013-02-08,Anaheim,Dallas,1.0,0.0,False,0,2,0.0,1.0,1.0,3.0,-116.0,5.0,sbro,,,,
2012-13,2013-02-09,Pittsburgh,NewJersey,0.0,1.0,False,1,0,0.0,2.0,1.0,3.0,-105.0,5.5,sbro,,,,
2012-13,2013-02-09,Carolina,Philadelphia,1.0,2.0,False,1,1,1.0,0.0,3.0,4.0,-130.0,5.5,sbro,,,,
2012-13,2013-02-09,Winnipeg,Ottawa,0.0,0.0,False,0,0,1.0,0.0,1.0,0.0,-140.0,5.5,sbro,,,,
2012-13,2013-02-09,Edmonton,Detroit,1.0,1.0,False,0,0,0.0,1.0,1.0,2.0,-160.0,5.5,sbro,,,,
2012-13,2013-02-09,Phoenix,SanJose,0.0,0.0,False,0,0,0.0,0.0,1.0,0.0,-170.0,5.5,sbro,,,,
2012-13,2013-02-09,Florida,Washington,0.0,2.0,False,0,1,0.0,2.0,0.0,5.0,-120.0,5.5,sbro,,,,
2012-13,2013-02-09,Buffalo,NYIslanders,1.0,1.0,False,1,1,1.0,0.0,3.0,2.0,-115.0,5.5,sbro,,,,
2012-13,2013-02-09,Toronto,Montreal,2.0,0.0,False,2,0,2.0,0.0,6.0,0.0,-155.0,5.0,sbro,,,,
2012-13,2013-02-09,Anaheim,St.Louis,3.0,0.0,False,1,3,1.0,2.0,6.0,5.0,-170.0,5.0,sbro,,,,
2012-13,2013-02-09,Nashville,Minnesota,0.0,1.0,False,1,0,0.0,0.0,1.0,2.0,-126.0,5.0,sbro,,,,
2012-13,2013-02-09,Calgary,Vancouver,0.0,3.0,False,1,0,0.0,2.0,1.0,5.0,-193.0,5.5,sbro,,,,
2012-13,2013-02-10,LosAngeles,Detroit,0.0,0.0,False,1,2,1.0,1.0,2.0,3.0,-125.0,5.0,sbro,,,,
2012-13,2013-02-10,Edmonton,Columbus,0.0,0.0,False,1,0,2.0,1.0,3.0,1.0,-105.0,5.5,sbro,,,,
2012-13,2013-02-10,Boston,Buffalo,1.0,1.0,False,0,0,2.0,0.0,3.0,1.0,110.0,5.5,sbro,,,,
2012-13,2013-02-10,NewJersey,Pittsburgh,2.0,0.0,False,1,0,0.0,1.0,3.0,1.0,-160.0,5.0,sbro,,,,
2012-13,2013-02-10,TampaBay,NYRangers,1.0,1.0,False,0,2,0.0,2.0,1.0,5.0,-145.0,5.5,sbro,,,,
2012-13,2013-02-10,Chicago,Nashville,2.0,0.0,False,0,0,1.0,0.0,3.0,0.0,105.0,5.0,sbro,,,,
2012-13,2013-02-11,SanJose,Columbus,1.0,2.0,False,0,1,1.0,3.0,2.0,6.0,135.0,5.5,sbro,,,,
2012-13,2013-02-11,Carolina,NYIslanders,1.0,2.0,False,1,1,4.0,1.0,6.0,4.0,-110.0,5.5,sbro,,,,
2012-13,2013-02-11,Philadelphia,Toronto,0.0,3.0,False,1,1,1.0,1.0,2.0,5.0,-110.0,5.5,sbro,,,,
2012-13,2013-02-11,LosAngeles,St.Louis,2.0,1.0,False,1,0,1.0,0.0,4.0,1.0,-152.0,5.0,sbro,,,,
2012-13,2013-02-11,Minnesota,Calgary,1.0,0.0,False,0,0,0.0,1.0,2.0,1.0,-110.0,5.0,sbro,,,,
2012-13,2013-02-11,Phoenix,Colorado,0.0,2.0,False,1,0,1.0,0.0,3.0,2.0,-110.0,5.0,sbro,,,,
2012-13,2013-02-12,Carolina,NewJersey,2.0,0.0,False,0,1,2.0,1.0,4.0,2.0,-148.0,5.0,sbro,,,,
2012-13,2013-02-12,Buffalo,Ottawa,0.0,2.0,False,0,0,0.0,0.0,0.0,2.0,-132.0,5.5,sbro,,,,
2012-13,2013-02-12,Montreal,TampaBay,2.0,0.0,False,1,0,0.0,3.0,4.0,3.0,-130.0,5.5,sbro,,,,
2012-13,2013-02-12,NYRangers,Boston,1.0,0.0,False,1,0,1.0,3.0,4.0,3.0,-135.0,5.0,sbro,,,,
2012-13,2013-02-12,Washington,Florida,2.0,2.0,False,1,2,2.0,1.0,6.0,5.0,-125.0,5.5,sbro,,,,
2012-13,2013-02-12,SanJose,Nashville,0.0,0.0,False,0,0,0.0,0.0,0.0,1.0,-114.0,5.0,sbro,,,,
2012-13,2013-02-12,Philadelphia,Winnipeg,0.0,0.0,False,2,1,1.0,1.0,3.0,2.0,-120.0,5.5,sbro,,,,
2012-13,2013-02-12,Anaheim,Chicago,1.0,2.0,False,0,0,1.0,0.0,3.0,2.0,-160.0,5.5,sbro,,,,
2012-13,2013-02-12,Dallas,Edmonton,1.0,0.0,False,0,1,3.0,0.0,4.0,1.0,-120.0,5.0,sbro,,,,
2012-13,2013-02-12,Minnesota,Vancouver,1.0,1.0,False,0,1,0.0,0.0,1.0,2.0,-178.0,5.0,sbro,,,,
2012-13,2013-02-13,Ottawa,Pittsburgh,2.0,1.0,False,0,1,0.0,2.0,2.0,4.0,-180.0,5.5,sbro,,,,
2012-13,2013-02-13,St.Louis,Detroit,2.0,1.0,False,1,2,0.0,0.0,4.0,3.0,-135.0,5.5,sbro,,,,
2012-13,2013-02-13,Dallas,Calgary,2.0,2.0,False,1,4,1.0,1.0,4.0,7.0,-135.0,5.0,sbro,,,,
2012-13,2013-02-14,NYIslanders,NYRangers,3.0,1.0,False,0,2,0.0,0.0,4.0,3.0,-190.0,5.5,sbro,,,,
2012-13,2013-02-14,Toronto,Carolina,1.0,3.0,False,0,0,0.0,0.0,1.0,3.0,-144.0,5.5,sbro,,,,
2012-13,2013-02-14,Montreal,Florida,0.0,0.0,False,0,0,0.0,0.0,1.0,0.0,-114.0,5.0,sbro,,,,
2012-13,2013-02-14,Washington,TampaBay,1.0,0.0,False,1,1,2.0,2.0,4.0,3.0,-145.0,5.5,sbro,,,,
2012-13,2013-02-14,Phoenix,Nashville,0.0,0.0,False,0,0,0.0,3.0,0.0,3.0,-137.0,5.0,sbro,,,,
2012-13,2013-02-14,Colorado,Minnesota,2.0,1.0,False,0,0,1.0,2.0,4.0,3.0,-145.0,5.0,sbro,,,,
2012-13,2013-02-15,Boston,Buffalo,1.0,0.0,False,1,1,0.0,3.0,2.0,4.0,120.0,5.5,sbro,,,,
2012-13,2013-02-15,Pittsburgh,Winnipeg,0.0,0.0,False,1,0,2.0,1.0,3.0,1.0,108.0,5.5,sbro,,,,
2012-13,2013-02-15,Philadelphia,NewJersey,0.0,2.0,False,3,1,0.0,2.0,3.0,5.0,-145.0,5.0,sbro,,,,
2012-13,2013-02-15,Anaheim,Detroit,2.0,2.0,False,0,0,3.0,0.0,5.0,2.0,-123.0,5.5,sbro,,,,
2012-13,2013-02-15,SanJose,Chicago,1.0,2.0,False,0,1,0.0,1.0,1.0,4.0,-148.0,5.5,sbro,,,,
2012-13,2013-02-15,St.Louis,Calgary,0.0,1.0,False,4,0,1.0,1.0,5.0,2.0,-105.0,5.5,sbro,,,,
2012-13,2013-02-15,Dallas,Vancouver,1.0,3.0,False,1,0,2.0,0.0,4.0,3.0,-190.0,5.0,sbro,,,,
2012-13,2013-02-15,Columbus,LosAngeles,0.0,1.0,False,0,0,1.0,1.0,1.0,2.0,-215.0,5.0,sbro,,,,
2012-13,2013-02-16,Philadelphia,Montreal,1.0,1.0,False,0,1,0.0,2.0,1.0,4.0,-140.0,5.5,sbro,,,,
2012-13,2013-02-16,NewJersey,NYIslanders,0.0,3.0,False,0,0,1.0,2.0,1.0,5.0,102.0,5.0,sbro,,,,
2012-13,2013-02-16,Ottawa,Toronto,0.0,0.0,False,0,1,0.0,2.0,0.0,3.0,-140.0,5.5,sbro,,,,
2012-13,2013-02-16,TampaBay,Florida,1.0,2.0,False,2,1,2.0,2.0,6.0,5.0,-113.0,5.5,sbro,,,,
2012-13,2013-02-16,Columbus,Phoenix,1.0,0.0,False,2,3,0.0,2.0,3.0,5.0,-180.0,5.0,sbro,,,,
2012-13,2013-02-16,Anaheim,Nashville,1.0,1.0,False,1,1,0.0,0.0,3.0,2.0,-137.0,5.0,sbro,,,,
2012-13,2013-02-16,Colorado,Edmonton,1.0,2.0,False,3,1,0.0,3.0,4.0,6.0,-140.0,5.0,sbro,,,,
2012-13,2013-02-17,Pittsburgh,Buffalo,0.0,1.0,False,2,1,2.0,1.0,4.0,3.0,113.0,5.5,sbro,,,,
2012-13,2013-02-17,Boston,Winnipeg,2.0,2.0,False,0,0,1.0,0.0,3.0,2.0,115.0,5.5,sbro,,,,
2012-13,2013-02-17,Calgary,Dallas,0.0,3.0,False,1,0,3.0,0.0,4.0,3.0,-125.0,5.5,sbro,,,,
2012-13,2013-02-17,LosAngeles,Chicago,0.0,1.0,False,0,2,2.0,0.0,2.0,3.0,-133.0,5.0,sbro,,,,
2012-13,2013-02-17,Detroit,Minnesota,1.0,3.0,False,1,0,0.0,0.0,2.0,3.0,-130.0,5.0,sbro,,,,
2012-13,2013-02-17,Washington,NYRangers,0.0,1.0,False,1,0,0.0,1.0,1.0,2.0,-155.0,5.5,sbro,,,,
2012-13,2013-02-17,St.Louis,Vancouver,1.0,0.0,False,1,2,1.0,1.0,4.0,3.0,-142.0,5.5,sbro,,,,
2012-13,2013-02-18,Ottawa,NewJersey,0.0,0.0,False,0,1,1.0,0.0,2.0,1.0,-170.0,5.0,sbro,,,,
2012-13,2013-02-18,Philadelphia,NYIslanders,3.0,0.0,False,1,0,3.0,0.0,7.0,0.0,-115.0,5.5,sbro,,,,
2012-13,2013-02-18,Nashville,Colorado,3.0,4.0,False,1,2,1.0,0.0,5.0,6.0,-105.0,5.0,sbro,,,,
2012-13,2013-02-18,Toronto,Florida,2.0,0.0,False,1,0,0.0,0.0,3.0,0.0,-105.0,5.5,sbro,,,,
2012-13,2013-02-18,Carolina,Montreal,0.0,0.0,False,0,0,0.0,3.0,0.0,3.0,-116.0,5.5,sbro,,,,
2012-13,2013-02-18,Calgary,Phoenix,0.0,0.0,False,0,1,0.0,3.0,0.0,4.0,-165.0,5.5,sbro,,,,
2012-13,2013-02-18,Columbus,Anaheim,0.0,0.0,False,1,2,1.0,1.0,2.0,3.0,-200.0,5.5,sbro,,,,
2012-13,2013-02-19,Winnipeg,Buffalo,1.0,1.0,False,1,0,0.0,0.0,2.0,1.0,-135.0,5.5,sbro,,,,
2012-13,2013-02-19,Montreal,NYRangers,1.0,1.0,False,0,0,2.0,0.0,3.0,1.0,-144.0,5.0,sbro,,,,
2012-13,2013-02-19,Toronto,TampaBay,0.0,1.0,False,1,1,1.0,2.0,2.0,4.0,-146.0,6.0,sbro,,,,
2012-13,2013-02-19,NYIslanders,Ottawa,0.0,2.0,False,0,0,1.0,1.0,1.0,3.0,-126.0,5.5,sbro,,,,
2012-13,2013-02-19,Detroit,Nashville,0.0,0.0,False,1,2,2.0,1.0,3.0,4.0,-135.0,5.0,sbro,,,,
2012-13,2013-02-19,SanJose,St.Louis,1.0,0.0,False,0,1,1.0,0.0,2.0,1.0,-156.0,5.5,sbro,,,,
2012-13,2013-02-19,Vancouver,Chicago,0.0,3.0,False,1,0,2.0,0.0,3.0,4.0,-132.0,5.5,sbro,,,,
2012-13,2013-02-19,LosAngeles,Edmonton,1.0,1.0,False,0,0,2.0,0.0,3.0,1.0,-107.0,5.0,sbro,,,,
2012-13,2013-02-20,Philadelphia,Pittsburgh,1.0,0.0,False,2,2,3.0,3.0,6.0,5.0,-168.0,5.5,sbro,,,,
2012-13,2013-02-20,LosAngeles,Calgary,0.0,0.0,False,2,1,1.0,0.0,3.0,1.0,-102.0,5.5,sbro,,,,
2012-13,2013-02-20,St.Louis,Colorado,0.0,0.0,False,0,0,0.0,0.0,0.0,1.0,100.0,5.5,sbro,,,,
2012-13,2013-02-21,Winnipeg,Carolina,0.0,0.0,False,1,1,3.0,2.0,4.0,3.0,-150.0,5.5,sbro,,,,
2012-13,2013-02-21,NewJersey,Washington,1.0,2.0,False,0,0,2.0,0.0,3.0,2.0,-105.0,5.0,sbro,,,,
2012-13,2013-02-21,Buffalo,Toronto,0.0,2.0,False,1,0,0.0,1.0,1.0,3.0,-145.0,5.5,sbro,,,,
2012-13,2013-02-21,Florida,Philadelphia,1.0,0.0,False,3,0,1.0,2.0,5.0,2.0,-147.0,5.5,sbro,,,,
2012-13,2013-02-21,NYRangers,Ottawa,0.0,0.0,False,0,1,2.0,1.0,2.0,3.0,100.0,5.0,sbro,,,,
2012-13,2013-02-21,NYIslanders,Montreal,2.0,1.0,False,0,2,1.0,0.0,4.0,3.0,-160.0,5.5,sbro,,,,
2012-13,2013-02-21,Boston,TampaBay,1.0,1.0,False,2,1,1.0,0.0,4.0,2.0,-105.0,5.5,sbro,,,,
2012-13,2013-02-21,Columbus,Detroit,0.0,0.0,False,1,2,2.0,0.0,3.0,2.0,-177.0,5.5,sbro,,,,
2012-13,2013-02-21,Vancouver,Dallas,1.0,1.0,False,1,1,2.0,1.0,4.0,3.0,125.0,5.5,sbro,,,,
2012-13,2013-02-21,Minnesota,Edmonton,1.0,1.0,False,0,0,2.0,0.0,3.0,1.0,-120.0,5.0,sbro,,,,
2012-13,2013-02-22,Florida,Pittsburgh,1.0,1.0,False,0,0,0.0,2.0,1.0,3.0,-215.0,5.5,sbro,,,,
2012-13,2013-02-22,Vancouver,Nashville,0.0,0.0,False,0,0,1.0,0.0,1.0,0.0,-106.0,5.0,sbro,,,,
2012-13,2013-02-22,SanJose,Chicago,0.0,1.0,False,1,0,0.0,1.0,1.0,2.0,-138.0,5.5,sbro,,,,
2012-13,2013-02-23,NewJersey,Washington,1.0,1.0,False,0,0,0.0,4.0,1.0,5.0,-105.0,5.0,sbro,,,,
2012-13,2013-02-23,Winnipeg,Philadelphia,2.0,1.0,False,1,1,0.0,3.0,3.0,5.0,-145.0,5.5,sbro,,,,
2012-13,2013-02-23,Phoenix,Edmonton,1.0,1.0,False,1,0,0.0,1.0,2.0,3.0,-116.0,5.0,sbro,,,,
2012-13,2013-02-23,Colorado,LosAngeles,1.0,2.0,False,0,2,0.0,0.0,1.0,4.0,-170.0,5.0,sbro,,,,
2012-13,2013-02-23,Nashville,Detroit,0.0,2.0,False,0,1,0.0,1.0,0.0,4.0,-127.0,5.0,sbro,,,,
2012-13,2013-02-23,TampaBay,Carolina,0.0,0.0,False,1,0,4.0,2.0,5.0,2.0,-125.0,6.0,sbro,,,,
2012-13,2013-02-23,NYRangers,Montreal,0.0,3.0,False,0,0,0.0,0.0,0.0,3.0,-120.0,5.0,sbro,,,,
2012-13,2013-02-23,NYIslanders,Buffalo,2.0,0.0,False,0,0,2.0,0.0,4.0,0.0,-120.0,5.5,sbro,,,,
2012-13,2013-02-23,Toronto,Ottawa,0.0,1.0,False,1,1,1.0,1.0,2.0,3.0,-106.0,5.0,sbro,,,,
2012-13,2013-02-23,Columbus,St.Louis,1.0,0.0,False,0,1,0.0,1.0,1.0,2.0,-215.0,5.5,sbro,,,,
2012-13,2013-02-23,SanJose,Dallas,0.0,1.0,False,0,0,1.0,2.0,1.0,3.0,109.0,5.5,sbro,,,,
2012-13,2013-02-23,Minnesota,Calgary,0.0,0.0,False,1,1,0.0,2.0,1.0,3.0,-115.0,5.0,sbro,,,,
2012-13,2013-02-24,Boston,Florida,1.0,0.0,False,2,1,1.0,0.0,4.0,1.0,122.0,5.5,sbro,,,,
2012-13,2013-02-24,Winnipeg,NewJersey,2.0,0.0,False,1,2,1.0,0.0,4.0,2.0,-163.0,5.5,sbro,,,,
2012-13,2013-02-24,Vancouver,Detroit,0.0,3.0,False,3,2,0.0,3.0,3.0,8.0,-105.0,5.5,sbro,,,,
2012-13,2013-02-24,Columbus,Chicago,0.0,1.0,False,0,0,0.0,0.0,0.0,1.0,-250.0,5.5,sbro,,,,
2012-13,2013-02-24,Carolina,NYIslanders,2.0,0.0,False,0,2,2.0,0.0,4.0,2.0,-114.0,5.5,sbro,,,,
2012-13,2013-02-24,TampaBay,Pittsburgh,2.0,1.0,False,0,3,1.0,1.0,3.0,5.0,-170.0,6.0,sbro,,,,
2012-13,2013-02-24,Colorado,Anaheim,1.0,2.0,False,2,0,0.0,1.0,3.0,4.0,-177.0,5.5,sbro,,,,
2012-13,2013-02-24,Phoenix,Calgary,2.0,2.0,False,0,1,2.0,2.0,4.0,5.0,-116.0,5.5,sbro,,,,
2012-13,2013-02-25,Toronto,Philadelphia,1.0,1.0,False,1,0,2.0,1.0,4.0,2.0,-128.0,5.5,sbro,,,,
2012-13,2013-02-25,Montreal,Ottawa,1.0,1.0,False,0,0,0.0,0.0,1.0,2.0,-101.0,5.0,sbro,,,,
2012-13,2013-02-25,Dallas,Nashville,4.0,2.0,False,0,1,0.0,1.0,4.0,5.0,-156.0,5.0,sbro,,,,
2012-13,2013-02-25,Edmonton,Chicago,1.0,0.0,False,1,1,0.0,1.0,2.0,3.0,-195.0,5.5,sbro,,,,
2012-13,2013-02-25,Anaheim,LosAngeles,2.0,2.0,False,0,0,0.0,3.0,2.0,5.0,-138.0,5.0,sbro,,,,
2012-13,2013-02-26,Dallas,Columbus,2.0,2.0,False,1,0,1.0,2.0,5.0,4.0,-111.0,5.5,sbro,,,,
2012-13,2013-02-26,Carolina,Washington,0.0,1.0,False,0,1,0.0,1.0,0.0,3.0,-128.0,5.5,sbro,,,,
2012-13,2013-02-26,Winnipeg,NYRangers,3.0,1.0,False,0,0,1.0,2.0,4.0,3.0,-157.0,5.5,sbro,,,,
2012-13,2013-02-26,Buffalo,TampaBay,0.0,0.0,False,1,1,1.0,0.0,2.0,1.0,-151.0,6.0,sbro,,,,
2012-13,2013-02-26,Pittsburgh,Florida,4.0,3.0,False,0,1,0.0,2.0,4.0,6.0,147.0,5.5,sbro,,,,
2012-13,2013-02-26,Boston,NYIslanders,2.0,0.0,False,1,1,1.0,0.0,4.0,1.0,122.0,5.5,sbro,,,,
2012-13,2013-02-26,Calgary,Minnesota,0.0,0.0,False,1,0,0.0,1.0,1.0,2.0,-148.0,5.0,sbro,,,,
2012-13,2013-02-26,Phoenix,Vancouver,1.0,1.0,False,1,0,2.0,1.0,4.0,2.0,-180.0,5.0,sbro,,,,
2012-13,2013-02-26,Colorado,SanJose,0.0,1.0,False,1,1,1.0,0.0,2.0,3.0,-177.0,5.5,sbro,,,,
2012-13,2013-02-27,Washington,Philadelphia,0.0,2.0,False,0,2,1.0,0.0,1.0,4.0,-149.0,5.5,sbro,,,,
2012-13,2013-02-27,Montreal,Toronto,1.0,1.0,False,1,1,3.0,0.0,5.0,2.0,-108.0,5.0,sbro,,,,
2012-13,2013-02-27,Nashville,Anaheim,1.0,2.0,False,0,3,0.0,0.0,1.0,5.0,-130.0,5.0,sbro,,,,
2012-13,2013-02-27,Detroit,LosAngeles,0.0,0.0,False,1,0,0.0,2.0,1.0,2.0,-148.0,5.0,sbro,,,,
2012-13,2013-02-28,TampaBay,NYRangers,0.0,1.0,False,1,2,0.0,1.0,1.0,4.0,-137.0,5.5,sbro,,,,
2012-13,2013-02-28,Toronto,NYIslanders,3.0,1.0,False,1,1,0.0,2.0,5.0,4.0,-121.0,5.5,sbro,,,,
2012-13,2013-02-28,Ottawa,Boston,1.0,1.0,False,0,0,0.0,0.0,1.0,2.0,-190.0,5.0,sbro,,,,
2012-13,2013-02-28,Pittsburgh,Carolina,0.0,3.0,False,1,1,0.0,0.0,1.0,4.0,114.0,5.5,sbro,,,,
2012-13,2013-02-28,Buffalo,Florida,0.0,0.0,False,3,2,0.0,1.0,4.0,3.0,-114.0,5.5,sbro,,,,
2012-13,2013-02-28,NewJersey,Winnipeg,1.0,0.0,False,0,1,0.0,2.0,1.0,3.0,-109.0,5.5,sbro,,,,
2012-13,2013-02-28,Chicago,St.Louis,0.0,0.0,False,1,0,2.0,0.0,3.0,0.0,-116.0,5.0,sbro,,,,
2012-13,2013-02-28,Edmonton,Dallas,1.0,0.0,False,2,0,2.0,1.0,5.0,1.0,-143.0,5.0,sbro,,,,
2012-13,2013-02-28,Calgary,Colorado,1.0,2.0,False,3,0,0.0,3.0,4.0,5.0,-115.0,5.0,sbro,,,,
2012-13,2013-02-28,Minnesota,Phoenix,2.0,1.0,False,2,0,0.0,2.0,4.0,3.0,-139.0,5.0,sbro,,,,
2012-13,2013-02-28,Detroit,SanJose,0.0,0.0,False,0,0,1.0,1.0,2.0,1.0,-165.0,5.5,sbro,,,,
2012-13,2013-03-01,Edmonton,St.Louis,0.0,2.0,False,2,0,0.0,2.0,2.0,4.0,-175.0,5.0,sbro,,,,
2012-13,2013-03-01,Columbus,Chicago,1.0,2.0,False,1,1,1.0,0.0,3.0,4.0,-285.0,5.5,sbro,,,,
2012-13,2013-03-01,Minnesota,Anaheim,0.0,1.0,False,0,2,2.0,0.0,2.0,3.0,-160.0,5.0,sbro,,,,
2012-13,2013-03-02,Ottawa,Philadelphia,1.0,2.0,False,0,0,0.0,0.0,1.0,2.0,-155.0,5.5,sbro,,,,
2012-13,2013-03-02,TampaBay,Boston,0.0,2.0,False,2,0,0.0,1.0,2.0,3.0,-195.0,5.5,sbro,,,,
2012-13,2013-03-02,Washington,Winnipeg,1.0,0.0,False,0,0,2.0,0.0,3.0,0.0,-135.0,5.5,sbro,,,,
2012-13,2013-03-02,NewJersey,Buffalo,1.0,1.0,False,0,0,2.0,2.0,3.0,4.0,-120.0,5.0,sbro,,,,
2012-13,2013-03-02,Pittsburgh,Montreal,3.0,3.0,False,1,1,2.0,2.0,7.0,6.0,-120.0,5.5,sbro,,,,
2012-13,2013-03-02,Florida,Carolina,1.0,2.0,False,1,3,0.0,1.0,2.0,6.0,-155.0,5.5,sbro,,,,
2012-13,2013-03-02,Anaheim,Phoenix,2.0,1.0,False,1,1,1.0,2.0,4.0,5.0,-120.0,5.0,sbro,,,,
2012-13,2013-03-02,LosAngeles,Vancouver,2.0,3.0,False,0,1,0.0,1.0,2.0,5.0,-150.0,5.0,sbro,,,,
2012-13,2013-03-02,Nashville,SanJose,0.0,1.0,False,0,1,1.0,0.0,1.0,2.0,-140.0,5.0,sbro,,,,
2012-13,2013-03-03,Chicago,Detroit,0.0,0.0,False,0,0,1.0,1.0,2.0,1.0,105.0,5.5,sbro,,,,
2012-13,2013-03-03,St.Louis,Dallas,0.0,0.0,False,1,2,0.0,2.0,1.0,4.0,-110.0,5.0,sbro,,,,
2012-13,2013-03-03,Colorado,Columbus,1.0,0.0,False,0,0,0.0,1.0,1.0,2.0,-105.0,5.5,sbro,,,,
2012-13,2013-03-03,Ottawa,NYIslanders,1.0,0.0,False,0,1,1.0,1.0,2.0,3.0,-140.0,5.5,sbro,,,,
2012-13,2013-03-03,Carolina,Florida,1.0,1.0,False,2,0,0.0,1.0,3.0,2.0,-116.0,5.5,sbro,,,,
2012-13,2013-03-03,Montreal,Boston,0.0,2.0,False,2,1,2.0,0.0,4.0,3.0,-159.0,5.0,sbro,,,,
2012-13,2013-03-03,Buffalo,NYRangers,1.0,0.0,False,0,0,1.0,2.0,2.0,3.0,-170.0,5.0,sbro,,,,
2012-13,2013-03-03,Edmonton,Minnesota,0.0,0.0,False,1,1,1.0,3.0,2.0,4.0,-140.0,5.0,sbro,,,,
2012-13,2013-03-03,Vancouver,Calgary,1.0,1.0,False,1,1,0.0,2.0,2.0,4.0,115.0,5.0,sbro,,,,
2012-13,2013-03-04,NewJersey,Toronto,2.0,0.0,False,0,1,0.0,3.0,2.0,4.0,-120.0,5.0,sbro,,,,
2012-13,2013-03-04,TampaBay,Pittsburgh,2.0,0.0,False,0,1,1.0,3.0,3.0,4.0,-180.0,6.0,sbro,,,,
2012-13,2013-03-04,Anaheim,Phoenix,1.0,2.0,False,1,0,2.0,2.0,4.0,5.0,-115.0,5.0,sbro,,,,
2012-13,2013-03-04,Nashville,LosAngeles,0.0,1.0,False,0,0,1.0,4.0,1.0,5.0,-150.0,5.0,sbro,,,,
2012-13,2013-03-05,Edmonton,Columbus,1.0,1.0,False,2,2,0.0,0.0,3.0,4.0,100.0,5.5,sbro,,,,
2012-13,2013-03-05,TampaBay,NewJersey,2.0,0.0,False,1,0,2.0,2.0,5.0,2.0,-135.0,5.5,sbro,,,,
2012-13,2013-03-05,Boston,Washington,0.0,2.0,False,3,0,0.0,1.0,3.0,4.0,115.0,5.5,sbro,,,,
2012-13,2013-03-05,Buffalo,Carolina,0.0,1.0,False,0,1,3.0,2.0,3.0,4.0,-137.0,5.5,sbro,,,,
2012-13,2013-03-05,Montreal,NYIslanders,1.0,3.0,False,1,0,1.0,3.0,3.0,6.0,-105.0,5.5,sbro,,,,
2012-13,2013-03-05,Philadelphia,NYRangers,0.0,0.0,False,2,2,0.0,2.0,2.0,4.0,-150.0,5.5,sbro,,,,
2012-13,2013-03-05,Winnipeg,Florida,1.0,2.0,False,0,1,0.0,1.0,1.0,4.0,-116.0,5.5,sbro,,,,
2012-13,2013-03-05,Colorado,Detroit,0.0,2.0,False,0,0,1.0,0.0,1.0,2.0,-155.0,5.5,sbro,,,,
2012-13,2013-03-05,Minnesota,Chicago,0.0,0.0,False,1,4,2.0,1.0,3.0,5.0,-195.0,5.0,sbro,,,,
2012-13,2013-03-05,SanJose,Vancouver,1.0,2.0,False,1,0,0.0,0.0,3.0,2.0,-145.0,5.0,sbro,,,,
2012-13,2013-03-05,St.Louis,LosAngeles,2.0,1.0,False,2,1,0.0,4.0,4.0,6.0,-130.0,5.0,sbro,,,,
2012-13,2013-03-06,Ottawa,Toronto,1.0,1.0,False,0,2,3.0,2.0,4.0,5.0,-160.0,5.0,sbro,,,,
2012-13,2013-03-06,Colorado,Chicago,1.0,0.0,False,1,1,0.0,2.0,2.0,3.0,-215.0,5.5,sbro,,,,
2012-13,2013-03-06,SanJose,Calgary,1.0,0.0,False,0,1,0.0,3.0,1.0,4.0,-116.0,5.0,sbro,,,,
2012-13,2013-03-06,Phoenix,Anaheim,0.0,0.0,False,0,1,0.0,1.0,0.0,2.0,-149.0,5.5,sbro,,,,
2012-13,2013-03-07,Vancouver,Columbus,0.0,0.0,False,0,1,1.0,0.0,1.0,2.0,154.0,5.5,sbro,,,,
2012-13,2013-03-07,Florida,Washington,0.0,1.0,False,0,4,1.0,2.0,1.0,7.0,-162.0,5.5,sbro,,,,
2012-13,2013-03-07,Montreal,Carolina,0.0,2.0,False,2,0,2.0,0.0,4.0,2.0,-108.0,5.5,sbro,,,,
2012-13,2013-03-07,Buffalo,NewJersey,1.0,0.0,False,0,0,1.0,2.0,2.0,3.0,-125.0,5.0,sbro,,,,
2012-13,2013-03-07,NYRangers,NYIslanders,0.0,0.0,False,0,1,1.0,0.0,2.0,1.0,-112.0,5.5,sbro,,,,
2012-13,2013-03-07,Pittsburgh,Philadelphia,3.0,0.0,False,1,4,1.0,0.0,5.0,4.0,-107.0,6.0,sbro,,,,
2012-13,2013-03-07,Toronto,Boston,1.0,2.0,False,0,1,1.0,1.0,2.0,4.0,-190.0,5.5,sbro,,,,
2012-13,2013-03-07,Winnipeg,TampaBay,0.0,0.0,False,1,0,1.0,1.0,2.0,1.0,-141.0,6.0,sbro,,,,
2012-13,2013-03-07,Edmonton,Detroit,0.0,2.0,False,0,0,0.0,1.0,0.0,3.0,-162.0,5.5,sbro,,,,
2012-13,2013-03-07,St.Louis,Phoenix,3.0,1.0,False,1,1,2.0,1.0,6.0,3.0,-111.0,5.0,sbro,,,,
2012-13,2013-03-07,Dallas,LosAngeles,1.0,1.0,False,1,1,3.0,0.0,5.0,2.0,-162.0,5.0,sbro,,,,
2012-13,2013-03-08,Ottawa,NYRangers,0.0,0.0,False,2,2,1.0,0.0,3.0,2.0,-174.0,5.0,sbro,,,,
2012-13,2013-03-08,Winnipeg,Florida,0.0,0.0,False,2,1,0.0,1.0,3.0,2.0,-113.0,5.5,sbro,,,,
2012-13,2013-03-08,Edmonton,Nashville,0.0,2.0,False,0,2,0.0,2.0,0.0,6.0,-162.0,5.0,sbro,,,,
2012-13,2013-03-08,Chicago,Colorado,0.0,4.0,False,1,1,1.0,1.0,2.0,6.0,120.0,5.5,sbro,,,,
2012-13,2013-03-08,Calgary,Anaheim,0.0,2.0,False,0,1,0.0,1.0,0.0,4.0,-162.0,5.5,sbro,,,,
2012-13,2013-03-09,Washington,NYIslanders,1.0,1.0,False,0,1,1.0,3.0,2.0,5.0,-120.0,5.5,sbro,,,,
2012-13,2013-03-09,Philadelphia,Boston,0.0,0.0,False,0,3,0.0,0.0,0.0,3.0,-173.0,5.5,sbro,,,,
2012-13,2013-03-09,Detroit,Columbus,0.0,2.0,False,0,1,0.0,0.0,0.0,3.0,117.0,5.5,sbro,,,,
2012-13,2013-03-09,St.Louis,SanJose,0.0,2.0,False,1,1,2.0,0.0,4.0,3.0,-122.0,5.0,sbro,,,,
2012-13,2013-03-09,NewJersey,Carolina,0.0,3.0,False,1,2,2.0,1.0,3.0,6.0,-114.0,5.5,sbro,,,,
2012-13,2013-03-09,Pittsburgh,Toronto,1.0,2.0,False,3,1,0.0,1.0,5.0,4.0,115.0,6.0,sbro,,,,
2012-13,2013-03-09,Montreal,TampaBay,1.0,3.0,False,0,0,3.0,0.0,4.0,3.0,-113.0,5.5,sbro,,,,
2012-13,2013-03-09,Dallas,Phoenix,1.0,1.0,False,0,1,0.0,0.0,1.0,2.0,-127.0,5.5,sbro,,,,
2012-13,2013-03-09,Minnesota,Nashville,1.0,0.0,False,0,0,0.0,1.0,2.0,1.0,-132.0,5.0,sbro,,,,
2012-13,2013-03-09,Calgary,LosAngeles,0.0,1.0,False,2,3,0.0,2.0,2.0,6.0,-178.0,5.0,sbro,,,,
2012-13,2013-03-10,NYRangers,Washington,2.0,0.0,False,1,1,1.0,0.0,4.0,1.0,100.0,5.0,sbro,,,,
2012-13,2013-03-10,Columbus,Detroit,2.0,1.0,False,0,0,0.0,1.0,3.0,2.0,-190.0,5.5,sbro,,,,
2012-13,2013-03-10,Montreal,Florida,2.0,0.0,False,2,0,1.0,2.0,5.0,2.0,117.0,5.5,sbro,,,,
2012-13,2013-03-10,NYIslanders,Pittsburgh,1.0,2.0,False,0,3,0.0,1.0,1.0,6.0,-195.0,6.0,sbro,,,,
2012-13,2013-03-10,Edmonton,Chicago,2.0,4.0,False,4,0,0.0,1.0,6.0,5.0,-210.0,5.5,sbro,,,,
2012-13,2013-03-10,Winnipeg,NewJersey,1.0,0.0,False,1,2,0.0,0.0,2.0,3.0,-127.0,5.5,sbro,,,,
2012-13,2013-03-10,Buffalo,Philadelphia,0.0,1.0,False,1,2,1.0,0.0,2.0,3.0,-142.0,5.5,sbro,,,,
2012-13,2013-03-10,St.Louis,Anaheim,0.0,1.0,False,1,0,1.0,3.0,2.0,4.0,-133.0,5.5,sbro,,,,
2012-13,2013-03-10,Vancouver,Minnesota,1.0,1.0,False,0,2,1.0,1.0,2.0,4.0,105.0,5.0,sbro,,,,
2012-13,2013-03-10,SanJose,Colorado,1.0,1.0,False,0,1,1.0,0.0,2.0,3.0,-118.0,5.0,sbro,,,,
2012-13,2013-03-11,Boston,Ottawa,1.0,0.0,False,1,2,0.0,0.0,3.0,2.0,125.0,5.0,sbro,,,,
2012-13,2013-03-11,Calgary,LosAngeles,0.0,0.0,False,0,2,1.0,1.0,1.0,3.0,-200.0,5.0,sbro,,,,
2012-13,2013-03-12,Vancouver,Columbus,1.0,1.0,False,0,0,0.0,0.0,2.0,1.0,123.0,5.5,sbro,,,,
2012-13,2013-03-12,NYRangers,Buffalo,1.0,2.0,False,0,0,0.0,1.0,1.0,3.0,112.0,5.0,sbro,,,,
2012-13,2013-03-12,Carolina,Washington,2.0,0.0,False,1,0,1.0,0.0,4.0,0.0,-128.0,5.5,sbro,,,,
2012-13,2013-03-12,Boston,Pittsburgh,0.0,0.0,False,2,0,0.0,3.0,2.0,3.0,-133.0,5.5,sbro,,,,
2012-13,2013-03-12,TampaBay,Florida,0.0,2.0,False,2,0,1.0,0.0,3.0,2.0,-104.0,5.5,sbro,,,,
2012-13,2013-03-12,Toronto,Winnipeg,1.0,2.0,False,0,1,1.0,2.0,2.0,5.0,-129.0,5.5,sbro,,,,
2012-13,2013-03-12,Anaheim,Minnesota,0.0,0.0,False,0,1,2.0,0.0,2.0,1.0,-109.0,5.0,sbro,,,,
2012-13,2013-03-12,SanJose,St.Louis,1.0,2.0,False,0,1,1.0,1.0,2.0,4.0,-137.0,5.0,sbro,,,,
2012-13,2013-03-12,Nashville,Dallas,2.0,0.0,False,1,0,1.0,0.0,4.0,0.0,-120.0,5.0,sbro,,,,
2012-13,2013-03-12,Edmonton,Colorado,1.0,0.0,False,2,0,1.0,0.0,4.0,0.0,-145.0,5.5,sbro,,,,
2012-13,2013-03-12,LosAngeles,Phoenix,1.0,2.0,False,0,2,1.0,1.0,2.0,5.0,-115.0,5.0,sbro,,,,
2012-13,2013-03-13,Ottawa,Montreal,1.0,2.0,False,1,1,1.0,0.0,3.0,4.0,-170.0,5.0,sbro,,,,
2012-13,2013-03-13,Philadelphia,NewJersey,0.0,1.0,False,1,3,1.0,1.0,2.0,5.0,-120.0,5.5,sbro,,,,
2012-13,2013-03-13,Detroit,Calgary,1.0,0.0,False,1,2,0.0,3.0,2.0,5.0,-116.0,5.0,sbro,,,,
2012-13,2013-03-14,Florida,Boston,1.0,0.0,False,0,2,0.0,2.0,1.0,4.0,-270.0,5.5,sbro,,,,
2012-13,2013-03-14,Chicago,Columbus,1.0,1.0,False,0,0,0.0,0.0,2.0,1.0,139.0,5.5,sbro,,,,
2012-13,2013-03-14,Pittsburgh,Toronto,0.0,1.0,False,0,0,3.0,0.0,3.0,1.0,109.0,6.0,sbro,,,,
2012-13,2013-03-14,Washington,Carolina,1.0,0.0,False,0,2,2.0,0.0,3.0,2.0,-160.0,5.5,sbro,,,,
2012-13,2013-03-14,NYIslanders,TampaBay,1.0,0.0,False,0,0,1.0,0.0,2.0,0.0,-132.0,6.0,sbro,,,,
2012-13,2013-03-14,NYRangers,Winnipeg,1.0,1.0,False,0,1,0.0,1.0,1.0,3.0,-116.0,5.0,sbro,,,,
2012-13,2013-03-14,Colorado,Minnesota,1.0,3.0,False,1,1,1.0,1.0,3.0,5.0,-154.0,5.0,sbro,,,,
2012-13,2013-03-14,Phoenix,St.Louis,0.0,1.0,False,0,0,0.0,2.0,0.0,3.0,-143.0,5.0,sbro,,,,
2012-13,2013-03-14,Anaheim,Dallas,1.0,0.0,False,0,1,0.0,0.0,2.0,1.0,-112.0,5.0,sbro,,,,
2012-13,2013-03-14,Nashville,Vancouver,1.0,2.0,False,1,3,2.0,2.0,4.0,7.0,-154.0,5.0,sbro,,,,
2012-13,2013-03-14,LosAngeles,SanJose,1.0,2.0,False,0,1,2.0,1.0,3.0,4.0,-115.0,5.0,sbro,,,,
2012-13,2013-03-15,NewJersey,Philadelphia,1.0,0.0,False,0,1,0.0,0.0,1.0,2.0,-149.0,5.5,sbro,,,,
2012-13,2013-03-15,Nashville,Calgary,1.0,1.0,False,0,2,2.0,3.0,3.0,6.0,-125.0,5.0,sbro,,,,
2012-13,2013-03-15,Detroit,Edmonton,0.0,1.0,False,0,1,2.0,0.0,3.0,2.0,-109.0,5.0,sbro,,,,
2012-13,2013-03-16,NYRangers,Pittsburgh,0.0,0.0,False,0,1,0.0,2.0,0.0,3.0,-155.0,5.5,sbro,,,,
2012-13,2013-03-16,Washington,Boston,1.0,1.0,False,0,2,0.0,1.0,1.0,4.0,-200.0,5.5,sbro,,,,
2012-13,2013-03-16,Ottawa,Buffalo,3.0,0.0,False,0,2,0.0,1.0,4.0,3.0,-125.0,5.0,sbro,,,,
2012-13,2013-03-16,Minnesota,Colorado,1.0,2.0,False,4,1,1.0,1.0,6.0,4.0,-122.0,5.0,sbro,,,,
2012-13,2013-03-16,Phoenix,Columbus,0.0,0.0,False,0,0,0.0,0.0,0.0,1.0,-107.0,5.0,sbro,,,,
2012-13,2013-03-16,Montreal,NewJersey,0.0,1.0,False,1,0,1.0,0.0,2.0,1.0,-107.0,5.0,sbro,,,,
2012-13,2013-03-16,Carolina,TampaBay,0.0,2.0,False,0,1,1.0,1.0,1.0,4.0,-108.0,6.0,sbro,,,,
2012-13,2013-03-16,Winnipeg,Toronto,4.0,2.0,False,0,1,0.0,1.0,5.0,4.0,-137.0,5.5,sbro,,,,
2012-13,2013-03-16,NYIslanders,Florida,1.0,0.0,False,2,0,1.0,3.0,4.0,3.0,-101.0,5.5,sbro,,,,
2012-13,2013-03-16,Chicago,Dallas,3.0,0.0,False,3,0,2.0,1.0,8.0,1.0,108.0,5.5,sbro,,,,
2012-13,2013-03-16,Anaheim,St.Louis,0.0,1.0,False,1,0,0.0,0.0,1.0,2.0,-118.0,5.5,sbro,,,,
2012-13,2013-03-16,Detroit,Vancouver,1.0,0.0,False,1,1,3.0,1.0,5.0,2.0,-170.0,5.0,sbro,,,,
2012-13,2013-03-16,SanJose,LosAngeles,1.0,3.0,False,0,2,1.0,0.0,2.0,5.0,-148.0,5.0,sbro,,,,
2012-13,2013-03-17,Boston,Pittsburgh,0.0,0.0,False,1,2,0.0,0.0,1.0,2.0,-133.0,5.5,sbro,,,,
2012-13,2013-03-17,Winnipeg,Ottawa,0.0,0.0,False,0,2,1.0,2.0,1.0,4.0,-117.0,5.0,sbro,,,,
2012-13,2013-03-17,Buffalo,Washington,2.0,3.0,False,0,1,1.0,1.0,3.0,5.0,-132.0,5.5,sbro,,,,
2012-13,2013-03-17,Nashville,Edmonton,1.0,1.0,False,0,0,1.0,2.0,2.0,3.0,-119.0,5.0,sbro,,,,
2012-13,2013-03-18,Carolina,NYRangers,0.0,1.0,False,1,0,0.0,0.0,1.0,2.0,-140.0,5.5,sbro,,,,
2012-13,2013-03-18,Philadelphia,TampaBay,1.0,0.0,False,1,2,0.0,2.0,2.0,4.0,-110.0,6.0,sbro,,,,
2012-13,2013-03-18,Calgary,Dallas,2.0,0.0,False,0,3,1.0,1.0,3.0,4.0,-130.0,5.5,sbro,,,,
2012-13,2013-03-18,Chicago,Colorado,2.0,1.0,False,2,1,1.0,0.0,5.0,2.0,120.0,5.5,sbro,,,,
2012-13,2013-03-18,SanJose,Anaheim,1.0,3.0,False,1,1,1.0,1.0,3.0,5.0,-150.0,5.0,sbro,,,,
2012-13,2013-03-18,Minnesota,Vancouver,1.0,1.0,False,0,0,2.0,0.0,3.0,1.0,-160.0,5.0,sbro,,,,
2012-13,2013-03-18,Phoenix,LosAngeles,0.0,1.0,False,0,1,0.0,2.0,0.0,4.0,-160.0,5.0,sbro,,,,
2012-13,2013-03-19,Florida,Carolina,0.0,0.0,False,0,0,4.0,1.0,4.0,1.0,-180.0,5.5,sbro,,,,
2012-13,2013-03-19,Nashville,Columbus,1.0,2.0,False,0,0,2.0,2.0,3.0,4.0,-110.0,5.0,sbro,,,,
2012-13,2013-03-19,NYRangers,NewJersey,1.0,0.0,False,2,2,0.0,0.0,3.0,2.0,-115.0,5.0,sbro,,,,
2012-13,2013-03-19,Ottawa,NYIslanders,0.0,2.0,False,1,1,4.0,0.0,5.0,3.0,-130.0,5.5,sbro,,,,
2012-13,2013-03-19,Buffalo,Montreal,0.0,0.0,False,2,0,0.0,2.0,3.0,2.0,-180.0,5.5,sbro,,,,
2012-13,2013-03-19,Washington,Pittsburgh,1.0,1.0,False,0,0,0.0,1.0,1.0,2.0,-205.0,6.0,sbro,,,,
2012-13,2013-03-19,Boston,Winnipeg,1.0,0.0,False,0,0,0.0,3.0,1.0,3.0,110.0,5.5,sbro,,,,
2012-13,2013-03-19,St.Louis,Vancouver,0.0,3.0,False,0,0,2.0,0.0,2.0,3.0,-130.0,5.5,sbro,,,,
2012-13,2013-03-19,Phoenix,LosAngeles,0.0,1.0,False,0,1,2.0,1.0,2.0,3.0,-165.0,5.0,sbro,,,,
2012-13,2013-03-20,TampaBay,Toronto,0.0,3.0,False,0,1,2.0,0.0,2.0,4.0,-129.0,6.0,sbro,,,,
2012-13,2013-03-20,Minnesota,Detroit,3.0,1.0,False,1,0,0.0,1.0,4.0,2.0,-132.0,5.0,sbro,,,,
2012-13,2013-03-20,SanJose,Edmonton,0.0,1.0,False,1,1,2.0,1.0,4.0,3.0,-116.0,5.0,sbro,,,,
2012-13,2013-03-20,Dallas,Colorado,1.0,2.0,False,2,0,0.0,2.0,3.0,4.0,-125.0,5.5,sbro,,,,
2012-13,2013-03-20,Chicago,Anaheim,1.0,0.0,False,1,1,0.0,3.0,2.0,4.0,-106.0,5.5,sbro,,,,
2012-13,2013-03-21,Florida,NYRangers,1.0,0.0,False,1,0,1.0,1.0,3.0,1.0,-210.0,5.0,sbro,,,,
2012-13,2013-03-21,Toronto,Buffalo,1.0,2.0,False,2,1,1.0,1.0,4.0,5.0,-115.0,5.5,sbro,,,,
2012-13,2013-03-21,NewJersey,Carolina,2.0,0.0,False,1,0,1.0,1.0,4.0,1.0,-119.0,5.0,sbro,,,,
2012-13,2013-03-21,Montreal,NYIslanders,1.0,1.0,False,1,1,3.0,0.0,5.0,2.0,-103.0,5.5,sbro,,,,
2012-13,2013-03-21,Boston,Ottawa,1.0,1.0,False,0,0,1.0,0.0,2.0,1.0,124.0,5.0,sbro,,,,
2012-13,2013-03-21,Washington,Winnipeg,0.0,0.0,False,2,0,2.0,0.0,4.0,0.0,-144.0,5.5,sbro,,,,
2012-13,2013-03-21,Vancouver,Phoenix,0.0,0.0,False,1,0,1.0,1.0,2.0,1.0,-112.0,5.0,sbro,,,,
2012-13,2013-03-21,Calgary,Nashville,0.0,2.0,False,2,2,1.0,1.0,3.0,5.0,-137.0,5.0,sbro,,,,
2012-13,2013-03-21,Dallas,LosAngeles,0.0,0.0,False,0,0,2.0,0.0,2.0,0.0,-190.0,5.0,sbro,,,,
2012-13,2013-03-22,Calgary,Columbus,1.0,3.0,False,0,1,0.0,1.0,1.0,5.0,-135.0,5.5,sbro,,,,
2012-13,2013-03-22,Washington,Winnipeg,2.0,0.0,False,2,0,2.0,1.0,6.0,1.0,-145.0,5.5,sbro,,,,
2012-13,2013-03-22,Pittsburgh,NYIslanders,2.0,1.0,False,0,1,2.0,0.0,4.0,2.0,125.0,6.0,sbro,,,,
2012-13,2013-03-22,Detroit,Anaheim,2.0,0.0,False,2,1,1.0,0.0,5.0,1.0,-155.0,5.5,sbro,,,,
2012-13,2013-03-23,SanJose,Minnesota,0.0,1.0,False,0,0,0.0,1.0,0.0,2.0,-129.0,5.0,sbro,,,,
2012-13,2013-03-23,TampaBay,Ottawa,0.0,0.0,False,0,4,3.0,1.0,3.0,5.0,-138.0,5.5,sbro,,,,
2012-13,2013-03-23,Vancouver,LosAngeles,0.0,0.0,False,1,0,0.0,0.0,1.0,0.0,-137.0,5.0,sbro,,,,
2012-13,2013-03-23,Florida,NewJersey,1.0,2.0,False,0,0,0.0,0.0,1.0,2.0,-187.0,5.0,sbro,,,,
2012-13,2013-03-23,Boston,Toronto,0.0,1.0,False,0,1,2.0,1.0,2.0,3.0,124.0,5.0,sbro,,,,
2012-13,2013-03-23,Buffalo,Montreal,2.0,0.0,False,0,0,0.0,1.0,2.0,1.0,-195.0,5.5,sbro,,,,
2012-13,2013-03-23,Columbus,Nashville,1.0,0.0,False,1,4,0.0,1.0,2.0,5.0,-149.0,5.0,sbro,,,,
2012-13,2013-03-23,Colorado,Dallas,1.0,2.0,False,0,2,1.0,1.0,2.0,5.0,-139.0,5.5,sbro,,,,
2012-13,2013-03-23,St.Louis,Edmonton,0.0,0.0,False,1,0,2.0,0.0,3.0,0.0,103.0,5.5,sbro,,,,
2012-13,2013-03-24,Florida,NYIslanders,0.0,0.0,False,0,1,0.0,2.0,0.0,3.0,-163.0,5.5,sbro,,,,
2012-13,2013-03-24,Washington,NYRangers,0.0,0.0,False,2,2,0.0,0.0,3.0,2.0,-160.0,5.0,sbro,,,,
2012-13,2013-03-24,Philadelphia,Pittsburgh,1.0,0.0,False,0,0,0.0,1.0,1.0,2.0,-180.0,6.0,sbro,,,,
2012-13,2013-03-24,TampaBay,Winnipeg,1.0,2.0,False,0,1,1.0,0.0,2.0,3.0,-153.0,6.0,sbro,,,,
2012-13,2013-03-24,St.Louis,Calgary,1.0,1.0,False,0,1,1.0,1.0,2.0,3.0,-102.0,5.5,sbro,,,,
2012-13,2013-03-24,Detroit,Anaheim,0.0,1.0,False,2,0,0.0,0.0,2.0,1.0,-155.0,5.5,sbro,,,,
2012-13,2013-03-24,Vancouver,Colorado,2.0,0.0,False,1,1,0.0,1.0,3.0,2.0,100.0,5.5,sbro,,,,
2012-13,2013-03-25,Toronto,Boston,2.0,1.0,False,0,0,0.0,1.0,2.0,3.0,-200.0,5.5,sbro,,,,
2012-13,2013-03-25,NewJersey,Ottawa,1.0,1.0,False,0,1,1.0,0.0,2.0,3.0,-130.0,5.0,sbro,,,,
2012-13,2013-03-25,LosAngeles,Chicago,3.0,2.0,False,0,1,2.0,1.0,5.0,4.0,-145.0,5.0,sbro,,,,
2012-13,2013-03-25,Edmonton,Nashville,0.0,2.0,False,1,1,1.0,0.0,2.0,3.0,-145.0,5.0,sbro,,,,
2012-13,2013-03-25,Minnesota,Dallas,3.0,1.0,False,1,2,3.0,1.0,7.0,4.0,-116.0,5.0,sbro,,,,
2012-13,2013-03-25,SanJose,Anaheim,1.0,1.0,False,2,0,2.0,2.0,5.0,3.0,-135.0,5.0,sbro,,,,
2012-13,2013-03-25,Detroit,Phoenix,1.0,0.0,False,1,2,1.0,0.0,3.0,2.0,-120.0,5.0,sbro,,,,
2012-13,2013-03-26,Florida,Toronto,0.0,1.0,False,1,0,1.0,2.0,2.0,3.0,-177.0,5.5,sbro,,,,
2012-13,2013-03-26,Winnipeg,Carolina,2.0,0.0,False,1,1,1.0,0.0,4.0,1.0,-122.0,5.5,sbro,,,,
2012-13,2013-03-26,NYIslanders,Washington,0.0,2.0,False,2,0,1.0,0.0,3.0,2.0,-142.0,5.5,sbro,,,,
2012-13,2013-03-26,Montreal,Pittsburgh,0.0,1.0,False,0,0,0.0,0.0,0.0,1.0,-153.0,5.5,sbro,,,,
2012-13,2013-03-26,Buffalo,TampaBay,0.0,1.0,False,0,1,1.0,0.0,1.0,2.0,-132.0,5.5,sbro,,,,
2012-13,2013-03-26,NYRangers,Philadelphia,2.0,1.0,False,1,0,2.0,1.0,5.0,2.0,-114.0,5.0,sbro,,,,
2012-13,2013-03-26,Edmonton,St.Louis,2.0,0.0,False,1,0,0.0,0.0,3.0,0.0,-205.0,5.5,sbro,,,,
2012-13,2013-03-26,Calgary,Chicago,0.0,1.0,False,0,1,0.0,0.0,0.0,2.0,-200.0,5.5,sbro,,,,
2012-13,2013-03-26,Columbus,Vancouver,0.0,0.0,False,0,0,0.0,0.0,0.0,1.0,-190.0,5.0,sbro,,,,
2012-13,2013-03-27,Montreal,Boston,1.0,4.0,False,1,0,3.0,1.0,6.0,5.0,-164.0,5.0,sbro,,,,
2012-13,2013-03-27,Phoenix,Minnesota,2.0,1.0,False,0,1,1.0,1.0,3.0,4.0,-162.0,5.0,sbro,,,,
2012-13,2013-03-27,Anaheim,SanJose,0.0,0.0,False,0,3,0.0,1.0,0.0,4.0,-114.0,5.0,sbro,,,,
2012-13,2013-03-27,Colorado,Calgary,2.0,2.0,False,0,2,1.0,0.0,3.0,4.0,-134.0,5.5,sbro,,,,
2012-13,2013-03-28,Winnipeg,Pittsburgh,0.0,2.0,False,0,2,0.0,0.0,0.0,4.0,-195.0,5.5,sbro,,,,
2012-13,2013-03-28,Carolina,Toronto,2.0,1.0,False,0,1,1.0,4.0,3.0,6.0,-140.0,5.5,sbro,,,,
2012-13,2013-03-28,NYIslanders,Philadelphia,1.0,0.0,False,0,2,2.0,1.0,4.0,3.0,-145.0,5.5,sbro,,,,
2012-13,2013-03-28,NYRangers,Ottawa,0.0,1.0,False,0,0,0.0,2.0,0.0,3.0,-110.0,5.0,sbro,,,,
2012-13,2013-03-28,Buffalo,Florida,3.0,1.0,False,0,1,1.0,2.0,4.0,5.0,-116.0,5.0,sbro,,,,
2012-13,2013-03-28,Phoenix,Nashville,1.0,0.0,False,6,3,0.0,1.0,7.0,4.0,-160.0,5.0,sbro,,,,
2012-13,2013-03-28,LosAngeles,St.Louis,2.0,1.0,False,0,0,2.0,1.0,4.0,2.0,-130.0,5.0,sbro,,,,
2012-13,2013-03-28,Columbus,Edmonton,1.0,2.0,False,2,1,1.0,3.0,4.0,6.0,-130.0,5.0,sbro,,,,
2012-13,2013-03-28,Colorado,Vancouver,0.0,0.0,False,0,1,1.0,3.0,1.0,4.0,-200.0,5.0,sbro,,,,
2012-13,2013-03-28,Detroit,SanJose,0.0,0.0,False,0,1,0.0,1.0,0.0,2.0,-130.0,5.0,sbro,,,,
2012-13,2013-03-29,NewJersey,TampaBay,3.0,2.0,False,0,0,1.0,2.0,4.0,5.0,-115.0,5.5,sbro,,,,
2012-13,2013-03-29,Minnesota,Dallas,1.0,0.0,False,1,2,1.0,3.0,3.0,5.0,-110.0,5.5,sbro,,,,
2012-13,2013-03-29,Anaheim,Chicago,1.0,0.0,False,0,0,1.0,1.0,2.0,1.0,-150.0,5.5,sbro,,,,
2012-13,2013-03-29,Columbus,Calgary,4.0,3.0,False,1,0,1.0,1.0,6.0,4.0,-145.0,5.0,sbro,,,,
2012-13,2013-03-30,NYIslanders,Pittsburgh,0.0,0.0,False,0,0,0.0,2.0,0.0,2.0,-215.0,5.5,sbro,,,,
2012-13,2013-03-30,Boston,Philadelphia,0.0,1.0,False,0,1,1.0,1.0,1.0,3.0,105.0,5.5,sbro,,,,
2012-13,2013-03-30,Carolina,Winnipeg,0.0,1.0,False,2,0,1.0,0.0,3.0,1.0,-150.0,5.5,sbro,,,,
2012-13,2013-03-30,Nashville,Colorado,0.0,0.0,False,0,0,0.0,0.0,0.0,1.0,-110.0,5.0,sbro,,,,
2012-13,2013-03-30,Washington,Buffalo,1.0,2.0,False,0,1,2.0,0.0,4.0,3.0,-120.0,5.0,sbro,,,,
2012-13,2013-03-30,Toronto,Ottawa,1.0,0.0,False,1,0,2.0,0.0,4.0,0.0,-125.0,5.5,sbro,,,,
2012-13,2013-03-30,NYRangers,Montreal,0.0,1.0,False,0,2,0.0,0.0,0.0,3.0,-150.0,5.0,sbro,,,,
2012-13,2013-03-30,NewJersey,Florida,0.0,0.0,False,1,1,1.0,1.0,2.0,3.0,-105.0,5.0,sbro,,,,
2012-13,2013-03-30,LosAngeles,Minnesota,2.0,1.0,False,1,1,0.0,1.0,3.0,4.0,-115.0,5.0,sbro,,,,
2012-13,2013-03-30,Vancouver,Edmonton,0.0,0.0,False,0,4,0.0,0.0,0.0,4.0,115.0,5.0,sbro,,,,
2012-13,2013-03-30,Phoenix,SanJose,0.0,1.0,False,1,0,1.0,1.0,2.0,3.0,-155.0,5.0,sbro,,,,
2012-13,2013-03-31,Chicago,Detroit,2.0,0.0,False,3,0,2.0,1.0,7.0,1.0,-116.0,5.0,sbro,,,,
2012-13,2013-03-31,Anaheim,Columbus,0.0,1.0,False,0,0,1.0,0.0,1.0,2.0,110.0,5.5,sbro,,,,
2012-13,2013-03-31,LosAngeles,Dallas,0.0,1.0,False,1,0,2.0,1.0,3.0,2.0,-110.0,5.0,sbro,,,,
2012-13,2013-03-31,Boston,Buffalo,0.0,0.0,False,0,0,2.0,0.0,2.0,0.0,125.0,5.5,sbro,,,,
2012-13,2013-03-31,Washington,Philadelphia,1.0,0.0,False,1,2,2.0,2.0,4.0,5.0,-130.0,5.5,sbro,,,,
2012-13,2013-04-01,NYIslanders,NewJersey,0.0,1.0,False,2,0,1.0,0.0,3.0,1.0,-135.0,5.5,sbro,,,,
2012-13,2013-04-01,Winnipeg,NYRangers,0.0,1.0,False,2,1,0.0,2.0,2.0,4.0,-140.0,5.0,sbro,,,,
2012-13,2013-04-01,Carolina,Montreal,0.0,1.0,False,1,1,0.0,2.0,1.0,4.0,-180.0,5.5,sbro,,,,
2012-13,2013-04-01,Colorado,Detroit,0.0,2.0,False,0,1,2.0,0.0,2.0,3.0,-165.0,5.5,sbro,,,,
2012-13,2013-04-01,St.Louis,Minnesota,2.0,1.0,False,1,0,1.0,0.0,4.0,1.0,-120.0,5.0,sbro,,,,
2012-13,2013-04-01,Nashville,Chicago,0.0,1.0,False,0,1,2.0,0.0,2.0,3.0,-170.0,5.0,sbro,,,,
2012-13,2013-04-01,Anaheim,Dallas,3.0,0.0,False,0,0,1.0,0.0,4.0,0.0,-110.0,5.0,sbro,,,,
2012-13,2013-04-01,Calgary,Edmonton,0.0,0.0,False,0,3,1.0,1.0,1.0,4.0,-145.0,5.5,sbro,,,,
2012-13,2013-04-01,Vancouver,SanJose,1.0,3.0,False,0,0,1.0,0.0,2.0,3.0,-120.0,5.0,sbro,,,,
2012-13,2013-04-02,Winnipeg,NYIslanders,1.0,2.0,False,1,1,0.0,2.0,2.0,5.0,-125.0,5.5,sbro,,,,
2012-13,2013-04-02,Washington,Carolina,4.0,1.0,False,1,2,0.0,0.0,5.0,3.0,-125.0,5.5,sbro,,,,
2012-13,2013-04-02,Ottawa,Boston,0.0,0.0,False,1,2,1.0,1.0,2.0,3.0,-190.0,5.0,sbro,,,,
2012-13,2013-04-02,Buffalo,Pittsburgh,2.0,0.0,False,2,1,0.0,0.0,4.0,1.0,-215.0,5.5,sbro,,,,
2012-13,2013-04-02,Florida,TampaBay,1.0,0.0,False,1,0,0.0,2.0,3.0,2.0,-160.0,5.5,sbro,,,,
2012-13,2013-04-02,Colorado,Nashville,0.0,0.0,False,0,0,1.0,3.0,1.0,3.0,-160.0,5.0,sbro,,,,
2012-13,2013-04-02,LosAngeles,Phoenix,0.0,1.0,False,1,1,0.0,1.0,1.0,3.0,110.0,5.0,sbro,,,,
2012-13,2013-04-03,Montreal,Philadelphia,2.0,2.0,False,1,0,0.0,3.0,3.0,5.0,105.0,5.5,sbro,,,,
2012-13,2013-04-03,Pittsburgh,NYRangers,1.0,2.0,False,0,3,0.0,1.0,1.0,6.0,-116.0,5.0,sbro,,,,
2012-13,2013-04-03,Edmonton,Calgary,3.0,0.0,False,2,2,3.0,0.0,8.0,2.0,-116.0,5.5,sbro,,,,
2012-13,2013-04-03,Dallas,Anaheim,0.0,2.0,False,0,1,2.0,2.0,2.0,5.0,-170.0,5.5,sbro,,,,
2012-13,2013-04-03,Minnesota,SanJose,2.0,1.0,False,0,2,0.0,1.0,2.0,4.0,-144.0,5.0,sbro,,,,
2012-13,2013-04-04,TampaBay,Carolina,3.0,0.0,False,0,0,2.0,0.0,5.0,0.0,-122.0,5.5,sbro,,,,
2012-13,2013-04-04,NewJersey,Boston,0.0,1.0,False,0,0,0.0,0.0,0.0,1.0,-180.0,5.0,sbro,,,,
2012-13,2013-04-04,NYIslanders,Washington,0.0,0.0,False,0,1,1.0,0.0,1.0,2.0,-132.0,5.5,sbro,,,,
2012-13,2013-04-04,Philadelphia,Toronto,2.0,0.0,False,2,2,1.0,1.0,5.0,3.0,-134.0,5.5,sbro,,,,
2012-13,2013-04-04,Winnipeg,Montreal,0.0,2.0,False,1,1,0.0,1.0,1.0,4.0,-173.0,5.5,sbro,,,,
2012-13,2013-04-04,Columbus,Nashville,1.0,1.0,False,0,0,2.0,0.0,3.0,1.0,-153.0,5.0,sbro,,,,
2012-13,2013-04-04,St.Louis,Chicago,0.0,2.0,False,1,0,2.0,1.0,4.0,3.0,-149.0,5.5,sbro,,,,
2012-13,2013-04-04,Detroit,Phoenix,0.0,3.0,False,1,0,1.0,1.0,2.0,4.0,-115.0,5.0,sbro,,,,
2012-13,2013-04-04,Edmonton,Vancouver,0.0,1.0,False,0,1,0.0,2.0,0.0,4.0,-178.0,5.0,sbro,,,,
2012-13,2013-04-04,Minnesota,LosAngeles,0.0,1.0,False,0,2,0.0,0.0,0.0,3.0,-174.0,5.0,sbro,,,,
2012-13,2013-04-05,Columbus,St.Louis,1.0,2.0,False,0,0,0.0,1.0,1.0,3.0,-157.0,5.0,sbro,,,,
2012-13,2013-04-05,NYRangers,Pittsburgh,0.0,0.0,False,0,0,1.0,1.0,1.0,2.0,-139.0,5.0,sbro,,,,
2012-13,2013-04-05,Ottawa,Buffalo,0.0,0.0,False,1,1,1.0,3.0,2.0,4.0,-112.0,5.0,sbro,,,,
2012-13,2013-04-05,Detroit,Colorado,0.0,0.0,False,2,1,0.0,1.0,3.0,2.0,-116.0,5.5,sbro,,,,
2012-13,2013-04-05,Dallas,Anaheim,0.0,0.0,False,3,1,0.0,0.0,3.0,1.0,-190.0,5.5,sbro,,,,
2012-13,2013-04-05,Calgary,SanJose,0.0,0.0,False,1,0,0.0,2.0,1.0,2.0,-240.0,5.5,sbro,,,,
2012-13,2013-04-06,Chicago,Nashville,0.0,0.0,False,1,0,0.0,0.0,1.0,0.0,105.0,5.0,sbro,,,,
2012-13,2013-04-06,Philadelphia,Winnipeg,0.0,4.0,False,1,0,0.0,0.0,1.0,4.0,-134.0,5.5,sbro,,,,
2012-13,2013-04-06,Edmonton,LosAngeles,1.0,1.0,False,0,2,0.0,1.0,1.0,4.0,-173.0,5.0,sbro,,,,
2012-13,2013-04-06,TampaBay,NYIslanders,1.0,1.0,False,0,1,1.0,2.0,2.0,4.0,-125.0,5.5,sbro,,,,
2012-13,2013-04-06,NYRangers,Carolina,3.0,0.0,False,0,0,1.0,1.0,4.0,1.0,-110.0,5.0,sbro,,,,
2012-13,2013-04-06,Boston,Montreal,1.0,1.0,False,0,1,0.0,0.0,1.0,2.0,-118.0,5.0,sbro,,,,
2012-13,2013-04-06,Toronto,NewJersey,0.0,0.0,False,1,0,1.0,1.0,2.0,1.0,-123.0,5.5,sbro,,,,
2012-13,2013-04-06,Washington,Florida,3.0,0.0,False,1,0,0.0,3.0,4.0,3.0,-102.0,5.5,sbro,,,,
2012-13,2013-04-06,Colorado,Phoenix,0.0,3.0,False,0,1,0.0,0.0,0.0,4.0,-144.0,5.5,sbro,,,,
2012-13,2013-04-06,Calgary,Vancouver,0.0,2.0,False,1,2,1.0,1.0,2.0,5.0,-260.0,5.5,sbro,,,,
2012-13,2013-04-07,St.Louis,Detroit,1.0,0.0,False,0,0,0.0,0.0,1.0,0.0,-115.0,5.5,sbro,,,,
2012-13,2013-04-07,Dallas,SanJose,2.0,3.0,False,0,1,2.0,0.0,5.0,4.0,-193.0,5.0,sbro,,,,
2012-13,2013-04-07,Minnesota,Columbus,2.0,0.0,False,0,0,1.0,0.0,3.0,0.0,-115.0,5.0,sbro,,,,
2012-13,2013-04-07,Ottawa,Florida,0.0,1.0,False,1,0,0.0,1.0,1.0,2.0,100.0,5.0,sbro,,,,
2012-13,2013-04-07,NewJersey,Buffalo,0.0,1.0,False,1,1,1.0,0.0,2.0,3.0,-115.0,5.0,sbro,,,,
2012-13,2013-04-07,TampaBay,Washington,1.0,3.0,False,1,0,0.0,1.0,2.0,4.0,-147.0,5.5,sbro,,,,
2012-13,2013-04-07,Nashville,Chicago,1.0,1.0,False,1,1,1.0,3.0,3.0,5.0,-180.0,5.0,sbro,,,,
2012-13,2013-04-07,LosAngeles,Anaheim,2.0,1.0,False,0,1,1.0,1.0,3.0,4.0,-125.0,5.0,sbro,,,,
2012-13,2013-04-08,NYRangers,Toronto,1.0,2.0,False,0,1,2.0,1.0,3.0,4.0,-116.0,5.0,sbro,,,,
2012-13,2013-04-08,Carolina,Boston,0.0,2.0,False,0,3,2.0,1.0,2.0,6.0,-215.0,5.5,sbro,,,,
2012-13,2013-04-08,Calgary,Colorado,2.0,1.0,False,0,0,1.0,0.0,3.0,1.0,-150.0,5.5,sbro,,,,
2012-13,2013-04-08,Edmonton,Anaheim,0.0,0.0,False,0,1,1.0,1.0,1.0,2.0,-160.0,5.5,sbro,,,,
2012-13,2013-04-08,Phoenix,Vancouver,0.0,0.0,False,0,1,0.0,1.0,0.0,2.0,-170.0,5.0,sbro,,,,
2012-13,2013-04-09,SanJose,Columbus,0.0,2.0,False,0,1,0.0,1.0,0.0,4.0,-107.0,5.0,sbro,,,,
2012-13,2013-04-09,Philadelphia,NYIslanders,0.0,1.0,False,1,1,0.0,2.0,1.0,4.0,-125.0,5.5,sbro,,,,
2012-13,2013-04-09,Pittsburgh,Carolina,0.0,0.0,False,2,2,3.0,1.0,5.0,3.0,128.0,5.5,sbro,,,,
2012-13,2013-04-09,Washington,Montreal,2.0,0.0,False,0,1,1.0,1.0,3.0,2.0,-149.0,5.5,sbro,,,,
2012-13,2013-04-09,Ottawa,TampaBay,0.0,2.0,False,1,0,1.0,1.0,2.0,3.0,-129.0,5.5,sbro,,,,
2012-13,2013-04-09,Buffalo,Winnipeg,0.0,3.0,False,0,0,1.0,1.0,1.0,4.0,-159.0,5.5,sbro,,,,
2012-13,2013-04-09,St.Louis,Nashville,1.0,0.0,False,0,0,0.0,0.0,1.0,0.0,105.0,5.0,sbro,,,,
2012-13,2013-04-09,Chicago,Minnesota,1.0,0.0,False,0,0,0.0,0.0,1.0,0.0,-112.0,5.0,sbro,,,,
2012-13,2013-04-09,LosAngeles,Dallas,0.0,0.0,False,1,1,0.0,4.0,1.0,5.0,113.0,5.0,sbro,,,,
2012-13,2013-04-10,Toronto,NYRangers,1.0,2.0,False,0,0,1.0,0.0,2.0,3.0,-153.0,5.0,sbro,,,,
2012-13,2013-04-10,Boston,NewJersey,1.0,2.0,False,3,0,1.0,2.0,5.0,4.0,119.0,5.0,sbro,,,,
2012-13,2013-04-10,Vancouver,Calgary,0.0,0.0,False,1,1,3.0,0.0,4.0,1.0,158.0,5.5,sbro,,,,
2012-13,2013-04-10,Phoenix,Edmonton,2.0,0.0,False,0,0,1.0,1.0,3.0,1.0,-118.0,5.5,sbro,,,,
2012-13,2013-04-10,Colorado,Anaheim,3.0,1.0,False,1,0,0.0,0.0,4.0,1.0,-205.0,5.5,sbro,,,,
2012-13,2013-04-11,NYIslanders,Boston,1.0,1.0,False,1,0,0.0,0.0,2.0,1.0,-178.0,5.5,sbro,,,,
2012-13,2013-04-11,Carolina,Washington,0.0,2.0,False,1,0,0.0,1.0,1.0,3.0,-190.0,5.5,sbro,,,,
2012-13,2013-04-11,Ottawa,Philadelphia,0.0,0.0,False,1,1,2.0,0.0,3.0,1.0,-128.0,5.5,sbro,,,,
2012-13,2013-04-11,Montreal,Buffalo,2.0,0.0,False,2,0,1.0,1.0,5.0,1.0,113.0,5.0,sbro,,,,
2012-13,2013-04-11,Pittsburgh,TampaBay,1.0,1.0,False,2,1,3.0,1.0,6.0,3.0,109.0,5.5,sbro,,,,
2012-13,2013-04-11,SanJose,Detroit,0.0,1.0,False,1,0,1.0,1.0,3.0,2.0,-113.0,5.0,sbro,,,,
2012-13,2013-04-11,St.Louis,Minnesota,0.0,0.0,False,1,0,1.0,0.0,2.0,0.0,-111.0,5.0,sbro,,,,
2012-13,2013-04-11,Florida,Winnipeg,0.0,3.0,False,2,3,0.0,1.0,2.0,7.0,-163.0,5.5,sbro,,,,
2012-13,2013-04-11,Colorado,LosAngeles,1.0,0.0,False,0,2,1.0,0.0,2.0,3.0,-245.0,5.0,sbro,,,,
2012-13,2013-04-12,St.Louis,Columbus,0.0,2.0,False,1,1,0.0,1.0,1.0,4.0,-106.0,5.0,sbro,,,,
2012-13,2013-04-12,Ottawa,NewJersey,2.0,0.0,False,0,0,0.0,0.0,2.0,0.0,-144.0,5.0,sbro,,,,
2012-13,2013-04-12,Dallas,Nashville,2.0,0.0,False,2,1,1.0,1.0,5.0,2.0,-125.0,5.0,sbro,,,,
2012-13,2013-04-12,Detroit,Chicago,2.0,1.0,False,0,0,0.0,1.0,2.0,3.0,-180.0,5.0,sbro,,,,
2012-13,2013-04-12,Phoenix,Calgary,0.0,1.0,False,1,1,1.0,0.0,2.0,3.0,125.0,5.0,sbro,,,,
2012-13,2013-04-13,Vancouver,Colorado,2.0,0.0,False,0,1,1.0,3.0,3.0,4.0,140.0,5.0,sbro,,,,
2012-13,2013-04-13,Philadelphia,Buffalo,0.0,0.0,False,0,0,0.0,1.0,0.0,1.0,-115.0,5.5,sbro,,,,
2012-13,2013-04-13,NYRangers,NYIslanders,0.0,0.0,False,0,0,0.0,0.0,1.0,0.0,-110.0,5.0,sbro,,,,
2012-13,2013-04-13,Boston,Carolina,1.0,1.0,False,1,1,0.0,2.0,2.0,4.0,145.0,5.5,sbro,,,,
2012-13,2013-04-13,Montreal,Toronto,0.0,1.0,False,1,4,0.0,0.0,1.0,5.0,-116.0,5.5,sbro,,,,
2012-13,2013-04-13,TampaBay,Washington,2.0,2.0,False,0,3,3.0,0.0,5.0,6.0,-165.0,6.0,sbro,,,,
2012-13,2013-04-13,Pittsburgh,Florida,0.0,1.0,False,2,0,1.0,0.0,3.0,1.0,160.0,5.5,sbro,,,,
2012-13,2013-04-13,Columbus,Minnesota,2.0,0.0,False,0,1,0.0,1.0,3.0,2.0,-144.0,5.0,sbro,,,,
2012-13,2013-04-13,SanJose,Dallas,0.0,0.0,False,0,2,1.0,0.0,1.0,2.0,114.0,5.5,sbro,,,,
2012-13,2013-04-13,Calgary,Edmonton,2.0,0.0,False,1,1,1.0,0.0,4.0,1.0,-190.0,5.5,sbro,,,,
2012-13,2013-04-13,Anaheim,LosAngeles,1.0,1.0,False,0,1,0.0,0.0,1.0,2.0,-145.0,5.0,sbro,,,,
2012-13,2013-04-14,Chicago,St.Louis,1.0,0.0,False,0,0,1.0,0.0,2.0,0.0,-119.0,5.0,sbro,,,,
2012-13,2013-04-14,TampaBay,Buffalo,1.0,2.0,False,0,1,0.0,0.0,1.0,3.0,-123.0,5.5,sbro,,,,
2012-13,2013-04-14,Detroit,Nashville,1.0,0.0,False,0,0,2.0,0.0,3.0,0.0,-106.0,5.0,sbro,,,,
2012-13,2013-04-15,NewJersey,Toronto,0.0,0.0,False,0,0,0.0,2.0,0.0,2.0,-145.0,5.0,sbro,,,,
2012-13,2013-04-15,Philadelphia,Montreal,4.0,2.0,False,2,1,1.0,0.0,7.0,3.0,-193.0,5.5,sbro,,,,
2012-13,2013-04-15,Vancouver,Nashville,1.0,2.0,False,2,0,2.0,0.0,5.0,2.0,130.0,5.0,sbro,,,,
2012-13,2013-04-15,Dallas,Chicago,1.0,1.0,False,0,1,1.0,3.0,2.0,5.0,-182.0,5.5,sbro,,,,
2012-13,2013-04-15,Minnesota,Calgary,1.0,0.0,False,1,0,2.0,3.0,4.0,3.0,115.0,5.0,sbro,,,,
2012-13,2013-04-15,Columbus,Colorado,1.0,1.0,False,0,0,2.0,2.0,4.0,3.0,-110.0,5.0,sbro,,,,
2012-13,2013-04-15,SanJose,Phoenix,3.0,0.0,False,0,0,1.0,0.0,4.0,0.0,-116.0,5.0,sbro,,,,
2012-13,2013-04-16,Florida,NYIslanders,1.0,2.0,False,1,3,0.0,0.0,2.0,5.0,-205.0,5.5,sbro,,,,
2012-13,2013-04-16,Toronto,Washington,0.0,3.0,False,0,1,1.0,1.0,1.0,5.0,-150.0,5.5,sbro,,,,
2012-13,2013-04-16,Carolina,Ottawa,1.0,2.0,False,0,1,1.0,0.0,2.0,3.0,-165.0,5.5,sbro,,,,
2012-13,2013-04-16,NYRangers,Philadelphia,1.0,1.0,False,0,2,1.0,1.0,2.0,4.0,115.0,5.5,sbro,,,,
2012-13,2013-04-16,TampaBay,Winnipeg,0.0,2.0,False,1,1,2.0,0.0,3.0,4.0,-160.0,5.5,sbro,,,,
2012-13,2013-04-16,Vancouver,St.Louis,1.0,0.0,False,0,0,0.0,1.0,1.0,2.0,-125.0,5.0,sbro,,,,
2012-13,2013-04-16,Minnesota,Edmonton,2.0,0.0,False,1,1,2.0,2.0,5.0,3.0,-120.0,5.0,sbro,,,,
2012-13,2013-04-16,LosAngeles,SanJose,2.0,2.0,False,0,0,0.0,0.0,2.0,3.0,-116.0,5.0,sbro,,,,
2012-13,2013-04-17,Montreal,Pittsburgh,2.0,2.0,False,0,3,2.0,1.0,4.0,6.0,-134.0,5.5,sbro,,,,
2012-13,2013-04-17,Buffalo,Boston,0.0,1.0,False,1,1,1.0,0.0,3.0,2.0,-205.0,5.0,sbro,,,,
2012-13,2013-04-17,Detroit,Calgary,1.0,0.0,False,0,1,1.0,2.0,2.0,3.0,133.0,5.5,sbro,,,,
2012-13,2013-04-17,Columbus,Anaheim,1.0,0.0,False,0,1,1.0,1.0,3.0,2.0,-153.0,5.0,sbro,,,,
2012-13,2013-04-18,Florida,NYRangers,0.0,1.0,False,1,2,0.0,3.0,1.0,6.0,-255.0,5.0,sbro,,,,
2012-13,2013-04-18,NYIslanders,Toronto,1.0,0.0,False,3,2,1.0,1.0,5.0,3.0,-125.0,5.5,sbro,,,,
2012-13,2013-04-18,NewJersey,Philadelphia,1.0,0.0,False,0,0,2.0,0.0,3.0,0.0,-140.0,5.5,sbro,,,,
2012-13,2013-04-18,Washington,Ottawa,1.0,2.0,False,0,0,0.0,1.0,1.0,3.0,-115.0,5.5,sbro,,,,
2012-13,2013-04-18,TampaBay,Montreal,1.0,2.0,False,0,0,1.0,1.0,2.0,3.0,-180.0,5.5,sbro,,,,
2012-13,2013-04-18,Carolina,Winnipeg,1.0,1.0,False,0,1,2.0,1.0,3.0,4.0,-165.0,5.5,sbro,,,,
2012-13,2013-04-18,Phoenix,St.Louis,0.0,0.0,False,0,1,1.0,0.0,1.0,2.0,-180.0,5.0,sbro,,,,
2012-13,2013-04-18,Vancouver,Dallas,1.0,1.0,False,0,0,0.0,4.0,1.0,5.0,120.0,5.5,sbro,,,,
2012-13,2013-04-18,Minnesota,SanJose,1.0,2.0,False,0,1,0.0,3.0,1.0,6.0,-155.0,5.0,sbro,,,,
2012-13,2013-04-18,Columbus,LosAngeles,1.0,1.0,False,0,1,0.0,0.0,1.0,2.0,-175.0,5.0,sbro,,,,
2012-13,2013-04-19,NYRangers,Buffalo,4.0,3.0,False,3,0,1.0,1.0,8.0,4.0,103.0,5.0,sbro,,,,
2012-13,2013-04-19,Dallas,St.Louis,0.0,1.0,False,0,1,1.0,0.0,1.0,2.0,-170.0,5.0,sbro,,,,
2012-13,2013-04-19,Nashville,Chicago,1.0,1.0,False,2,2,1.0,1.0,4.0,5.0,-255.0,5.0,sbro,,,,
2012-13,2013-04-19,Anaheim,Calgary,0.0,1.0,False,0,0,1.0,2.0,1.0,3.0,143.0,5.5,sbro,,,,
2012-13,2013-04-19,Edmonton,Colorado,2.0,0.0,False,2,1,0.0,0.0,4.0,1.0,-117.0,5.0,sbro,,,,
2012-13,2013-04-20,Florida,NewJersey,0.0,4.0,False,2,1,0.0,1.0,2.0,6.0,-178.0,5.0,sbro,,,,
2012-13,2013-04-20,NYIslanders,Winnipeg,1.0,2.0,False,2,1,1.0,1.0,5.0,4.0,-123.0,5.5,sbro,,,,
2012-13,2013-04-20,Washington,Montreal,2.0,0.0,False,2,0,1.0,1.0,5.0,1.0,-144.0,5.5,sbro,,,,
2012-13,2013-04-20,Toronto,Ottawa,2.0,1.0,False,0,0,2.0,0.0,4.0,1.0,-118.0,5.0,sbro,,,,
2012-13,2013-04-20,Philadelphia,Carolina,2.0,1.0,False,1,1,2.0,1.0,5.0,3.0,-114.0,5.5,sbro,,,,
2012-13,2013-04-20,Phoenix,Chicago,0.0,1.0,False,2,1,0.0,0.0,3.0,2.0,-190.0,5.0,sbro,,,,
2012-13,2013-04-20,Detroit,Vancouver,0.0,0.0,False,1,1,0.0,0.0,1.0,2.0,-165.0,5.0,sbro,,,,
2012-13,2013-04-20,Pittsburgh,Boston,1.0,0.0,False,0,1,2.0,1.0,3.0,2.0,-123.0,5.5,sbro,,,,
2012-13,2013-04-21,Florida,Boston,0.0,1.0,False,0,1,0.0,1.0,0.0,3.0,-270.0,5.5,sbro,,,,
2012-13,2013-04-21,NewJersey,NYRangers,0.0,1.0,False,0,2,1.0,1.0,1.0,4.0,-177.0,5.0,sbro,,,,
2012-13,2013-04-21,Calgary,Minnesota,1.0,0.0,False,1,1,2.0,0.0,4.0,1.0,-220.0,5.0,sbro,,,,
2012-13,2013-04-21,Carolina,TampaBay,0.0,1.0,False,3,0,0.0,1.0,3.0,2.0,-154.0,6.0,sbro,,,,
2012-13,2013-04-21,St.Louis,Colorado,1.0,2.0,False,1,2,1.0,1.0,3.0,5.0,134.0,5.0,sbro,,,,
2012-13,2013-04-21,Columbus,SanJose,2.0,1.0,False,1,0,1.0,2.0,4.0,3.0,-163.0,5.0,sbro,,,,
2012-13,2013-04-21,Anaheim,Edmonton,1.0,0.0,False,1,1,1.0,0.0,3.0,1.0,-107.0,5.0,sbro,,,,
2012-13,2013-04-21,Dallas,LosAngeles,2.0,1.0,False,0,1,1.0,1.0,3.0,4.0,-190.0,5.0,sbro,,,,
2012-13,2013-04-22,Winnipeg,Buffalo,1.0,1.0,False,0,0,1.0,0.0,2.0,1.0,-111.0,5.5,sbro,,,,
2012-13,2013-04-22,Pittsburgh,Ottawa,0.0,0.0,False,2,0,1.0,1.0,3.0,1.0,-105.0,5.0,sbro,,,,
2012-13,2013-04-22,Phoenix,Detroit,0.0,1.0,False,0,2,0.0,1.0,0.0,4.0,-140.0,5.0,sbro,,,,
2012-13,2013-04-22,Anaheim,Edmonton,0.0,0.0,False,2,0,1.0,0.0,3.0,0.0,-105.0,5.5,sbro,,,,
2012-13,2013-04-22,Chicago,Vancouver,0.0,2.0,False,0,1,1.0,0.0,1.0,3.0,-115.0,5.0,sbro,,,,
2012-13,2013-04-23,Winnipeg,Washington,2.0,2.0,False,0,2,1.0,1.0,3.0,5.0,-159.0,5.5,sbro,,,,
2012-13,2013-04-23,Montreal,NewJersey,2.0,1.0,False,0,2,0.0,0.0,2.0,3.0,100.0,5.0,sbro,,,,
2012-13,2013-04-23,NYIslanders,Carolina,1.0,1.0,False,1,2,1.0,0.0,3.0,4.0,115.0,5.5,sbro,,,,
2012-13,2013-04-23,Boston,Philadelphia,0.0,2.0,False,1,1,1.0,2.0,2.0,5.0,110.0,5.5,sbro,,,,
2012-13,2013-04-23,NYRangers,Florida,0.0,1.0,False,0,0,2.0,2.0,2.0,3.0,192.0,5.0,sbro,,,,
2012-13,2013-04-23,Calgary,Nashville,1.0,1.0,False,1,1,1.0,2.0,3.0,4.0,-133.0,5.0,sbro,,,,
2012-13,2013-04-23,Colorado,St.Louis,1.0,2.0,False,0,1,0.0,0.0,1.0,3.0,-232.0,5.0,sbro,,,,
2012-13,2013-04-23,LosAngeles,Minnesota,1.0,0.0,False,0,2,0.0,0.0,1.0,2.0,-107.0,5.0,sbro,,,,
2012-13,2013-04-23,Dallas,SanJose,1.0,0.0,False,1,1,0.0,2.0,2.0,3.0,-175.0,5.0,sbro,,,,
2012-13,2013-04-23,Buffalo,Pittsburgh,0.0,0.0,False,1,1,3.0,1.0,4.0,2.0,-205.0,5.5,sbro,,,,
2012-13,2013-04-24,Toronto,TampaBay,1.0,2.0,False,1,0,0.0,3.0,2.0,5.0,-110.0,6.0,sbro,,,,
2012-13,2013-04-24,LosAngeles,Detroit,1.0,1.0,False,0,0,0.0,2.0,1.0,3.0,-120.0,5.0,sbro,,,,
2012-13,2013-04-24,Chicago,Edmonton,0.0,0.0,False,2,1,2.0,0.0,4.0,1.0,135.0,5.5,sbro,,,,
2012-13,2013-04-24,SanJose,Phoenix,1.0,0.0,False,0,2,0.0,0.0,1.0,2.0,-110.0,5.0,sbro,,,,
2012-13,2013-04-25,NYRangers,Carolina,0.0,2.0,False,2,0,1.0,1.0,4.0,3.0,125.0,5.5,sbro,,,,
2012-13,2013-04-25,Ottawa,Washington,1.0,0.0,False,0,0,0.0,1.0,2.0,1.0,-144.0,5.0,sbro,,,,
2012-13,2013-04-25,NYIslanders,Philadelphia,1.0,0.0,False,0,1,0.0,1.0,1.0,2.0,-108.0,6.0,sbro,,,,
2012-13,2013-04-25,Toronto,Florida,2.0,0.0,False,2,0,0.0,0.0,4.0,0.0,135.0,5.5,sbro,,,,
2012-13,2013-04-25,Pittsburgh,NewJersey,1.0,1.0,False,1,0,0.0,2.0,2.0,3.0,100.0,5.5,sbro,,,,
2012-13,2013-04-25,Nashville,Detroit,0.0,3.0,False,2,1,0.0,1.0,2.0,5.0,-200.0,5.0,sbro,,,,
2012-13,2013-04-25,Montreal,Winnipeg,1.0,1.0,False,0,1,3.0,0.0,4.0,2.0,-116.0,5.5,sbro,,,,
2012-13,2013-04-25,Calgary,St.Louis,1.0,3.0,False,0,0,0.0,1.0,1.0,4.0,-125.0,5.0,sbro,,,,
2012-13,2013-04-25,Columbus,Dallas,0.0,1.0,False,1,0,2.0,0.0,3.0,1.0,-123.0,5.0,sbro,,,,
2012-13,2013-04-25,Anaheim,Vancouver,2.0,0.0,False,0,0,1.0,1.0,3.0,1.0,-150.0,5.0,sbro,,,,
2012-13,2013-04-25,TampaBay,Boston,0.0,2.0,False,0,0,0.0,0.0,0.0,2.0,-210.0,5.5,sbro,,,,
2012-13,2013-04-26,NYIslanders,Buffalo,0.0,1.0,False,0,0,1.0,0.0,1.0,2.0,100.0,5.5,sbro,,,,
2012-13,2013-04-26,Edmonton,Minnesota,3.0,0.0,False,3,0,0.0,1.0,6.0,1.0,-200.0,5.0,sbro,,,,
2012-13,2013-04-26,Calgary,Chicago,1.0,0.0,False,0,2,0.0,1.0,1.0,3.0,-222.0,5.5,sbro,,,,
2012-13,2013-04-26,Colorado,Phoenix,1.0,1.0,False,3,2,0.0,1.0,5.0,4.0,-160.0,5.5,sbro,,,,
2012-13,2013-04-27,NewJersey,NYRangers,0.0,1.0,False,0,2,0.0,1.0,0.0,4.0,-170.0,5.0,sbro,,,,
2012-13,2013-04-27,Florida,TampaBay,1.0,1.0,False,1,2,3.0,0.0,5.0,3.0,-178.0,5.5,sbro,,,,
2012-13,2013-04-27,Nashville,Columbus,1.0,0.0,False,0,0,0.0,3.0,1.0,3.0,-225.0,5.0,sbro,,,,
2012-13,2013-04-27,Boston,Washington,1.0,0.0,False,1,0,0.0,2.0,2.0,3.0,105.0,5.5,sbro,,,,
2012-13,2013-04-27,Carolina,Pittsburgh,3.0,2.0,False,0,1,0.0,5.0,3.0,8.0,-195.0,5.5,sbro,,,,
2012-13,2013-04-27,Philadelphia,Ottawa,0.0,1.0,False,1,0,1.0,0.0,2.0,1.0,-170.0,5.5,sbro,,,,
2012-13,2013-04-27,Montreal,Toronto,2.0,0.0,False,1,1,1.0,0.0,4.0,1.0,105.0,5.5,sbro,,,,
2012-13,2013-04-27,Minnesota,Colorado,1.0,0.0,False,1,1,1.0,0.0,3.0,1.0,120.0,5.0,sbro,,,,
2012-13,2013-04-27,Chicago,St.Louis,0.0,1.0,False,0,2,1.0,0.0,1.0,3.0,-144.0,5.0,sbro,,,,
2012-13,2013-04-27,Detroit,Dallas,0.0,0.0,False,1,0,2.0,0.0,3.0,0.0,105.0,5.0,sbro,,,,
2012-13,2013-04-27,Vancouver,Edmonton,0.0,1.0,False,1,0,1.0,6.0,2.0,7.0,105.0,5.0,sbro,,,,
2012-13,2013-04-27,Phoenix,Anaheim,1.0,1.0,False,2,1,2.0,1.0,5.0,3.0,-155.0,5.0,sbro,,,,
2012-13,2013-04-27,SanJose,LosAngeles,1.0,2.0,False,0,0,1.0,1.0,2.0,3.0,-150.0,5.0,sbro,,,,
2012-13,2013-04-28,Ottawa,Boston,1.0,1.0,False,1,0,2.0,1.0,4.0,2.0,-230.0,5.0,sbro,,,,
2012-13,2013-04-30,Minnesota,Chicago,0.0,1.0,False,1,0,0.0,0.0,1.0,2.0,-215.0,5.0,sbro,,,,
2012-13,2013-04-30,LosAngeles,St.Louis,0.0,0.0,False,0,1,1.0,0.0,1.0,2.0,-125.0,5.0,sbro,,,,
2012-13,2013-04-30,Detroit,Anaheim,0.0,0.0,False,1,1,0.0,2.0,1.0,3.0,-144.0,5.0,sbro,,,,
2012-13,2013-05-01,Toronto,Boston,0.0,2.0,False,1,2,0.0,0.0,1.0,4.0,-180.0,5.0,sbro,,,,
2012-13,2013-05-01,NYIslanders,Pittsburgh,0.0,3.0,False,0,2,0.0,0.0,0.0,5.0,-225.0,5.5,sbro,,,,
2012-13,2013-05-01,SanJose,Vancouver,1.0,1.0,False,0,0,2.0,0.0,3.0,1.0,-144.0,5.0,sbro,,,,
2012-13,2013-05-02,Ottawa,Montreal,0.0,2.0,False,1,0,3.0,0.0,4.0,2.0,-170.0,5.0,sbro,,,,
2012-13,2013-05-02,NYRangers,Washington,0.0,3.0,False,1,0,0.0,0.0,1.0,3.0,-130.0,5.0,sbro,,,,
2012-13,2013-05-02,LosAngeles,St.Louis,0.0,0.0,False,1,0,0.0,2.0,1.0,2.0,-115.0,5.0,sbro,,,,
2012-13,2013-05-02,Detroit,Anaheim,1.0,1.0,False,2,0,1.0,3.0,5.0,4.0,-135.0,5.0,sbro,,,,
2012-13,2013-05-03,Ottawa,Montreal,1.0,3.0,False,0,0,0.0,0.0,1.0,3.0,-143.0,5.0,sbro,,,,
2012-13,2013-05-03,NYIslanders,Pittsburgh,2.0,0.0,False,1,3,1.0,0.0,4.0,3.0,-230.0,5.5,sbro,,,,
2012-13,2013-05-03,Minnesota,Chicago,1.0,1.0,False,0,1,1.0,3.0,2.0,5.0,-240.0,5.0,sbro,,,,
2012-13,2013-05-03,SanJose,Vancouver,0.0,0.0,False,1,0,1.0,2.0,3.0,2.0,-140.0,5.0,sbro,,,,
2012-13,2013-05-04,NYRangers,Washington,0.0,0.0,False,0,0,0.0,0.0,0.0,1.0,-125.0,5.0,sbro,,,,
2012-13,2013-05-04,Toronto,Boston,2.0,1.0,False,0,0,2.0,1.0,4.0,2.0,-182.0,5.0,sbro,,,,
2012-13,2013-05-04,Anaheim,Detroit,1.0,0.0,False,0,0,3.0,0.0,4.0,0.0,-130.0,5.0,sbro,,,,
2012-13,2013-05-04,St.Louis,LosAngeles,0.0,1.0,False,0,0,0.0,0.0,0.0,1.0,-153.0,4.5,sbro,,,,
2012-13,2013-05-05,Pittsburgh,NYIslanders,1.0,0.0,False,3,2,0.0,2.0,5.0,4.0,140.0,5.5,sbro,,,,
2012-13,2013-05-05,Chicago,Minnesota,0.0,0.0,False,1,1,1.0,1.0,2.0,3.0,140.0,5.0,sbro,,,,
2012-13,2013-05-05,Montreal,Ottawa,0.0,1.0,False,1,1,0.0,4.0,1.0,6.0,-135.0,5.0,sbro,,,,
2012-13,2013-05-05,Vancouver,SanJose,1.0,1.0,False,0,1,1.0,3.0,2.0,5.0,-140.0,5.0,sbro,,,,
2012-13,2013-05-06,Boston,Toronto,3.0,1.0,False,1,0,1.0,1.0,5.0,2.0,105.0,5.0,sbro,,,,
2012-13,2013-05-06,Washington,NYRangers,1.0,1.0,False,1,1,1.0,2.0,3.0,4.0,-138.0,5.0,sbro,,,,
2012-13,2013-05-06,Anaheim,Detroit,0.0,0.0,False,1,0,1.0,2.0,2.0,3.0,-123.0,5.0,sbro,,,,
2012-13,2013-05-06,St.Louis,LosAngeles,1.0,0.0,False,2,2,0.0,2.0,3.0,4.0,-144.0,4.5,sbro,,,,
2012-13,2013-05-07,Montreal,Ottawa,2.0,0.0,False,0,0,0.0,2.0,2.0,3.0,-140.0,5.0,sbro,,,,
2012-13,2013-05-07,Pittsburgh,NYIslanders,2.0,2.0,False,1,1,1.0,3.0,4.0,6.0,135.0,6.0,sbro,,,,
2012-13,2013-05-07,Chicago,Minnesota,1.0,0.0,False,1,0,1.0,0.0,3.0,0.0,150.0,5.0,sbro,,,,
2012-13,2013-05-07,Vancouver,SanJose,0.0,0.0,False,1,2,2.0,1.0,3.0,4.0,-160.0,5.0,sbro,,,,
2012-13,2013-05-08,Boston,Toronto,3.0,1.0,False,0,2,0.0,0.0,4.0,3.0,115.0,5.0,sbro,,,,
2012-13,2013-05-08,Washington,NYRangers,2.0,1.0,False,0,1,1.0,2.0,3.0,4.0,-140.0,5.0,sbro,,,,
2012-13,2013-05-08,LosAngeles,St.Louis,1.0,1.0,False,0,0,1.0,1.0,3.0,2.0,-130.0,4.5,sbro,,,,
2012-13,2013-05-08,Detroit,Anaheim,1.0,1.0,False,1,1,0.0,0.0,2.0,3.0,-145.0,5.0,sbro,,,,
2012-13,2013-05-09,Ottawa,Montreal,1.0,0.0,False,2,1,3.0,0.0,6.0,1.0,-122.0,5.0,sbro,,,,
2012-13,2013-05-09,NYIslanders,Pittsburgh,0.0,3.0,False,0,0,0.0,1.0,0.0,4.0,-200.0,6.0,sbro,,,,
2012-13,2013-05-09,Minnesota,Chicago,1.0,3.0,False,0,1,0.0,1.0,1.0,5.0,-265.0,5.0,sbro,,,,
2012-13,2013-05-10,Toronto,Boston,1.0,0.0,False,0,0,1.0,1.0,2.0,1.0,-205.0,5.5,sbro,,,,
2012-13,2013-05-10,NYRangers,Washington,0.0,1.0,False,1,0,0.0,0.0,1.0,2.0,-134.0,5.0,sbro,,,,
2012-13,2013-05-10,Anaheim,Detroit,1.0,0.0,False,0,1,2.0,2.0,3.0,4.0,-123.0,5.0,sbro,,,,
2012-13,2013-05-10,St.Louis,LosAngeles,1.0,1.0,False,0,1,0.0,0.0,1.0,2.0,-149.0,4.5,sbro,,,,
2012-13,2013-05-11,Pittsburgh,NYIslanders,1.0,0.0,False,1,2,1.0,1.0,4.0,3.0,145.0,6.0,sbro,,,,
2012-13,2013-05-12,Washington,NYRangers,0.0,1.0,False,0,0,0.0,0.0,0.0,1.0,-135.0,5.0,sbro,,,,
2012-13,2013-05-12,Boston,Toronto,0.0,0.0,False,0,0,1.0,2.0,1.0,2.0,110.0,5.0,sbro,,,,
2012-13,2013-05-12,Detroit,Anaheim,1.0,0.0,False,2,1,0.0,1.0,3.0,2.0,-134.0,5.0,sbro,,,,
2012-13,2013-05-13,Toronto,Boston,1.0,0.0,False,1,1,2.0,3.0,4.0,5.0,-183.0,5.0,sbro,,,,
2012-13,2013-05-13,NYRangers,Washington,2.0,0.0,False,1,0,2.0,0.0,5.0,0.0,-133.0,5.0,sbro,,,,
2012-13,2013-05-14,Ottawa,Pittsburgh,0.0,1.0,False,1,2,0.0,1.0,1.0,4.0,-200.0,5.5,sbro,,,,
2012-13,2013-05-14,SanJose,LosAngeles,0.0,1.0,False,0,1,0.0,0.0,0.0,2.0,-160.0,5.0,sbro,,,,
2012-13,2013-05-15,Detroit,Chicago,0.0,0.0,False,1,1,0.0,3.0,1.0,4.0,-193.0,5.0,sbro,,,,
2012-13,2013-05-16,NYRangers,Boston,1.0,1.0,False,0,0,1.0,1.0,2.0,3.0,-150.0,5.0,sbro,,,,
2012-13,2013-05-16,SanJose,LosAngeles,2.0,1.0,False,0,1,1.0,2.0,3.0,4.0,-143.0,4.5,sbro,,,,
2012-13,2013-05-17,Ottawa,Pittsburgh,1.0,2.0,False,1,2,1.0,0.0,3.0,4.0,-190.0,5.5,sbro,,,,
2012-13,2013-05-18,Detroit,Chicago,2.0,0.0,False,0,1,2.0,0.0,4.0,1.0,-200.0,5.0,sbro,,,,
2012-13,2013-05-18,LosAngeles,SanJose,0.0,0.0,False,1,1,0.0,0.0,1.0,2.0,-123.0,5.0,sbro,,,,
2012-13,2013-05-19,NYRangers,Boston,1.0,2.0,False,1,1,0.0,2.0,2.0,5.0,-123.0,5.0,sbro,,,,
2012-13,2013-05-19,Pittsburgh,Ottawa,1.0,0.0,False,0,0,0.0,1.0,1.0,2.0,105.0,5.5,sbro,,,,
2012-13,2013-05-20,Chicago,Detroit,0.0,2.0,False,0,0,1.0,1.0,1.0,3.0,115.0,5.0,sbro,,,,
2012-13,2013-05-21,Boston,NYRangers,0.0,1.0,False,0,0,2.0,0.0,2.0,1.0,-135.0,5.0,sbro,,,,
2012-13,2013-05-21,LosAngeles,SanJose,0.0,1.0,False,0,1,1.0,0.0,1.0,2.0,-135.0,4.5,sbro,,,,
2012-13,2013-05-22,Pittsburgh,Ottawa,2.0,0.0,False,1,2,4.0,1.0,7.0,3.0,120.0,5.5,sbro,,,,
2012-13,2013-05-23,Boston,NYRangers,2.0,1.0,False,0,0,1.0,2.0,3.0,4.0,-113.0,5.0,sbro,,,,
2012-13,2013-05-23,Chicago,Detroit,0.0,1.0,False,0,0,0.0,1.0,0.0,2.0,117.0,5.0,sbro,,,,
2012-13,2013-05-23,SanJose,LosAngeles,0.0,1.0,False,0,0,0.0,2.0,0.0,3.0,-149.0,4.5,sbro,,,,
2012-13,2013-05-24,Ottawa,Pittsburgh,1.0,3.0,False,0,1,1.0,2.0,2.0,6.0,-220.0,5.5,sbro,,,,
2012-13,2013-05-25,NYRangers,Boston,0.0,2.0,False,1,0,0.0,1.0,1.0,3.0,-155.0,5.0,sbro,,,,
2012-13,2013-05-25,Detroit,Chicago,1.0,2.0,False,0,1,0.0,1.0,1.0,4.0,-210.0,5.0,sbro,,,,
2012-13,2013-05-26,LosAngeles,SanJose,1.0,1.0,False,0,1,0.0,0.0,1.0,2.0,-130.0,4.5,sbro,,,,
2012-13,2013-05-27,Chicago,Detroit,0.0,1.0,False,1,1,3.0,1.0,4.0,3.0,102.0,5.0,sbro,,,,
2012-13,2013-05-28,SanJose,LosAngeles,0.0,2.0,False,0,0,1.0,0.0,1.0,2.0,-155.0,4.5,sbro,,,,
2012-13,2013-05-29,Detroit,Chicago,0.0,1.0,False,0,0,1.0,0.0,1.0,2.0,-215.0,5.0,sbro,,,,
2012-13,2013-06-01,Boston,Pittsburgh,0.0,0.0,False,1,0,2.0,0.0,3.0,0.0,-170.0,5.5,sbro,,,,
2012-13,2013-06-01,LosAngeles,Chicago,0.0,2.0,False,1,0,0.0,0.0,1.0,2.0,-155.0,5.0,sbro,,,,
2012-13,2013-06-02,LosAngeles,Chicago,1.0,2.0,False,0,2,1.0,0.0,2.0,4.0,-160.0,4.5,sbro,,,,
2012-13,2013-06-03,Boston,Pittsburgh,0.0,0.0,False,4,1,2.0,0.0,6.0,1.0,-180.0,5.5,sbro,,,,
2012-13,2013-06-04,Chicago,LosAngeles,1.0,1.0,False,0,1,0.0,1.0,1.0,3.0,-135.0,4.5,sbro,,,,
2012-13,2013-06-05,Pittsburgh,Boston,1.0,0.0,False,0,1,0.0,0.0,1.0,2.0,-120.0,5.5,sbro,,,,
2012-13,2013-06-06,Chicago,LosAngeles,1.0,1.0,False,1,1,1.0,0.0,3.0,2.0,-120.0,4.5,sbro,,,,
2012-13,2013-06-07,Pittsburgh,Boston,0.0,0.0,False,0,0,0.0,1.0,0.0,1.0,-122.0,5.5,sbro,,,,
2012-13,2013-06-08,LosAngeles,Chicago,1.0,0.0,False,0,2,2.0,1.0,3.0,4.0,-163.0,4.5,sbro,,,,
2012-13,2013-06-12,Boston,Chicago,1.0,1.0,False,1,0,1.0,2.0,3.0,4.0,-155.0,5.0,sbro,,,,
2012-13,2013-06-15,Boston,Chicago,1.0,0.0,False,0,1,0.0,0.0,2.0,1.0,-155.0,5.0,sbro,,,,
2012-13,2013-06-17,Chicago,Boston,0.0,2.0,False,0,0,0.0,0.0,0.0,2.0,-125.0,5.0,sbro,,,,
2012-13,2013-06-19,Chicago,Boston,3.0,2.0,False,1,1,1.0,2.0,6.0,5.0,-135.0,4.5,sbro,,,,
2012-13,2013-06-22,Boston,Chicago,0.0,1.0,False,0,1,1.0,1.0,1.0,3.0,-150.0,5.0,sbro,,,,
2012-13,2013-06-24,Chicago,Boston,1.0,0.0,False,0,1,2.0,1.0,3.0,2.0,-130.0,4.5,sbro,,,,
