created_utc,sport,league,game_id,game_time_utc,away_zh,home_zh,market,side,line,pick_zh,kind,odds,odds_src,p,p_src,ev,stake_pct,status,note
2026-09-30T16:59Z,nhl,nhl,sr:match:72908908,2026-09-30T23:30Z,島人,楓葉,ml,away,,島人,us,2.09,us,0.4934,模型一,0.0312,,,
2026-10-01T19:38Z,nhl,nhl,sr:match:72886422,2026-10-01T23:00Z,飛人,魔鬼,ml,home,,魔鬼,us,1.5882,us,0.6439,模型一,0.0226,,,
2026-10-02T19:39Z,nhl,nhl,sr:match:72886434,2026-10-02T22:30Z,遊騎兵,紅翼,ml,home,,紅翼,us,1.7814,us,0.5739,模型一,0.0223,,,
2026-10-02T23:19Z,nhl,nhl,sr:match:72908924,2026-10-03T23:00Z,颶風,飛人,ml,home,,飛人,us,2.1,us,0.4903,模型一,0.0296,,,
2026-10-03T18:41Z,nhl,nhl,sr:match:72908914,2026-10-04T00:00Z,星,掠奪者,ml,home,,掠奪者,us,2.185,us,0.4715,模型一,0.0302,,,
2026-10-05T09:35Z,nhl,nhl,sr:match:72908942,2026-10-05T23:30Z,噴射機,企鵝,ml,home,,企鵝,us,1.5882,us,0.6432,模型一,0.0215,,,
2026-10-05T22:29Z,nhl,nhl,sr:match:72908942,2026-10-05T23:30Z,噴射機,企鵝,ml,home,,企鵝,us,1.5556,us,0.6427,模型一,-0.0002,,cancel,期望值變成 -0.0%
2026-10-06T14:54Z,nhl,nhl,sr:match:72908950,2026-10-06T23:00Z,參議員,紅翼,ml,home,,紅翼,us,1.9479,us,0.5355,模型一,0.0431,,,
2026-10-08T00:34Z,nhl,nhl,sr:match:72908972,2026-10-08T23:00Z,加人,颶風,sp,away,1.5,加人 +1.5,us,2.24,us,0.4809,Pinnacle,0.0772,,,
2026-10-08T02:04Z,nhl,nhl,sr:match:72908972,2026-10-08T23:00Z,加人,颶風,sp,away,1.5,加人 +1.5,us,2.05,us,0.469,Pinnacle,-0.0385,,cancel,期望值變成 -3.9%
2026-10-08T14:44Z,nhl,nhl,sr:match:72908960,2026-10-09T01:00Z,雪崩,火焰,ml,home,,火焰,us,2.95,us,0.3563,模型一,0.0511,,,
2026-10-08T16:27Z,nhl,nhl,sr:match:72908970,2026-10-08T23:00Z,荒野,閃電,ou,over,6,大 6,us,2,us,0.516,Pinnacle,0.0321,,,
