timestamp_utc,sport,event_id,game_time_utc,season_type,series_note,away_team,home_team,venue,city,region,indoor,neutral_site,temp_f,wind_mph,wind_dir_deg,precip_prob_pct,away_probable_pitcher,home_probable_pitcher,umpire_name,away_pitcher_stat,home_pitcher_stat,away_record,home_record,away_road_record,home_home_record,away_rest_days,home_rest_days,away_b2b,home_b2b,away_games_7d,home_games_7d,away_last_away,home_last_away,away_out_n,home_out_n,away_injuries,home_injuries
2026-09-28T14:22:11.269713+00:00,nhl,401891773,2026-09-29T21:00:00+00:00,regular,,Florida Panthers,Carolina Hurricanes,Lenovo Center,Raleigh,NC,True,False,,,,,,,,,,,,,,,,,,,,,,,,,
2026-09-28T14:22:11.269713+00:00,nhl,401891827,2026-09-29T23:00:00+00:00,regular,,Montreal Canadiens,Toronto Maple Leafs,Scotiabank Arena,Toronto,ON,True,False,,,,,,,,,,,,,,,,,,,,,,,,,
2026-09-28T14:22:11.269713+00:00,nhl,401891774,2026-09-30T00:00:00+00:00,regular,,New York Rangers,Boston Bruins,TD Garden,Boston,MA,True,False,,,,,,,,,,,,,,,,,,,,,,,,,
2026-09-28T14:22:11.269713+00:00,nhl,401891804,2026-09-30T02:00:00+00:00,regular,,Vancouver Canucks,Edmonton Oilers,Rogers Place,Edmonton,AB,True,False,,,,,,,,,,,,,,,,,,,,,,,,,
2026-09-28T17:19:00.747603+00:00,nhl,401891773,2026-09-29T21:00:00+00:00,regular,,Florida Panthers,Carolina Hurricanes,Lenovo Center,Raleigh,NC,True,False,,,,,,,,,,,,,,,,,,,,,,,,,
2026-09-28T17:19:00.747603+00:00,nhl,401891827,2026-09-29T23:00:00+00:00,regular,,Montreal Canadiens,Toronto Maple Leafs,Scotiabank Arena,Toronto,ON,True,False,,,,,,,,,,,,,,,,,,,,,,,,,
2026-09-28T17:19:00.747603+00:00,nhl,401891774,2026-09-30T00:00:00+00:00,regular,,New York Rangers,Boston Bruins,TD Garden,Boston,MA,True,False,,,,,,,,,,,,,,,,,,,,,,,,,
2026-09-28T17:19:00.747603+00:00,nhl,401891804,2026-09-30T02:00:00+00:00,regular,,Vancouver Canucks,Edmonton Oilers,Rogers Place,Edmonton,AB,True,False,,,,,,,,,,,,,,,,,,,,,,,,,
2026-09-28T17:19:00.747603+00:00,nhl,401891775,2026-09-30T02:30:00+00:00,regular,,Chicago Blackhawks,Vegas Golden Knights,T-Mobile Arena,Las Vegas,NV,True,False,,,,,,,,,,,,,,,,,,,,,,,,,
2026-09-28T20:17:41.377757+00:00,nhl,401891773,2026-09-29T21:00:00+00:00,regular,,Florida Panthers,Carolina Hurricanes,Lenovo Center,Raleigh,NC,True,False,,,,,,,,,,,,,,,,,,,,,,,,,
2026-09-28T20:17:41.377757+00:00,nhl,401891827,2026-09-29T23:00:00+00:00,regular,,Montreal Canadiens,Toronto Maple Leafs,Scotiabank Arena,Toronto,ON,True,False,,,,,,,,,,,,,,,,,,,,,,,,,
2026-09-28T20:17:41.377757+00:00,nhl,401891774,2026-09-30T00:00:00+00:00,regular,,New York Rangers,Boston Bruins,TD Garden,Boston,MA,True,False,,,,,,,,,,,,,,,,,,,,,,,,,
2026-09-28T20:17:41.377757+00:00,nhl,401891804,2026-09-30T02:00:00+00:00,regular,,Vancouver Canucks,Edmonton Oilers,Rogers Place,Edmonton,AB,True,False,,,,,,,,,,,,,,,,,,,,,,,,,
2026-09-28T20:17:41.377757+00:00,nhl,401891775,2026-09-30T02:30:00+00:00,regular,,Chicago Blackhawks,Vegas Golden Knights,T-Mobile Arena,Las Vegas,NV,True,False,,,,,,,,,,,,,,,,,,,,,,,,,
2026-09-28T23:17:34.335477+00:00,nhl,401891773,2026-09-29T21:00:00+00:00,regular,,Florida Panthers,Carolina Hurricanes,Lenovo Center,Raleigh,NC,True,False,,,,,,,,,,,,,,,,,,,,,,,,,
2026-09-28T23:17:34.335477+00:00,nhl,401891827,2026-09-29T23:00:00+00:00,regular,,Montreal Canadiens,Toronto Maple Leafs,Scotiabank Arena,Toronto,ON,True,False,,,,,,,,,,,,,,,,,,,,,,,,,
2026-09-28T23:17:34.335477+00:00,nhl,401891774,2026-09-30T00:00:00+00:00,regular,,New York Rangers,Boston Bruins,TD Garden,Boston,MA,True,False,,,,,,,,,,,,,,,,,,,,,,,,,
2026-09-28T23:17:34.335477+00:00,nhl,401891804,2026-09-30T02:00:00+00:00,regular,,Vancouver Canucks,Edmonton Oilers,Rogers Place,Edmonton,AB,True,False,,,,,,,,,,,,,,,,,,,,,,,,,
2026-09-28T23:17:34.335477+00:00,nhl,401891775,2026-09-30T02:30:00+00:00,regular,,Chicago Blackhawks,Vegas Golden Knights,T-Mobile Arena,Las Vegas,NV,True,False,,,,,,,,,,,,,,,,,,,,,,,,,
2026-09-29T14:20:41.914910+00:00,nhl,401891773,2026-09-29T21:00:00+00:00,regular,,Florida Panthers,Carolina Hurricanes,Lenovo Center,Raleigh,NC,True,False,,,,,Jacob Markstrom,Brandon Bussi,,,,0-0-0,0-0-0,0-0-0,0-0-0,3,3,False,False,3,3,False,True,2,2,缺陣：J. Gadjovich(LW)、B. Marchand(LW),缺陣：S. Jarvis(C)、A. Nikishin(D)
2026-09-29T14:20:41.914910+00:00,nhl,401891827,2026-09-29T23:00:00+00:00,regular,,Montreal Canadiens,Toronto Maple Leafs,Scotiabank Arena,Toronto,ON,True,False,,,,,Jakub Dobes,Sergei Bobrovsky,,,,0-0-0,0-0-0,0-0-0,0-0-0,3,6,False,False,2,2,False,False,1,4,缺陣：K. Guhle(D)｜存疑：O. Kapanen(C)、I. Demidov(RW),缺陣：W. Villeneuve(D)、M. Domi(C)、D. Joshua(C)、E. Merzlikins(G)｜存疑：K. Marchenko(RW)
2026-09-29T14:20:41.914910+00:00,nhl,401891774,2026-09-30T00:00:00+00:00,regular,,New York Rangers,Boston Bruins,TD Garden,Boston,MA,True,False,,,,,Igor Shesterkin,Jeremy Swayman,,,,0-0-0,0-0-0,0-0-0,0-0-0,4,4,False,False,2,2,True,True,3,2,缺陣：V. Iorio(D)、A. Sykora(LW)、A. Thompson(C),缺陣：M. Poitras(C)、C. McAvoy(D)
2026-09-29T14:20:41.914910+00:00,nhl,401891804,2026-09-30T02:00:00+00:00,regular,,Vancouver Canucks,Edmonton Oilers,Rogers Place,Edmonton,AB,True,False,,,,,Kevin Lankinen,Tristan Jarry,,,,0-0-0,0-0-0,0-0-0,0-0-0,3,3,False,False,2,2,False,False,3,5,缺陣：T. Demko(G)、M. MacEachern(LW)、F. Chytil(C),缺陣：J. Dickinson(C)、M. Savoie(C)、F. Andersen(G)、A. Regula(D)、M. Janmark(C)
2026-09-29T14:20:41.914910+00:00,nhl,401891775,2026-09-30T02:30:00+00:00,regular,,Chicago Blackhawks,Vegas Golden Knights,T-Mobile Arena,Las Vegas,NV,True,False,,,,,Spencer Knight,Carter Hart,,,,0-0-0,0-0-0,0-0-0,0-0-0,3,3,False,False,2,2,False,False,1,1,缺陣：C. Bedard(C),缺陣：L. Cormier(D)｜存疑：R. Lavoie(C)
2026-09-29T14:20:41.914910+00:00,nhl,401891821,2026-09-30T23:30:00+00:00,regular,,Pittsburgh Penguins,Philadelphia Flyers,Xfinity Mobile Arena,Philadelphia,PA,True,False,,,,,Arturs Silovs,Dan Vladar,,,,0-0-0,0-0-0,0-0-0,0-0-0,4,4,False,False,2,2,True,False,5,2,缺陣：B. Lizotte(C)、T. Broz(C)、A. Kuzmenko(LW)、B. Rust(RW)、B. Kindel(C),缺陣：H. Grans(D)、D. Barkey(C)｜存疑：D. Vladar(G)
2026-09-29T14:20:41.914910+00:00,nhl,401892431,2026-09-30T23:30:00+00:00,regular,,New York Islanders,Toronto Maple Leafs,Scotiabank Arena,Toronto,ON,True,False,,,,,Ilya Sorokin,Anthony Stolarz,,,,0-0-0,0-0-0,0-0-0,0-0-0,4,7,False,False,2,0,False,False,1,4,缺陣：M. Barzal(C),缺陣：W. Villeneuve(D)、M. Domi(C)、D. Joshua(C)、E. Merzlikins(G)｜存疑：K. Marchenko(RW)
2026-09-29T14:20:41.914910+00:00,nhl,401891780,2026-10-01T02:00:00+00:00,regular,,Los Angeles Kings,Colorado Avalanche,Ball Arena,Denver,CO,True,False,,,,,Darcy Kuemper,Mackenzie Blackwood,,,,0-0-0,0-0-0,0-0-0,0-0-0,4,4,False,False,2,2,False,True,3,5,缺陣：O. Salin(D)、J. Dvorak(D)、J. Jenik(C)｜存疑：C. Perry(RW)、J. Edmundson(D),缺陣：T. Miner(G)、G. Merkulov(C)、T. Makar(LW)、Z. L'Heureux(LW)、L. O'Connor(RW)
