timestamp_utc,sport,league,pin_id,units,game_time_utc,hours_until_game,home_team,away_team,period,market,team,side,line,odds,limit
2026-10-01T00:54:59.729837+00:00,nfl,nfl,1637435170,Regular,2026-10-04T13:30:00+00:00,84.58,Washington Commanders,Indianapolis Colts,3,moneyline,,home,,2.41,500
2026-10-01T00:54:59.729837+00:00,nfl,nfl,1637435170,Regular,2026-10-04T13:30:00+00:00,84.58,Washington Commanders,Indianapolis Colts,3,moneyline,,away,,1.6135,500
2026-10-01T00:54:59.729837+00:00,nfl,nfl,1637435170,Regular,2026-10-04T13:30:00+00:00,84.58,Washington Commanders,Indianapolis Colts,3,team_total,home,over,3.5,2.32,500
2026-10-01T00:54:59.729837+00:00,nfl,nfl,1637435170,Regular,2026-10-04T13:30:00+00:00,84.58,Washington Commanders,Indianapolis Colts,3,team_total,home,under,3.5,1.6452,500
2026-10-01T00:54:59.729837+00:00,nfl,nfl,1637435170,Regular,2026-10-04T13:30:00+00:00,84.58,Washington Commanders,Indianapolis Colts,3,team_total,away,over,3.5,1.7519,500
2026-10-01T00:54:59.729837+00:00,nfl,nfl,1637435170,Regular,2026-10-04T13:30:00+00:00,84.58,Washington Commanders,Indianapolis Colts,3,team_total,away,under,3.5,2.14,500
2026-10-01T00:54:59.729837+00:00,nfl,nfl,1637435170,Regular,2026-10-04T13:30:00+00:00,84.58,Washington Commanders,Indianapolis Colts,3,spread,,home,0.5,1.8696,500
2026-10-01T00:54:59.729837+00:00,nfl,nfl,1637435170,Regular,2026-10-04T13:30:00+00:00,84.58,Washington Commanders,Indianapolis Colts,3,spread,,away,-0.5,2.0,500
2026-10-01T00:54:59.729837+00:00,nfl,nfl,1637432966,Regular,2026-10-04T17:00:00+00:00,88.08,Cincinnati Bengals,Jacksonville Jaguars,0,moneyline,,home,,1.6667,20000
2026-10-01T00:54:59.729837+00:00,nfl,nfl,1637432966,Regular,2026-10-04T17:00:00+00:00,88.08,Cincinnati Bengals,Jacksonville Jaguars,0,moneyline,,away,,2.3,20000
2026-10-01T00:54:59.729837+00:00,nfl,nfl,1637432966,Regular,2026-10-04T17:00:00+00:00,88.08,Cincinnati Bengals,Jacksonville Jaguars,0,team_total,home,over,26.5,1.7752,2000
2026-10-01T00:54:59.729837+00:00,nfl,nfl,1637432966,Regular,2026-10-04T17:00:00+00:00,88.08,Cincinnati Bengals,Jacksonville Jaguars,0,team_total,home,under,26.5,2.1,2000
2026-10-01T00:54:59.729837+00:00,nfl,nfl,1637432966,Regular,2026-10-04T17:00:00+00:00,88.08,Cincinnati Bengals,Jacksonville Jaguars,0,team_total,away,over,24.5,2.06,2000
2026-10-01T00:54:59.729837+00:00,nfl,nfl,1637432966,Regular,2026-10-04T17:00:00+00:00,88.08,Cincinnati Bengals,Jacksonville Jaguars,0,team_total,away,under,24.5,1.8065,2000
2026-10-01T00:54:59.729837+00:00,nfl,nfl,1637432966,Regular,2026-10-04T17:00:00+00:00,88.08,Cincinnati Bengals,Jacksonville Jaguars,0,spread,,home,-2.5,1.8403,30000
2026-10-01T00:54:59.729837+00:00,nfl,nfl,1637432966,Regular,2026-10-04T17:00:00+00:00,88.08,Cincinnati Bengals,Jacksonville Jaguars,0,spread,,away,2.5,2.06,30000
2026-10-01T00:54:59.729837+00:00,nfl,nfl,1637432966,Regular,2026-10-04T17:00:00+00:00,88.08,Cincinnati Bengals,Jacksonville Jaguars,1,moneyline,,home,,1.7576,500
2026-10-01T00:54:59.729837+00:00,nfl,nfl,1637432966,Regular,2026-10-04T17:00:00+00:00,88.08,Cincinnati Bengals,Jacksonville Jaguars,1,moneyline,,away,,2.17,500
2026-10-01T00:54:59.729837+00:00,nfl,nfl,1637432966,Regular,2026-10-04T17:00:00+00:00,88.08,Cincinnati Bengals,Jacksonville Jaguars,1,team_total,home,over,13.5,1.9346,500
2026-10-01T00:54:59.729837+00:00,nfl,nfl,1637432966,Regular,2026-10-04T17:00:00+00:00,88.08,Cincinnati Bengals,Jacksonville Jaguars,1,team_total,home,under,13.5,1.9346,500
2026-10-01T00:54:59.729837+00:00,nfl,nfl,1637432966,Regular,2026-10-04T17:00:00+00:00,88.08,Cincinnati Bengals,Jacksonville Jaguars,1,team_total,away,over,10.5,1.8929,500
2026-10-01T00:54:59.729837+00:00,nfl,nfl,1637432966,Regular,2026-10-04T17:00:00+00:00,88.08,Cincinnati Bengals,Jacksonville Jaguars,1,team_total,away,under,10.5,1.9804,500
2026-10-01T00:54:59.729837+00:00,nfl,nfl,1637432966,Regular,2026-10-04T17:00:00+00:00,88.08,Cincinnati Bengals,Jacksonville Jaguars,1,spread,,home,-1.5,2.0,500
2026-10-01T00:54:59.729837+00:00,nfl,nfl,1637432966,Regular,2026-10-04T17:00:00+00:00,88.08,Cincinnati Bengals,Jacksonville Jaguars,1,spread,,away,1.5,1.8929,500
2026-10-01T00:54:59.729837+00:00,nfl,nfl,1637432966,Regular,2026-10-04T17:00:00+00:00,88.08,Cincinnati Bengals,Jacksonville Jaguars,1,total,,over,24.0,1.7874,500
2026-10-01T00:54:59.729837+00:00,nfl,nfl,1637432966,Regular,2026-10-04T17:00:00+00:00,88.08,Cincinnati Bengals,Jacksonville Jaguars,1,total,,under,24.0,2.11,500
2026-10-01T00:54:59.729837+00:00,nfl,nfl,1637432966,Regular,2026-10-04T17:00:00+00:00,88.08,Cincinnati Bengals,Jacksonville Jaguars,3,moneyline,,home,,1.8475,500
2026-10-01T00:54:59.729837+00:00,nfl,nfl,1637432966,Regular,2026-10-04T17:00:00+00:00,88.08,Cincinnati Bengals,Jacksonville Jaguars,3,moneyline,,away,,2.03,500
2026-10-01T00:54:59.729837+00:00,nfl,nfl,1637432966,Regular,2026-10-04T17:00:00+00:00,88.08,Cincinnati Bengals,Jacksonville Jaguars,3,team_total,home,over,6.5,1.9524,500
2026-10-01T00:54:59.729837+00:00,nfl,nfl,1637432966,Regular,2026-10-04T17:00:00+00:00,88.08,Cincinnati Bengals,Jacksonville Jaguars,3,team_total,home,under,6.5,1.9009,500
2026-10-01T00:54:59.729837+00:00,nfl,nfl,1637432966,Regular,2026-10-04T17:00:00+00:00,88.08,Cincinnati Bengals,Jacksonville Jaguars,3,team_total,away,over,3.5,2.03,500
2026-10-01T00:54:59.729837+00:00,nfl,nfl,1637432966,Regular,2026-10-04T17:00:00+00:00,88.08,Cincinnati Bengals,Jacksonville Jaguars,3,team_total,away,under,3.5,1.8333,500
2026-10-01T00:54:59.729837+00:00,nfl,nfl,1637432966,Regular,2026-10-04T17:00:00+00:00,88.08,Cincinnati Bengals,Jacksonville Jaguars,3,spread,,home,-0.5,2.26,500
2026-10-01T00:54:59.729837+00:00,nfl,nfl,1637432966,Regular,2026-10-04T17:00:00+00:00,88.08,Cincinnati Bengals,Jacksonville Jaguars,3,spread,,away,0.5,1.6849,500
2026-10-01T01:37:20.942138+00:00,nfl,nfl,1637432965,Regular,2026-10-02T00:15:00+00:00,22.63,Cleveland Browns,Pittsburgh Steelers,0,moneyline,,home,,2.36,10000
2026-10-01T01:37:20.942138+00:00,nfl,nfl,1637432965,Regular,2026-10-02T00:15:00+00:00,22.63,Cleveland Browns,Pittsburgh Steelers,0,moneyline,,away,,1.6494,10000
2026-10-01T01:37:20.942138+00:00,nfl,nfl,1637432965,Regular,2026-10-02T00:15:00+00:00,22.63,Cleveland Browns,Pittsburgh Steelers,0,team_total,home,over,17.5,1.9804,2000
2026-10-01T01:37:20.942138+00:00,nfl,nfl,1637432965,Regular,2026-10-02T00:15:00+00:00,22.63,Cleveland Browns,Pittsburgh Steelers,0,team_total,home,under,17.5,1.8772,2000
2026-10-01T01:37:20.942138+00:00,nfl,nfl,1637432965,Regular,2026-10-02T00:15:00+00:00,22.63,Cleveland Browns,Pittsburgh Steelers,0,team_total,away,over,19.5,1.7353,2000
2026-10-01T01:37:20.942138+00:00,nfl,nfl,1637432965,Regular,2026-10-02T00:15:00+00:00,22.63,Cleveland Browns,Pittsburgh Steelers,0,team_total,away,under,19.5,2.16,2000
2026-10-01T01:37:20.942138+00:00,nfl,nfl,1637432965,Regular,2026-10-02T00:15:00+00:00,22.63,Cleveland Browns,Pittsburgh Steelers,0,spread,,home,3.0,1.8696,30000
2026-10-01T01:37:20.942138+00:00,nfl,nfl,1637432965,Regular,2026-10-02T00:15:00+00:00,22.63,Cleveland Browns,Pittsburgh Steelers,0,spread,,away,-3.0,2.02,30000
2026-10-01T01:37:20.942138+00:00,nfl,nfl,1637432965,Regular,2026-10-02T00:15:00+00:00,22.63,Cleveland Browns,Pittsburgh Steelers,3,moneyline,,away,,1.7299,3000
2026-10-01T01:37:20.942138+00:00,nfl,nfl,1637432965,Regular,2026-10-02T00:15:00+00:00,22.63,Cleveland Browns,Pittsburgh Steelers,3,spread,,home,0.5,1.6667,3000
2026-10-01T01:37:20.942138+00:00,nfl,nfl,1637432965,Regular,2026-10-02T00:15:00+00:00,22.63,Cleveland Browns,Pittsburgh Steelers,1,moneyline,,home,,2.42,3000
2026-10-01T01:37:20.942138+00:00,nfl,nfl,1637432965,Regular,2026-10-02T00:15:00+00:00,22.63,Cleveland Browns,Pittsburgh Steelers,1,moneyline,,away,,1.6211,3000
2026-10-01T01:37:20.942138+00:00,nfl,nfl,1637432965,Regular,2026-10-02T00:15:00+00:00,22.63,Cleveland Browns,Pittsburgh Steelers,1,team_total,home,over,7.5,2.05,2000
2026-10-01T01:37:20.942138+00:00,nfl,nfl,1637432965,Regular,2026-10-02T00:15:00+00:00,22.63,Cleveland Browns,Pittsburgh Steelers,1,team_total,home,under,7.5,1.8264,2000
2026-10-01T01:37:20.942138+00:00,nfl,nfl,1637432965,Regular,2026-10-02T00:15:00+00:00,22.63,Cleveland Browns,Pittsburgh Steelers,1,team_total,away,over,9.5,1.7407,2000
2026-10-01T01:37:20.942138+00:00,nfl,nfl,1637432965,Regular,2026-10-02T00:15:00+00:00,22.63,Cleveland Browns,Pittsburgh Steelers,1,team_total,away,under,9.5,2.18,2000
2026-10-01T01:37:20.942138+00:00,nfl,nfl,1637432965,Regular,2026-10-02T00:15:00+00:00,22.63,Cleveland Browns,Pittsburgh Steelers,1,spread,,home,0.5,2.1,3000
2026-10-01T01:37:20.942138+00:00,nfl,nfl,1637432965,Regular,2026-10-02T00:15:00+00:00,22.63,Cleveland Browns,Pittsburgh Steelers,1,spread,,away,-0.5,1.8065,3000
2026-10-01T01:49:34.659009+00:00,nfl,nfl,1637432965,Regular,2026-10-02T00:15:00+00:00,22.42,Cleveland Browns,Pittsburgh Steelers,0,moneyline,,home,,2.35,10000
2026-10-01T01:49:34.659009+00:00,nfl,nfl,1637432965,Regular,2026-10-02T00:15:00+00:00,22.42,Cleveland Browns,Pittsburgh Steelers,0,moneyline,,away,,1.6536,10000
2026-10-01T01:49:34.659009+00:00,nfl,nfl,1637432965,Regular,2026-10-02T00:15:00+00:00,22.42,Cleveland Browns,Pittsburgh Steelers,0,team_total,home,over,17.5,1.9709,2000
2026-10-01T01:49:34.659009+00:00,nfl,nfl,1637432965,Regular,2026-10-02T00:15:00+00:00,22.42,Cleveland Browns,Pittsburgh Steelers,0,team_total,away,over,19.5,1.7407,2000
2026-10-01T01:49:34.659009+00:00,nfl,nfl,1637432965,Regular,2026-10-02T00:15:00+00:00,22.42,Cleveland Browns,Pittsburgh Steelers,0,spread,,home,3.0,1.8621,30000
2026-10-01T01:49:34.659009+00:00,nfl,nfl,1637432965,Regular,2026-10-02T00:15:00+00:00,22.42,Cleveland Browns,Pittsburgh Steelers,0,spread,,away,-3.0,2.03,30000
2026-10-01T01:49:34.659009+00:00,nfl,nfl,1637432965,Regular,2026-10-02T00:15:00+00:00,22.42,Cleveland Browns,Pittsburgh Steelers,3,moneyline,,home,,2.18,3000
2026-10-01T01:49:34.659009+00:00,nfl,nfl,1637432965,Regular,2026-10-02T00:15:00+00:00,22.42,Cleveland Browns,Pittsburgh Steelers,3,moneyline,,away,,1.7353,3000
2026-10-01T01:49:34.659009+00:00,nfl,nfl,1637432965,Regular,2026-10-02T00:15:00+00:00,22.42,Cleveland Browns,Pittsburgh Steelers,3,team_total,away,under,0.5,2.5,1000
2026-10-01T01:49:34.659009+00:00,nfl,nfl,1637432965,Regular,2026-10-02T00:15:00+00:00,22.42,Cleveland Browns,Pittsburgh Steelers,3,spread,,home,0.5,1.6623,3000
2026-10-01T01:49:34.659009+00:00,nfl,nfl,1637432965,Regular,2026-10-02T00:15:00+00:00,22.42,Cleveland Browns,Pittsburgh Steelers,3,spread,,away,-0.5,2.31,3000
2026-10-01T01:49:34.659009+00:00,nfl,nfl,1637432965,Regular,2026-10-02T00:15:00+00:00,22.42,Cleveland Browns,Pittsburgh Steelers,1,moneyline,,home,,2.41,3000
2026-10-01T01:49:34.659009+00:00,nfl,nfl,1637432965,Regular,2026-10-02T00:15:00+00:00,22.42,Cleveland Browns,Pittsburgh Steelers,1,moneyline,,away,,1.625,3000
2026-10-01T01:49:34.659009+00:00,nfl,nfl,1637432965,Regular,2026-10-02T00:15:00+00:00,22.42,Cleveland Browns,Pittsburgh Steelers,1,team_total,home,under,7.5,1.8333,2000
2026-10-01T01:49:34.659009+00:00,nfl,nfl,1637432965,Regular,2026-10-02T00:15:00+00:00,22.42,Cleveland Browns,Pittsburgh Steelers,1,team_total,away,under,9.5,2.17,2000
2026-10-01T01:59:14.201725+00:00,nfl,nfl,1637435175,Regular,2026-10-04T17:00:00+00:00,87.01,Baltimore Ravens,Tennessee Titans,3,moneyline,,home,,1.365,500
2026-10-01T01:59:14.201725+00:00,nfl,nfl,1637435175,Regular,2026-10-04T17:00:00+00:00,87.01,Baltimore Ravens,Tennessee Titans,3,moneyline,,away,,3.26,500
2026-10-01T01:59:14.201725+00:00,nfl,nfl,1637435175,Regular,2026-10-04T17:00:00+00:00,87.01,Baltimore Ravens,Tennessee Titans,3,team_total,away,over,0.5,2.04,500
2026-10-01T01:59:14.201725+00:00,nfl,nfl,1637435175,Regular,2026-10-04T17:00:00+00:00,87.01,Baltimore Ravens,Tennessee Titans,3,team_total,away,under,0.5,1.8264,500
