sport,sbd_id,event_id,game_time_utc,season_type,series_note,away_team,home_team,away_score,home_score,winner,margin,total_points,status,away_periods,home_periods
nfl,sr:match:71515840,401872963,2026-09-29T00:15:00+00:00,regular,,Philadelphia Eagles,Chicago Bears,7,27,home,20,34,final,0-7-0-0,7-3-10-7
nfl,sr:match:71515842,401872964,2026-10-02T00:15:00+00:00,regular,,Pittsburgh Steelers,Cleveland Browns,24,27,home,3,51,final,7-3-0-14,0-21-0-6
nfl,sr:match:71488622,401872965,2026-10-04T13:30:00+00:00,regular,NFL London Games,Indianapolis Colts,Washington Commanders,30,13,away,-17,43,final,0-10-10-10,6-0-7-0
nfl,sr:match:71515844,401872973,2026-10-04T17:00:00+00:00,regular,,Tennessee Titans,Baltimore Ravens,18,24,home,6,42,final,7-0-3-8,7-17-0-0
nfl,sr:match:71515846,401872971,2026-10-04T17:00:00+00:00,regular,,New England Patriots,Buffalo Bills,29,26,away,-3,55,final,7-7-7-8,0-17-0-9
nfl,sr:match:71515848,401872972,2026-10-04T17:00:00+00:00,regular,,New York Jets,Chicago Bears,12,23,home,11,35,final,0-3-3-6,7-6-7-3
nfl,sr:match:71515850,401872969,2026-10-04T17:00:00+00:00,regular,,Jacksonville Jaguars,Cincinnati Bengals,22,17,away,-5,39,final,3-10-3-6,0-3-7-7
nfl,sr:match:71515852,401872967,2026-10-04T17:00:00+00:00,regular,,Dallas Cowboys,Houston Texans,34,30,away,-4,64,final,3-3-14-14,10-6-7-7
nfl,sr:match:71515854,401872966,2026-10-04T17:00:00+00:00,regular,,Arizona Cardinals,New York Giants,24,36,home,12,60,final,14-3-7-0,3-16-8-9
nfl,sr:match:71515856,401872970,2026-10-04T17:00:00+00:00,regular,,Los Angeles Rams,Philadelphia Eagles,24,20,away,-4,44,final,3-7-0-14,3-17-0-0
nfl,sr:match:71515858,401872968,2026-10-04T17:00:00+00:00,regular,,Green Bay Packers,Tampa Bay Buccaneers,17,14,away,-3,31,final,0-10-7-0,0-7-0-7
nfl,sr:match:71515860,401872974,2026-10-04T20:05:00+00:00,regular,,Miami Dolphins,Minnesota Vikings,10,15,home,5,25,final,0-0-10-0,3-6-3-3
nfl,sr:match:71515862,401872976,2026-10-04T20:25:00+00:00,regular,,Kansas City Chiefs,Oakland Raiders,30,27,away,-3,57,final,7-3-0-20,7-6-0-14
nfl,sr:match:71515864,401872977,2026-10-04T20:25:00+00:00,regular,,Los Angeles Chargers,Seattle Seahawks,23,30,home,7,53,final,3-3-7-10,7-13-10-0
nfl,sr:match:71531176,401872975,2026-10-04T20:25:00+00:00,regular,,Denver Broncos,San Francisco 49ers,14,24,home,10,38,final,3-0-0-11,0-3-7-14
nfl,sr:match:71515868,401872978,2026-10-05T00:20:00+00:00,regular,,Detroit Lions,Carolina Panthers,26,32,home,6,58,final,3-13-3-7,7-9-13-3
