timestamp_utc,game_id,away_team,home_team,venue,away_probable_pitcher,home_probable_pitcher,is_dome,temp_f,wind_mph,wind_dir_deg,precip_prob_pct,umpire_name
2026-09-27T15:22:35.846376+00:00,822679,New York Mets,Washington Nationals,Nationals Park,Sean Manaea,DJ Herz,False,61.7,10.0,314,30,
2026-09-27T15:22:35.846376+00:00,823490,Baltimore Orioles,New York Yankees,Yankee Stadium,Shane Baz,Elmer Rodríguez,False,62.5,15.0,55,37,
2026-09-27T15:22:35.846376+00:00,824705,Chicago Cubs,Boston Red Sox,Tropicana Field,Shota Imanaga,,False,60.3,15.4,43,47,
2026-09-27T15:22:35.846376+00:00,824948,Houston Astros,Athletics,Sutter Health Park,Peter Lambert,Seth Johnson,False,63.6,6.2,224,0,
2026-09-27T15:22:35.846376+00:00,823164,Los Angeles Dodgers,San Francisco Giants,Oracle Park,,Carson Seymour,False,64.0,8.1,270,1,
2026-09-27T15:22:35.846376+00:00,823408,Tampa Bay Rays,Philadelphia Phillies,Citizens Bank Park,Nick Martinez,Zack Wheeler,False,62.6,14.4,30,19,
2026-09-27T15:22:35.846376+00:00,822761,Cincinnati Reds,Toronto Blue Jays,Rogers Centre,Brandon Williamson,Max Scherzer,True,,,,,
2026-09-27T15:22:35.846376+00:00,824055,Cleveland Guardians,Kansas City Royals,Kauffman Stadium,Parker Messick,Daniel Lynch IV,False,73.0,2.7,35,2,
2026-09-27T15:22:35.846376+00:00,824217,Pittsburgh Pirates,Detroit Tigers,Comerica Park,Jared Jones,River Ryan,False,75.4,10.1,5,0,
2026-09-27T15:22:35.846376+00:00,823246,Arizona Diamondbacks,San Diego Padres,Petco Park,Michael Soroka,Randy Vásquez,False,79.7,5.6,293,5,
2026-09-27T15:22:35.846376+00:00,823084,Los Angeles Angels,Seattle Mariners,T-Mobile Park,Yusei Kikuchi,Logan Gilbert,True,,,,,
2026-09-27T15:22:35.846376+00:00,823650,Texas Rangers,Minnesota Twins,Target Field,MacKenzie Gore,Dean Kremer,False,64.3,2.5,5,0,
2026-09-27T15:22:35.846376+00:00,824542,Colorado Rockies,Chicago White Sox,Rate Field,Kyle Freeland,Anthony Kay,False,64.0,6.8,44,0,
2026-09-27T15:22:35.846376+00:00,823814,Atlanta Braves,Miami Marlins,loanDepot park,JR Ritchie,Janson Junk,True,,,,,
2026-09-27T15:22:35.846376+00:00,823731,St. Louis Cardinals,Milwaukee Brewers,American Family Field,Andre Pallante,Jacob Misiorowski,True,,,,,
