timestamp_utc,sbd_id,market,book,side,odds_american,open_odds_american,line,open_line
2026-09-27T14:14:14.649952+00:00,sr:match:63299349,moneyline,MGM,away,+110,+118,,
2026-09-27T14:14:14.649952+00:00,sr:match:63299349,moneyline,MGM,home,-133,-143,,
2026-09-27T14:14:14.649952+00:00,sr:match:63299349,moneyline,DraftKings,away,+114,+117,,
2026-09-27T14:14:14.649952+00:00,sr:match:63299349,moneyline,DraftKings,home,-137,-141,,
2026-09-27T14:14:14.649952+00:00,sr:match:63299349,moneyline,FanDuel,away,+110,+118,,
2026-09-27T14:14:14.649952+00:00,sr:match:63299349,moneyline,FanDuel,home,-130,-138,,
2026-09-27T14:14:14.649952+00:00,sr:match:63299349,spread,MGM,away,-189,-182,1.5,1.5
2026-09-27T14:14:14.649952+00:00,sr:match:63299349,spread,MGM,home,+155,+150,-1.5,-1.5
2026-09-27T14:14:14.649952+00:00,sr:match:63299349,spread,DraftKings,away,-193,-193,1.5,1.5
2026-09-27T14:14:14.649952+00:00,sr:match:63299349,spread,DraftKings,home,+158,+158,-1.5,-1.5
2026-09-27T14:14:14.649952+00:00,sr:match:63299349,spread,FanDuel,away,-192,-182,1.5,1.5
2026-09-27T14:14:14.649952+00:00,sr:match:63299349,spread,FanDuel,home,+158,+150,-1.5,-1.5
2026-09-27T14:14:14.649952+00:00,sr:match:63299349,total,MGM,over,+105,-118,7.5,8.5
2026-09-27T14:14:14.649952+00:00,sr:match:63299349,total,MGM,under,-125,-102,7.5,8.5
2026-09-27T14:14:14.649952+00:00,sr:match:63299349,total,DraftKings,over,+102,+109,7.5,9.0
2026-09-27T14:14:14.649952+00:00,sr:match:63299349,total,DraftKings,under,-122,-131,7.5,9.0
2026-09-27T14:14:14.649952+00:00,sr:match:63299349,total,FanDuel,over,+104,+100,7.5,8.5
2026-09-27T14:14:14.649952+00:00,sr:match:63299349,total,FanDuel,under,-128,-122,7.5,8.5
2026-09-27T14:14:14.649952+00:00,sr:match:63303387,moneyline,MGM,away,-110,-110,,
2026-09-27T14:14:14.649952+00:00,sr:match:63303387,moneyline,MGM,home,-110,-110,,
2026-09-27T14:14:14.649952+00:00,sr:match:63303387,moneyline,DraftKings,away,-110,-110,,
2026-09-27T14:14:14.649952+00:00,sr:match:63303387,moneyline,DraftKings,home,-110,-110,,
2026-09-27T14:14:14.649952+00:00,sr:match:63303387,moneyline,FanDuel,away,-112,-120,,
2026-09-27T14:14:14.649952+00:00,sr:match:63303387,moneyline,FanDuel,home,-104,+102,,
2026-09-27T14:14:14.649952+00:00,sr:match:63303387,spread,MGM,away,+150,+155,-1.5,-1.5
2026-09-27T14:14:14.649952+00:00,sr:match:63303387,spread,MGM,home,-182,-189,1.5,1.5
2026-09-27T14:14:14.649952+00:00,sr:match:63303387,spread,DraftKings,away,+150,+153,-1.5,-1.5
2026-09-27T14:14:14.649952+00:00,sr:match:63303387,spread,DraftKings,home,-182,-186,1.5,1.5
2026-09-27T14:14:14.649952+00:00,sr:match:63303387,spread,FanDuel,away,+152,+140,-1.5,-1.5
2026-09-27T14:14:14.649952+00:00,sr:match:63303387,spread,FanDuel,home,-184,-170,1.5,1.5
2026-09-27T14:14:14.649952+00:00,sr:match:63303387,total,MGM,over,+100,+100,8.5,8.5
2026-09-27T14:14:14.649952+00:00,sr:match:63303387,total,MGM,under,-120,-120,8.5,8.5
2026-09-27T14:14:14.649952+00:00,sr:match:63303387,total,DraftKings,over,-104,+100,8.5,8.5
2026-09-27T14:14:14.649952+00:00,sr:match:63303387,total,DraftKings,under,-125,-120,8.5,8.5
2026-09-27T14:14:14.649952+00:00,sr:match:63303387,total,FanDuel,over,-104,-110,8.5,8.5
2026-09-27T14:14:14.649952+00:00,sr:match:63303387,total,FanDuel,under,-118,-110,8.5,8.5
2026-09-27T14:14:14.649952+00:00,sr:match:63299339,moneyline,MGM,away,+140,+110,,
2026-09-27T14:14:14.649952+00:00,sr:match:63299339,moneyline,MGM,home,-169,-133,,
2026-09-27T14:14:14.649952+00:00,sr:match:63299339,moneyline,DraftKings,away,+140,+111,,
2026-09-27T14:14:14.649952+00:00,sr:match:63299339,moneyline,DraftKings,home,-170,-134,,
2026-09-27T14:14:14.649952+00:00,sr:match:63299339,moneyline,FanDuel,away,+136,+126,,
2026-09-27T14:14:14.649952+00:00,sr:match:63299339,moneyline,FanDuel,home,-162,-148,,
2026-09-27T14:14:14.649952+00:00,sr:match:63299339,spread,MGM,away,-161,-208,1.5,1.5
2026-09-27T14:14:14.649952+00:00,sr:match:63299339,spread,MGM,home,+135,+170,-1.5,-1.5
2026-09-27T14:14:14.649952+00:00,sr:match:63299339,spread,DraftKings,away,-168,-206,1.5,1.5
2026-09-27T14:14:14.649952+00:00,sr:match:63299339,spread,DraftKings,home,+139,+169,-1.5,-1.5
2026-09-27T14:14:14.649952+00:00,sr:match:63299339,spread,FanDuel,away,-178,-184,1.5,1.5
2026-09-27T14:14:14.649952+00:00,sr:match:63299339,spread,FanDuel,home,+146,+152,-1.5,-1.5
2026-09-27T14:14:14.649952+00:00,sr:match:63299339,total,MGM,over,-118,+105,6.5,7.5
2026-09-27T14:14:14.649952+00:00,sr:match:63299339,total,MGM,under,-102,-125,6.5,7.5
2026-09-27T14:14:14.649952+00:00,sr:match:63299339,total,DraftKings,over,-135,+104,6.5,7.5
2026-09-27T14:14:14.649952+00:00,sr:match:63299339,total,DraftKings,under,+104,-126,6.5,7.5
2026-09-27T14:14:14.649952+00:00,sr:match:63299339,total,FanDuel,over,-118,+104,6.5,7.5
2026-09-27T14:14:14.649952+00:00,sr:match:63299339,total,FanDuel,under,-104,-128,6.5,7.5
2026-09-27T14:14:14.649952+00:00,sr:match:63301251,moneyline,MGM,away,-120,-125,,
2026-09-27T14:14:14.649952+00:00,sr:match:63301251,moneyline,MGM,home,+100,+105,,
2026-09-27T14:14:14.649952+00:00,sr:match:63301251,moneyline,DraftKings,away,-124,-124,,
2026-09-27T14:14:14.649952+00:00,sr:match:63301251,moneyline,DraftKings,home,+103,+103,,
2026-09-27T14:14:14.649952+00:00,sr:match:63301251,moneyline,FanDuel,away,-124,-124,,
2026-09-27T14:14:14.649952+00:00,sr:match:63301251,moneyline,FanDuel,home,+106,+106,,
2026-09-27T14:14:14.649952+00:00,sr:match:63301251,spread,MGM,away,+135,+140,-1.5,-1.5
2026-09-27T14:14:14.649952+00:00,sr:match:63301251,spread,MGM,home,-167,-169,1.5,1.5
2026-09-27T14:14:14.649952+00:00,sr:match:63301251,spread,DraftKings,away,+138,+135,-1.5,-1.5
2026-09-27T14:14:14.649952+00:00,sr:match:63301251,spread,DraftKings,home,-167,-164,1.5,1.5
2026-09-27T14:14:14.649952+00:00,sr:match:63301251,spread,FanDuel,away,+138,+138,-1.5,-1.5
2026-09-27T14:14:14.649952+00:00,sr:match:63301251,spread,FanDuel,home,-166,-166,1.5,1.5
2026-09-27T14:14:14.649952+00:00,sr:match:63301251,total,MGM,over,-110,-110,7.5,7.5
2026-09-27T14:14:14.649952+00:00,sr:match:63301251,total,MGM,under,-110,-110,7.5,7.5
2026-09-27T14:14:14.649952+00:00,sr:match:63301251,total,DraftKings,over,-110,-114,7.5,7.5
2026-09-27T14:14:14.649952+00:00,sr:match:63301251,total,DraftKings,under,-110,-106,7.5,7.5
2026-09-27T14:14:14.649952+00:00,sr:match:63301251,total,FanDuel,over,-112,-115,7.5,7.5
2026-09-27T14:14:14.649952+00:00,sr:match:63301251,total,FanDuel,under,-108,-105,7.5,7.5
2026-09-27T14:14:14.649952+00:00,sr:match:63302997,moneyline,MGM,away,-189,-175,,
2026-09-27T14:14:14.649952+00:00,sr:match:63302997,moneyline,MGM,home,+154,+145,,
2026-09-27T14:14:14.649952+00:00,sr:match:63302997,moneyline,DraftKings,away,-186,-168,,
2026-09-27T14:14:14.649952+00:00,sr:match:63302997,moneyline,DraftKings,home,+153,+139,,
2026-09-27T14:14:14.649952+00:00,sr:match:63302997,moneyline,FanDuel,away,-172,-172,,
2026-09-27T14:14:14.649952+00:00,sr:match:63302997,moneyline,FanDuel,home,+144,+144,,
2026-09-27T14:14:14.649952+00:00,sr:match:63302997,spread,MGM,away,-118,-110,-1.5,-1.5
2026-09-27T14:14:14.649952+00:00,sr:match:63302997,spread,MGM,home,-102,-110,1.5,1.5
2026-09-27T14:14:14.649952+00:00,sr:match:63302997,spread,DraftKings,away,-118,-107,-1.5,-1.5
2026-09-27T14:14:14.649952+00:00,sr:match:63302997,spread,DraftKings,home,-102,-112,1.5,1.5
2026-09-27T14:14:14.649952+00:00,sr:match:63302997,spread,FanDuel,away,-111,+100,-1.5,-1.5
2026-09-27T14:14:14.649952+00:00,sr:match:63302997,spread,FanDuel,home,-110,-120,1.5,1.5
2026-09-27T14:14:14.649952+00:00,sr:match:63302997,total,MGM,over,-118,-102,9.5,9.5
2026-09-27T14:14:14.649952+00:00,sr:match:63302997,total,MGM,under,-102,-118,9.5,9.5
2026-09-27T14:14:14.649952+00:00,sr:match:63302997,total,DraftKings,over,-105,-102,10.0,9.5
2026-09-27T14:14:14.649952+00:00,sr:match:63302997,total,DraftKings,under,-114,-118,10.0,9.5
2026-09-27T14:14:14.649952+00:00,sr:match:63302997,total,FanDuel,over,-118,-112,9.5,8.5
2026-09-27T14:14:14.649952+00:00,sr:match:63302997,total,FanDuel,under,-104,-108,9.5,8.5
2026-09-27T14:14:14.649952+00:00,sr:match:63303319,moneyline,MGM,away,-238,-278,,
2026-09-27T14:14:14.649952+00:00,sr:match:63303319,moneyline,MGM,home,+195,+220,,
2026-09-27T14:14:14.649952+00:00,sr:match:63303319,moneyline,DraftKings,away,-247,-259,,
2026-09-27T14:14:14.649952+00:00,sr:match:63303319,moneyline,DraftKings,home,+200,+208,,
2026-09-27T14:14:14.649952+00:00,sr:match:63303319,moneyline,FanDuel,away,-260,-260,,
2026-09-27T14:14:14.649952+00:00,sr:match:63303319,moneyline,FanDuel,home,+215,+215,,
2026-09-27T14:14:14.649952+00:00,sr:match:63303319,spread,MGM,away,-154,+185,-1.5,-3.5
2026-09-27T14:14:14.649952+00:00,sr:match:63303319,spread,MGM,home,+120,-227,1.5,3.5
2026-09-27T14:14:14.649952+00:00,sr:match:63303319,spread,DraftKings,away,-143,-610,-1.5,1.5
2026-09-27T14:14:14.649952+00:00,sr:match:63303319,spread,DraftKings,home,+119,+388,1.5,-1.5
2026-09-27T14:14:14.649952+00:00,sr:match:63303319,spread,FanDuel,away,-146,-146,-1.5,-1.5
2026-09-27T14:14:14.649952+00:00,sr:match:63303319,spread,FanDuel,home,+122,+122,1.5,1.5
2026-09-27T14:14:14.649952+00:00,sr:match:63303319,total,MGM,over,-110,-102,8.0,8.0
2026-09-27T14:14:14.649952+00:00,sr:match:63303319,total,MGM,under,-110,-118,8.0,8.0
2026-09-27T14:14:14.649952+00:00,sr:match:63303319,total,DraftKings,over,-110,+105,8.0,8.5
2026-09-27T14:14:14.649952+00:00,sr:match:63303319,total,DraftKings,under,-110,-136,8.0,8.5
2026-09-27T14:14:14.649952+00:00,sr:match:63303319,total,FanDuel,over,+110,+104,8.5,8.5
2026-09-27T14:14:14.649952+00:00,sr:match:63303319,total,FanDuel,under,-134,-128,8.5,8.5
2026-09-27T14:14:14.649952+00:00,sr:match:63301803,moneyline,MGM,away,+150,+145,,
2026-09-27T14:14:14.649952+00:00,sr:match:63301803,moneyline,MGM,home,-182,-175,,
2026-09-27T14:14:14.649952+00:00,sr:match:63301803,moneyline,DraftKings,away,+147,+142,,
2026-09-27T14:14:14.649952+00:00,sr:match:63301803,moneyline,DraftKings,home,-179,-172,,
2026-09-27T14:14:14.649952+00:00,sr:match:63301803,moneyline,FanDuel,away,+150,+150,,
2026-09-27T14:14:14.649952+00:00,sr:match:63301803,moneyline,FanDuel,home,-178,-178,,
2026-09-27T14:14:14.649952+00:00,sr:match:63301803,spread,MGM,away,-139,-143,1.5,1.5
2026-09-27T14:14:14.649952+00:00,sr:match:63301803,spread,MGM,home,+115,+120,-1.5,-1.5
2026-09-27T14:14:14.649952+00:00,sr:match:63301803,spread,DraftKings,away,-136,-144,1.5,1.5
2026-09-27T14:14:14.649952+00:00,sr:match:63301803,spread,DraftKings,home,+113,+119,-1.5,-1.5
2026-09-27T14:14:14.649952+00:00,sr:match:63301803,spread,FanDuel,away,-146,-146,1.5,1.5
2026-09-27T14:14:14.649952+00:00,sr:match:63301803,spread,FanDuel,home,+122,+122,-1.5,-1.5
2026-09-27T14:14:14.649952+00:00,sr:match:63301803,total,MGM,over,-118,-118,8.5,8.5
2026-09-27T14:14:14.649952+00:00,sr:match:63301803,total,MGM,under,-102,-102,8.5,8.5
2026-09-27T14:14:14.649952+00:00,sr:match:63301803,total,DraftKings,over,-121,-120,8.5,8.5
2026-09-27T14:14:14.649952+00:00,sr:match:63301803,total,DraftKings,under,+100,+100,8.5,8.5
2026-09-27T14:14:14.649952+00:00,sr:match:63301803,total,FanDuel,over,-114,-114,8.5,8.5
2026-09-27T14:14:14.649952+00:00,sr:match:63301803,total,FanDuel,under,-106,-106,8.5,8.5
2026-09-27T14:14:14.649952+00:00,sr:match:63299155,moneyline,MGM,away,+200,+190,,
2026-09-27T14:14:14.649952+00:00,sr:match:63299155,moneyline,MGM,home,-250,-238,,
2026-09-27T14:14:14.649952+00:00,sr:match:63299155,moneyline,DraftKings,away,+202,+188,,
2026-09-27T14:14:14.649952+00:00,sr:match:63299155,moneyline,DraftKings,home,-249,-231,,
2026-09-27T14:14:14.649952+00:00,sr:match:63299155,moneyline,FanDuel,away,+200,+210,,
2026-09-27T14:14:14.649952+00:00,sr:match:63299155,moneyline,FanDuel,home,-245,-255,,
2026-09-27T14:14:14.649952+00:00,sr:match:63299155,spread,MGM,away,-118,-118,1.5,1.5
2026-09-27T14:14:14.649952+00:00,sr:match:63299155,spread,MGM,home,-102,-102,-1.5,-1.5
2026-09-27T14:14:14.649952+00:00,sr:match:63299155,spread,DraftKings,away,-118,-119,1.5,1.5
2026-09-27T14:14:14.649952+00:00,sr:match:63299155,spread,DraftKings,home,-102,-102,-1.5,-1.5
2026-09-27T14:14:14.649952+00:00,sr:match:63299155,spread,FanDuel,away,-114,-114,1.5,1.5
2026-09-27T14:14:14.649952+00:00,sr:match:63299155,spread,FanDuel,home,-105,-105,-1.5,-1.5
2026-09-27T14:14:14.649952+00:00,sr:match:63299155,total,MGM,over,-110,+100,7.0,7.0
2026-09-27T14:14:14.649952+00:00,sr:match:63299155,total,MGM,under,-110,-120,7.0,7.0
2026-09-27T14:14:14.649952+00:00,sr:match:63299155,total,DraftKings,over,+100,+100,7.0,7.0
2026-09-27T14:14:14.649952+00:00,sr:match:63299155,total,DraftKings,under,-120,-120,7.0,7.0
2026-09-27T14:14:14.649952+00:00,sr:match:63299155,total,FanDuel,over,+118,+118,7.5,7.5
2026-09-27T14:14:14.649952+00:00,sr:match:63299155,total,FanDuel,under,-144,-144,7.5,7.5
2026-09-27T14:14:14.649952+00:00,sr:match:63299379,moneyline,MGM,away,-143,-133,,
2026-09-27T14:14:14.649952+00:00,sr:match:63299379,moneyline,MGM,home,+118,+110,,
2026-09-27T14:14:14.649952+00:00,sr:match:63299379,moneyline,DraftKings,away,-148,-131,,
2026-09-27T14:14:14.649952+00:00,sr:match:63299379,moneyline,DraftKings,home,+123,+108,,
2026-09-27T14:14:14.649952+00:00,sr:match:63299379,moneyline,FanDuel,away,-142,-126,,
2026-09-27T14:14:14.649952+00:00,sr:match:63299379,moneyline,FanDuel,home,+120,+108,,
2026-09-27T14:14:14.649952+00:00,sr:match:63299379,spread,MGM,away,+115,+135,-1.5,-1.5
2026-09-27T14:14:14.649952+00:00,sr:match:63299379,spread,MGM,home,-139,-161,1.5,1.5
2026-09-27T14:14:14.649952+00:00,sr:match:63299379,spread,DraftKings,away,+118,+134,-1.5,-1.5
2026-09-27T14:14:14.649952+00:00,sr:match:63299379,spread,DraftKings,home,-143,-162,1.5,1.5
2026-09-27T14:14:14.649952+00:00,sr:match:63299379,spread,FanDuel,away,+122,+134,-1.5,-1.5
2026-09-27T14:14:14.649952+00:00,sr:match:63299379,spread,FanDuel,home,-146,-162,1.5,1.5
2026-09-27T14:14:14.649952+00:00,sr:match:63299379,total,MGM,over,-105,-105,8.0,8.0
2026-09-27T14:14:14.649952+00:00,sr:match:63299379,total,MGM,under,-115,-115,8.0,8.0
2026-09-27T14:14:14.649952+00:00,sr:match:63299379,total,DraftKings,over,-104,-113,8.0,8.0
2026-09-27T14:14:14.649952+00:00,sr:match:63299379,total,DraftKings,under,-115,-106,8.0,8.0
2026-09-27T14:14:14.649952+00:00,sr:match:63299379,total,FanDuel,over,+106,+106,8.5,8.5
2026-09-27T14:14:14.649952+00:00,sr:match:63299379,total,FanDuel,under,-130,-130,8.5,8.5
2026-09-27T14:14:14.649952+00:00,sr:match:63301805,moneyline,MGM,away,-133,-139,,
2026-09-27T14:14:14.649952+00:00,sr:match:63301805,moneyline,MGM,home,+110,+115,,
2026-09-27T14:14:14.649952+00:00,sr:match:63301805,moneyline,DraftKings,away,-135,-136,,
2026-09-27T14:14:14.649952+00:00,sr:match:63301805,moneyline,DraftKings,home,+112,+113,,
2026-09-27T14:14:14.649952+00:00,sr:match:63301805,moneyline,FanDuel,away,-126,-118,,
2026-09-27T14:14:14.649952+00:00,sr:match:63301805,moneyline,FanDuel,home,+108,+100,,
2026-09-27T14:14:14.649952+00:00,sr:match:63301805,spread,MGM,away,+125,+125,-1.5,-1.5
2026-09-27T14:14:14.649952+00:00,sr:match:63301805,spread,MGM,home,-154,-154,1.5,1.5
2026-09-27T14:14:14.649952+00:00,sr:match:63301805,spread,DraftKings,away,+129,+123,-1.5,-1.5
2026-09-27T14:14:14.649952+00:00,sr:match:63301805,spread,DraftKings,home,-156,-149,1.5,1.5
2026-09-27T14:14:14.649952+00:00,sr:match:63301805,spread,FanDuel,away,+128,+146,-1.5,-1.5
2026-09-27T14:14:14.649952+00:00,sr:match:63301805,spread,FanDuel,home,-154,-178,1.5,1.5
2026-09-27T14:14:14.649952+00:00,sr:match:63301805,total,MGM,over,-105,+100,8.0,8.5
2026-09-27T14:14:14.649952+00:00,sr:match:63301805,total,MGM,under,-115,-120,8.0,8.5
2026-09-27T14:14:14.649952+00:00,sr:match:63301805,total,DraftKings,over,-102,+100,8.0,8.5
2026-09-27T14:14:14.649952+00:00,sr:match:63301805,total,DraftKings,under,-118,-120,8.0,8.5
2026-09-27T14:14:14.649952+00:00,sr:match:63301805,total,FanDuel,over,-124,-120,7.5,7.5
2026-09-27T14:14:14.649952+00:00,sr:match:63301805,total,FanDuel,under,+102,-102,7.5,7.5
2026-09-27T14:14:14.649952+00:00,sr:match:63301953,moneyline,MGM,away,+145,+150,,
2026-09-27T14:14:14.649952+00:00,sr:match:63301953,moneyline,MGM,home,-175,-182,,
2026-09-27T14:14:14.649952+00:00,sr:match:63301953,moneyline,DraftKings,away,+150,+147,,
2026-09-27T14:14:14.649952+00:00,sr:match:63301953,moneyline,DraftKings,home,-182,-179,,
2026-09-27T14:14:14.649952+00:00,sr:match:63301953,moneyline,FanDuel,away,+150,+168,,
2026-09-27T14:14:14.649952+00:00,sr:match:63301953,moneyline,FanDuel,home,-178,-200,,
2026-09-27T14:14:14.649952+00:00,sr:match:63301953,spread,MGM,away,-149,-149,1.5,1.5
2026-09-27T14:14:14.649952+00:00,sr:match:63301953,spread,MGM,home,+125,+125,-1.5,-1.5
2026-09-27T14:14:14.649952+00:00,sr:match:63301953,spread,DraftKings,away,-149,-156,1.5,1.5
2026-09-27T14:14:14.649952+00:00,sr:match:63301953,spread,DraftKings,home,+123,+129,-1.5,-1.5
2026-09-27T14:14:14.649952+00:00,sr:match:63301953,spread,FanDuel,away,-156,-137,1.5,1.5
2026-09-27T14:14:14.649952+00:00,sr:match:63301953,spread,FanDuel,home,+130,+114,-1.5,-1.5
2026-09-27T14:14:14.649952+00:00,sr:match:63301953,total,MGM,over,-120,+105,7.0,7.5
2026-09-27T14:14:14.649952+00:00,sr:match:63301953,total,MGM,under,+100,-128,7.0,7.5
2026-09-27T14:14:14.649952+00:00,sr:match:63301953,total,DraftKings,over,-112,+104,7.0,7.5
2026-09-27T14:14:14.649952+00:00,sr:match:63301953,total,DraftKings,under,-107,-126,7.0,7.5
2026-09-27T14:14:14.649952+00:00,sr:match:63301953,total,FanDuel,over,+110,-104,7.5,7.5
2026-09-27T14:14:14.649952+00:00,sr:match:63301953,total,FanDuel,under,-134,-118,7.5,7.5
2026-09-27T14:14:14.649952+00:00,sr:match:63302471,moneyline,MGM,away,-128,-125,,
2026-09-27T14:14:14.649952+00:00,sr:match:63302471,moneyline,MGM,home,+105,+105,,
2026-09-27T14:14:14.649952+00:00,sr:match:63302471,moneyline,DraftKings,away,-126,-126,,
2026-09-27T14:14:14.649952+00:00,sr:match:63302471,moneyline,DraftKings,home,+104,+104,,
2026-09-27T14:14:14.649952+00:00,sr:match:63302471,moneyline,FanDuel,away,-124,-124,,
2026-09-27T14:14:14.649952+00:00,sr:match:63302471,moneyline,FanDuel,home,+106,+106,,
2026-09-27T14:14:14.649952+00:00,sr:match:63302471,spread,MGM,away,+135,+135,-1.5,-1.5
2026-09-27T14:14:14.649952+00:00,sr:match:63302471,spread,MGM,home,-167,-167,1.5,1.5
2026-09-27T14:14:14.649952+00:00,sr:match:63302471,spread,DraftKings,away,+130,+135,-1.5,-1.5
2026-09-27T14:14:14.649952+00:00,sr:match:63302471,spread,DraftKings,home,-157,-163,1.5,1.5
2026-09-27T14:14:14.649952+00:00,sr:match:63302471,spread,FanDuel,away,+132,+134,-1.5,-1.5
2026-09-27T14:14:14.649952+00:00,sr:match:63302471,spread,FanDuel,home,-160,-162,1.5,1.5
2026-09-27T14:14:14.649952+00:00,sr:match:63302471,total,MGM,over,-118,-102,8.0,8.5
2026-09-27T14:14:14.649952+00:00,sr:match:63302471,total,MGM,under,-102,-118,8.0,8.5
2026-09-27T14:14:14.649952+00:00,sr:match:63302471,total,DraftKings,over,-104,-118,8.5,8.0
2026-09-27T14:14:14.649952+00:00,sr:match:63302471,total,DraftKings,under,-125,-102,8.5,8.0
2026-09-27T14:14:14.649952+00:00,sr:match:63302471,total,FanDuel,over,+100,-104,8.5,8.5
2026-09-27T14:14:14.649952+00:00,sr:match:63302471,total,FanDuel,under,-122,-118,8.5,8.5
2026-09-27T14:14:14.649952+00:00,sr:match:63302721,moneyline,MGM,away,-139,-149,,
2026-09-27T14:14:14.649952+00:00,sr:match:63302721,moneyline,MGM,home,+115,+125,,
2026-09-27T14:14:14.649952+00:00,sr:match:63302721,moneyline,DraftKings,away,-136,-149,,
2026-09-27T14:14:14.649952+00:00,sr:match:63302721,moneyline,DraftKings,home,+113,+123,,
2026-09-27T14:14:14.649952+00:00,sr:match:63302721,moneyline,FanDuel,away,-144,-148,,
2026-09-27T14:14:14.649952+00:00,sr:match:63302721,moneyline,FanDuel,home,+122,+126,,
2026-09-27T14:14:14.649952+00:00,sr:match:63302721,spread,MGM,away,+120,+115,-1.5,-1.5
2026-09-27T14:14:14.649952+00:00,sr:match:63302721,spread,MGM,home,-143,-139,1.5,1.5
2026-09-27T14:14:14.649952+00:00,sr:match:63302721,spread,DraftKings,away,+120,-350,-1.5,1.5
2026-09-27T14:14:14.649952+00:00,sr:match:63302721,spread,DraftKings,home,-144,+249,1.5,-1.5
2026-09-27T14:14:14.649952+00:00,sr:match:63302721,spread,FanDuel,away,+116,+114,-1.5,-1.5
2026-09-27T14:14:14.649952+00:00,sr:match:63302721,spread,FanDuel,home,-140,-137,1.5,1.5
2026-09-27T14:14:14.649952+00:00,sr:match:63302721,total,MGM,over,-110,-110,8.5,8.5
2026-09-27T14:14:14.649952+00:00,sr:match:63302721,total,MGM,under,-110,-110,8.5,8.5
2026-09-27T14:14:14.649952+00:00,sr:match:63302721,total,DraftKings,over,-112,-135,8.5,8.0
2026-09-27T14:14:14.649952+00:00,sr:match:63302721,total,DraftKings,under,-108,+104,8.5,8.0
2026-09-27T14:14:14.649952+00:00,sr:match:63302721,total,FanDuel,over,-110,-110,8.5,8.5
2026-09-27T14:14:14.649952+00:00,sr:match:63302721,total,FanDuel,under,-110,-110,8.5,8.5
2026-09-27T14:14:14.649952+00:00,sr:match:63302783,moneyline,MGM,away,+100,-110,,
2026-09-27T14:14:14.649952+00:00,sr:match:63302783,moneyline,MGM,home,-120,-110,,
2026-09-27T14:14:14.649952+00:00,sr:match:63302783,moneyline,DraftKings,away,-110,-110,,
2026-09-27T14:14:14.649952+00:00,sr:match:63302783,moneyline,DraftKings,home,-110,-110,,
2026-09-27T14:14:14.649952+00:00,sr:match:63302783,moneyline,FanDuel,away,-102,-108,,
2026-09-27T14:14:14.649952+00:00,sr:match:63302783,moneyline,FanDuel,home,-116,-108,,
2026-09-27T14:14:14.649952+00:00,sr:match:63302783,spread,MGM,away,+165,+154,-1.5,-1.5
2026-09-27T14:14:14.649952+00:00,sr:match:63302783,spread,MGM,home,-200,-189,1.5,1.5
2026-09-27T14:14:14.649952+00:00,sr:match:63302783,spread,DraftKings,away,+167,+158,-1.5,-1.5
2026-09-27T14:14:14.649952+00:00,sr:match:63302783,spread,DraftKings,home,-204,-192,1.5,1.5
2026-09-27T14:14:14.649952+00:00,sr:match:63302783,spread,FanDuel,away,+168,+150,-1.5,-1.5
2026-09-27T14:14:14.649952+00:00,sr:match:63302783,spread,FanDuel,home,-205,-182,1.5,1.5
2026-09-27T14:14:14.649952+00:00,sr:match:63302783,total,MGM,over,-105,-120,8.5,8.5
2026-09-27T14:14:14.649952+00:00,sr:match:63302783,total,MGM,under,-115,+100,8.5,8.5
2026-09-27T14:14:14.649952+00:00,sr:match:63302783,total,DraftKings,over,-101,-120,8.5,8.5
2026-09-27T14:14:14.649952+00:00,sr:match:63302783,total,DraftKings,under,-119,+100,8.5,8.5
2026-09-27T14:14:14.649952+00:00,sr:match:63302783,total,FanDuel,over,-105,-128,8.5,8.5
2026-09-27T14:14:14.649952+00:00,sr:match:63302783,total,FanDuel,under,-115,+104,8.5,8.5
2026-09-27T14:14:14.649952+00:00,sr:match:63303703,moneyline,MGM,away,+170,+180,,
2026-09-27T14:14:14.649952+00:00,sr:match:63303703,moneyline,MGM,home,-208,-222,,
2026-09-27T14:14:14.649952+00:00,sr:match:63303703,moneyline,DraftKings,away,+170,+180,,
2026-09-27T14:14:14.649952+00:00,sr:match:63303703,moneyline,DraftKings,home,-208,-221,,
2026-09-27T14:14:14.649952+00:00,sr:match:63303703,moneyline,FanDuel,away,+164,+176,,
2026-09-27T14:14:14.649952+00:00,sr:match:63303703,moneyline,FanDuel,home,-196,-210,,
2026-09-27T14:14:14.649952+00:00,sr:match:63303703,spread,MGM,away,-120,-110,1.5,1.5
2026-09-27T14:14:14.649952+00:00,sr:match:63303703,spread,MGM,home,+100,-110,-1.5,-1.5
2026-09-27T14:14:14.649952+00:00,sr:match:63303703,spread,DraftKings,away,-118,-112,1.5,1.5
2026-09-27T14:14:14.649952+00:00,sr:match:63303703,spread,DraftKings,home,-102,-107,-1.5,-1.5
2026-09-27T14:14:14.649952+00:00,sr:match:63303703,spread,FanDuel,away,-128,-128,1.5,1.5
2026-09-27T14:14:14.649952+00:00,sr:match:63303703,spread,FanDuel,home,+106,+106,-1.5,-1.5
2026-09-27T14:14:14.649952+00:00,sr:match:63303703,total,MGM,over,-105,-118,8.5,8.5
2026-09-27T14:14:14.649952+00:00,sr:match:63303703,total,MGM,under,-115,-102,8.5,8.5
2026-09-27T14:14:14.649952+00:00,sr:match:63303703,total,DraftKings,over,-105,+109,8.5,9.0
2026-09-27T14:14:14.649952+00:00,sr:match:63303703,total,DraftKings,under,-115,-131,8.5,9.0
2026-09-27T14:14:14.649952+00:00,sr:match:63303703,total,FanDuel,over,-104,-108,8.5,8.5
2026-09-27T14:14:14.649952+00:00,sr:match:63303703,total,FanDuel,under,-118,-112,8.5,8.5
2026-09-27T15:08:32.411565+00:00,sr:match:63299349,moneyline,MGM,away,+100,+118,,
2026-09-27T15:08:32.411565+00:00,sr:match:63299349,moneyline,MGM,home,-120,-143,,
2026-09-27T15:08:32.411565+00:00,sr:match:63299349,moneyline,DraftKings,away,+100,+117,,
2026-09-27T15:08:32.411565+00:00,sr:match:63299349,moneyline,DraftKings,home,-121,-141,,
2026-09-27T15:08:32.411565+00:00,sr:match:63299349,moneyline,BetRivers,away,+105,+112,,
2026-09-27T15:08:32.411565+00:00,sr:match:63299349,moneyline,BetRivers,home,-125,-133,,
2026-09-27T15:08:32.411565+00:00,sr:match:63299349,moneyline,Bet365.US.NJ,away,+100,+115,,
2026-09-27T15:08:32.411565+00:00,sr:match:63299349,moneyline,Bet365.US.NJ,home,-120,-135,,
2026-09-27T15:08:32.411565+00:00,sr:match:63299349,moneyline,WilliamHillNewJersey,away,+105,+120,,
2026-09-27T15:08:32.411565+00:00,sr:match:63299349,moneyline,WilliamHillNewJersey,home,-124,-139,,
2026-09-27T15:08:32.411565+00:00,sr:match:63299349,moneyline,FanDuel,away,+104,+118,,
2026-09-27T15:08:32.411565+00:00,sr:match:63299349,moneyline,FanDuel,home,-122,-138,,
2026-09-27T15:08:32.411565+00:00,sr:match:63299349,spread,MGM,away,+170,-182,-1.5,1.5
2026-09-27T15:08:32.411565+00:00,sr:match:63299349,spread,MGM,home,-208,+150,1.5,-1.5
2026-09-27T15:08:32.411565+00:00,sr:match:63299349,spread,DraftKings,away,-208,-193,1.5,1.5
2026-09-27T15:08:32.411565+00:00,sr:match:63299349,spread,DraftKings,home,+170,+158,-1.5,-1.5
2026-09-27T15:08:32.411565+00:00,sr:match:63299349,spread,BetRivers,away,-179,-200,1.5,1.5
2026-09-27T15:08:32.411565+00:00,sr:match:63299349,spread,BetRivers,home,+145,+160,-1.5,-1.5
2026-09-27T15:08:32.411565+00:00,sr:match:63299349,spread,Bet365.US.NJ,away,-205,-190,1.5,1.5
2026-09-27T15:08:32.411565+00:00,sr:match:63299349,spread,Bet365.US.NJ,home,+170,+160,-1.5,-1.5
2026-09-27T15:08:32.411565+00:00,sr:match:63299349,spread,WilliamHillNewJersey,away,-205,-190,1.5,1.5
2026-09-27T15:08:32.411565+00:00,sr:match:63299349,spread,WilliamHillNewJersey,home,+173,+159,-1.5,-1.5
2026-09-27T15:08:32.411565+00:00,sr:match:63299349,spread,FanDuel,away,+168,-182,-1.5,1.5
2026-09-27T15:08:32.411565+00:00,sr:match:63299349,spread,FanDuel,home,-205,+150,1.5,-1.5
2026-09-27T15:08:32.411565+00:00,sr:match:63299349,total,MGM,over,+105,-118,7.5,8.5
2026-09-27T15:08:32.411565+00:00,sr:match:63299349,total,MGM,under,-125,-102,7.5,8.5
2026-09-27T15:08:32.411565+00:00,sr:match:63299349,total,DraftKings,over,+102,+109,7.5,9.0
2026-09-27T15:08:32.411565+00:00,sr:match:63299349,total,DraftKings,under,-122,-131,7.5,9.0
2026-09-27T15:08:32.411565+00:00,sr:match:63299349,total,BetRivers,over,-127,-102,7.0,7.5
2026-09-27T15:08:32.411565+00:00,sr:match:63299349,total,BetRivers,under,-111,-119,7.0,7.5
2026-09-27T15:08:32.411565+00:00,sr:match:63299349,total,Bet365.US.NJ,over,+100,-105,7.5,8.0
2026-09-27T15:08:32.411565+00:00,sr:match:63299349,total,Bet365.US.NJ,under,-120,-115,7.5,8.0
2026-09-27T15:08:32.411565+00:00,sr:match:63299349,total,WilliamHillNewJersey,over,+103,-108,7.5,7.5
2026-09-27T15:08:32.411565+00:00,sr:match:63299349,total,WilliamHillNewJersey,under,-121,-109,7.5,7.5
2026-09-27T15:08:32.411565+00:00,sr:match:63299349,total,FanDuel,over,+104,+100,7.5,8.5
2026-09-27T15:08:32.411565+00:00,sr:match:63299349,total,FanDuel,under,-128,-122,7.5,8.5
2026-09-27T15:08:32.411565+00:00,sr:match:63303387,moneyline,MGM,away,-110,-110,,
2026-09-27T15:08:32.411565+00:00,sr:match:63303387,moneyline,MGM,home,-110,-110,,
2026-09-27T15:08:32.411565+00:00,sr:match:63303387,moneyline,DraftKings,away,-110,-110,,
2026-09-27T15:08:32.411565+00:00,sr:match:63303387,moneyline,DraftKings,home,-110,-110,,
2026-09-27T15:08:32.411565+00:00,sr:match:63303387,moneyline,BetRivers,away,-112,-118,,
2026-09-27T15:08:32.411565+00:00,sr:match:63303387,moneyline,BetRivers,home,-105,+100,,
2026-09-27T15:08:32.411565+00:00,sr:match:63303387,moneyline,Bet365.US.NJ,away,-110,-115,,
2026-09-27T15:08:32.411565+00:00,sr:match:63303387,moneyline,Bet365.US.NJ,home,-110,-105,,
2026-09-27T15:08:32.411565+00:00,sr:match:63303387,moneyline,WilliamHillNewJersey,away,-109,-109,,
2026-09-27T15:08:32.411565+00:00,sr:match:63303387,moneyline,WilliamHillNewJersey,home,-108,-108,,
2026-09-27T15:08:32.411565+00:00,sr:match:63303387,moneyline,FanDuel,away,-112,-120,,
2026-09-27T15:08:32.411565+00:00,sr:match:63303387,moneyline,FanDuel,home,-104,+102,,
2026-09-27T15:08:32.411565+00:00,sr:match:63303387,spread,MGM,away,+154,+155,-1.5,-1.5
2026-09-27T15:08:32.411565+00:00,sr:match:63303387,spread,MGM,home,-189,-189,1.5,1.5
2026-09-27T15:08:32.411565+00:00,sr:match:63303387,spread,DraftKings,away,+150,+153,-1.5,-1.5
2026-09-27T15:08:32.411565+00:00,sr:match:63303387,spread,DraftKings,home,-182,-186,1.5,1.5
2026-09-27T15:08:32.411565+00:00,sr:match:63303387,spread,BetRivers,away,+140,+140,-1.5,-1.5
2026-09-27T15:08:32.411565+00:00,sr:match:63303387,spread,BetRivers,home,-172,-172,1.5,1.5
2026-09-27T15:08:32.411565+00:00,sr:match:63303387,spread,Bet365.US.NJ,away,+155,+150,-1.5,-1.5
2026-09-27T15:08:32.411565+00:00,sr:match:63303387,spread,Bet365.US.NJ,home,-185,-180,1.5,1.5
2026-09-27T15:08:32.411565+00:00,sr:match:63303387,spread,WilliamHillNewJersey,away,+154,+154,-1.5,-1.5
2026-09-27T15:08:32.411565+00:00,sr:match:63303387,spread,WilliamHillNewJersey,home,-182,-182,1.5,1.5
2026-09-27T15:08:32.411565+00:00,sr:match:63303387,spread,FanDuel,away,+155,+140,-1.5,-1.5
2026-09-27T15:08:32.411565+00:00,sr:match:63303387,spread,FanDuel,home,-188,-170,1.5,1.5
2026-09-27T15:08:32.411565+00:00,sr:match:63303387,total,MGM,over,+100,+100,8.5,8.5
2026-09-27T15:08:32.411565+00:00,sr:match:63303387,total,MGM,under,-120,-120,8.5,8.5
2026-09-27T15:08:32.411565+00:00,sr:match:63303387,total,DraftKings,over,-115,+100,8.0,8.5
2026-09-27T15:08:32.411565+00:00,sr:match:63303387,total,DraftKings,under,-105,-120,8.0,8.5
2026-09-27T15:08:32.411565+00:00,sr:match:63303387,total,BetRivers,over,+100,-103,8.5,8.5
2026-09-27T15:08:32.411565+00:00,sr:match:63303387,total,BetRivers,under,-122,-118,8.5,8.5
2026-09-27T15:08:32.411565+00:00,sr:match:63303387,total,Bet365.US.NJ,over,+100,+100,8.5,8.5
2026-09-27T15:08:32.411565+00:00,sr:match:63303387,total,Bet365.US.NJ,under,-120,-120,8.5,8.5
2026-09-27T15:08:32.411565+00:00,sr:match:63303387,total,WilliamHillNewJersey,over,+101,+101,8.5,8.5
2026-09-27T15:08:32.411565+00:00,sr:match:63303387,total,WilliamHillNewJersey,under,-120,-120,8.5,8.5
2026-09-27T15:08:32.411565+00:00,sr:match:63303387,total,FanDuel,over,-104,-110,8.5,8.5
2026-09-27T15:08:32.411565+00:00,sr:match:63303387,total,FanDuel,under,-118,-110,8.5,8.5
