timestamp_utc,sbd_id,mlb_game_id,game_time_utc,hours_until_game,away_team,home_team,away_abbr,home_abbr,ml_splits_updated,ml_away_bets_pct,ml_away_money_pct,ml_home_bets_pct,ml_home_money_pct,ml_away_odds,ml_home_odds,ml_away_open_odds,ml_home_open_odds,ml_away_novig_prob,ml_home_novig_prob,rl_splits_updated,rl_away_bets_pct,rl_away_money_pct,rl_home_bets_pct,rl_home_money_pct,rl_away_line,rl_away_open_line,rl_away_odds,rl_home_odds,ou_splits_updated,ou_over_bets_pct,ou_over_money_pct,ou_under_bets_pct,ou_under_money_pct,ou_line,ou_open_line,ou_over_odds,ou_under_odds,books_count
2026-09-27T14:14:14.649952+00:00,sr:match:63299349,823490,2026-09-27T17:05:00+00:00,2.85,Orioles,Yankees,BAL,NYY,2026-09-27T12:10:42.786Z,18.04,19.73,81.96,80.27,2.1,1.7519,2.18,1.7092,0.4548,0.5452,2026-09-27T12:10:42.786Z,24.92,10.11,75.08,89.89,1.5,1.5,1.5208,2.58,2026-09-27T12:10:42.786Z,82.92,80.56,17.08,19.44,7.5,8.5,2.04,1.8,3
2026-09-27T14:14:14.649952+00:00,sr:match:63303387,822679,2026-09-27T17:05:00+00:00,2.85,Mets,Nationals,NYM,WSH,2026-09-27T12:10:43.576Z,67.08,82.45,32.92,17.55,1.9091,1.9091,1.9091,1.9091,0.5,0.5,2026-09-27T12:10:43.576Z,71.48,96.81,28.52,3.19,-1.5,-1.5,2.5,1.5495,2026-09-27T12:10:43.576Z,84.95,87.59,15.05,12.41,8.5,8.5,1.9615,1.8333,3
2026-09-27T14:14:14.649952+00:00,sr:match:63299339,823408,2026-09-27T19:05:00+00:00,4.85,Rays,Phillies,TB,PHI,2026-09-27T13:10:41.602Z,36.99,51.16,63.01,48.84,2.4,1.5917,2.11,1.7463,0.3988,0.6012,2026-09-27T13:10:41.603Z,31.87,16.96,68.13,83.04,1.5,1.5,1.5952,2.39,2026-09-27T13:10:41.603Z,80.39,82.6,19.61,17.4,6.5,7.5,1.8475,1.9804,3
2026-09-27T14:14:14.649952+00:00,sr:match:63301251,824705,2026-09-27T19:05:00+00:00,4.85,Cubs,Red Sox,CHC,BOS,2026-09-27T13:10:41.552Z,67.41,26.64,32.59,73.36,1.8065,2.03,1.8065,2.05,0.5291,0.4709,2026-09-27T13:10:41.552Z,64.38,77.91,35.62,22.09,-1.5,-1.5,2.38,1.5988,2026-09-27T13:10:41.552Z,89.52,89.99,10.48,10.01,7.5,7.5,1.9091,1.9091,3
2026-09-27T14:14:14.649952+00:00,sr:match:63302997,824948,2026-09-27T19:05:00+00:00,4.85,Astros,Athletics,HOU,ATH,2026-09-27T13:10:42.193Z,90.23,97.38,9.77,2.62,1.5376,2.53,1.5814,2.44,0.622,0.378,2026-09-27T13:10:42.193Z,85.94,96.28,14.06,3.72,-1.5,-1.5,1.8475,1.9804,2026-09-27T13:10:42.193Z,82.75,88.83,17.25,11.17,9.5,9.5,1.8475,1.9615,3
2026-09-27T14:14:14.649952+00:00,sr:match:63303319,823164,2026-09-27T19:05:00+00:00,4.85,Dodgers,Giants,LAD,SF,2026-09-27T13:10:42.449Z,94.37,89.82,5.63,10.18,1.4049,3.0,1.3846,3.15,0.6811,0.3189,,,,,,-1.5,1.5,1.6849,2.2,2026-09-27T13:10:42.449Z,77.13,79.79,22.87,20.21,8.0,8.5,1.9091,1.9091,3
2026-09-27T14:14:14.649952+00:00,sr:match:63301803,822761,2026-09-27T19:07:00+00:00,4.88,Reds,Blue Jays,CIN,TOR,2026-09-27T13:10:43.192Z,26.62,78.55,73.38,21.45,2.5,1.5587,2.45,1.5714,0.384,0.616,2026-09-27T13:10:43.192Z,34.99,55.18,65.01,44.82,1.5,1.5,1.7194,2.15,2026-09-27T13:10:43.192Z,86.85,89.14,13.15,10.86,8.5,8.5,1.8475,1.9804,3
2026-09-27T14:14:14.649952+00:00,sr:match:63299155,823731,2026-09-27T19:10:00+00:00,4.93,Cardinals,Brewers,STL,MIL,2026-09-27T12:10:42.759Z,8.45,11.9,91.55,88.1,3.0,1.4016,2.9,1.4202,0.3184,0.6816,2026-09-27T12:10:42.759Z,14.97,10.1,85.03,89.9,1.5,1.5,1.8475,1.9804,2026-09-27T12:10:42.759Z,88.18,91.03,11.82,8.97,7.0,7.0,2.0,1.8333,3
2026-09-27T14:14:14.649952+00:00,sr:match:63299379,823246,2026-09-27T19:10:00+00:00,4.93,Diamondbacks,Padres,AZ,SD,2026-09-27T13:10:41.652Z,58.57,84.46,41.43,15.54,1.6993,2.2,1.7634,2.08,0.5642,0.4358,2026-09-27T13:10:41.652Z,65.54,94.74,34.46,5.26,-1.5,-1.5,2.18,1.6993,2026-09-27T13:10:41.652Z,73.73,78.55,26.27,21.45,8.0,8.0,1.9615,1.8696,3
2026-09-27T14:14:14.649952+00:00,sr:match:63301805,824217,2026-09-27T19:10:00+00:00,4.93,Pirates,Tigers,PIT,DET,2026-09-27T12:10:41.613Z,61.2,68.56,38.8,31.44,1.7519,2.1,1.7353,2.13,0.5452,0.4548,2026-09-27T12:10:41.613Z,66.67,89.97,33.33,10.03,-1.5,-1.5,2.28,1.6494,2026-09-27T12:10:41.613Z,87.71,88.4,12.29,11.6,8.0,8.5,1.9524,1.8696,3
2026-09-27T14:14:14.649952+00:00,sr:match:63301953,823084,2026-09-27T19:10:00+00:00,4.93,Angels,Mariners,LAA,SEA,2026-09-27T12:10:42.464Z,16.68,23.53,83.32,76.47,2.5,1.5618,2.5,1.5495,0.3845,0.6155,2026-09-27T12:10:42.464Z,14.79,12.05,85.21,87.95,1.5,1.5,1.6711,2.25,2026-09-27T12:10:42.464Z,80.76,88.83,19.24,11.17,7.0,7.5,1.8929,1.9346,3
2026-09-27T14:14:14.649952+00:00,sr:match:63302471,823650,2026-09-27T19:10:00+00:00,4.93,Rangers,Twins,TEX,MIN,2026-09-27T12:10:42.446Z,68.87,24.88,31.13,75.12,1.7937,2.05,1.8,2.05,0.5333,0.4667,2026-09-27T12:10:42.446Z,70.74,86.19,29.26,13.81,-1.5,-1.5,2.32,1.625,2026-09-27T12:10:42.446Z,71.52,72.3,28.48,27.7,8.5,8.5,1.9615,1.8197,3
2026-09-27T14:14:14.649952+00:00,sr:match:63302721,824055,2026-09-27T19:10:00+00:00,4.93,Guardians,Royals,CLE,KC,2026-09-27T12:10:42.737Z,84.69,88.31,15.31,11.69,1.7194,2.15,1.6711,2.25,0.5556,0.4444,2026-09-27T12:10:42.737Z,86.56,98.09,13.44,1.91,-1.5,-1.5,2.2,1.6993,2026-09-27T12:10:42.737Z,89.11,90.17,10.89,9.83,8.5,8.5,1.9091,1.9091,3
2026-09-27T14:14:14.649952+00:00,sr:match:63302783,823814,2026-09-27T19:10:00+00:00,4.93,Braves,Marlins,ATL,MIA,2026-09-27T12:10:43.402Z,68.8,79.49,31.2,20.51,1.9804,1.8621,1.9091,1.9091,0.4846,0.5154,2026-09-27T12:10:43.402Z,68.56,94.86,31.44,5.14,-1.5,-1.5,2.67,1.4902,2026-09-27T12:10:43.402Z,87.91,90.15,12.09,9.85,8.5,8.5,1.9524,1.8696,3
2026-09-27T14:14:14.649952+00:00,sr:match:63303703,824542,2026-09-27T19:10:00+00:00,4.93,Rockies,White Sox,COL,CWS,2026-09-27T13:10:42.981Z,9.74,28.15,90.26,71.85,2.7,1.4808,2.8,1.4525,0.3542,0.6458,2026-09-27T13:10:42.981Z,10.38,4.79,89.62,95.21,1.5,1.5,1.8333,2.0,2026-09-27T13:10:42.981Z,91.7,93.8,8.3,6.2,8.5,8.5,1.9524,1.8696,3
2026-09-27T15:08:32.411565+00:00,sr:match:63299349,823490,2026-09-27T17:05:00+00:00,1.94,Orioles,Yankees,BAL,NYY,2026-09-27T14:10:43.397Z,20.26,32.49,79.74,67.51,2.02,1.8231,2.175,1.722,0.4744,0.5256,2026-09-27T14:10:43.397Z,24.3,12.21,75.7,87.79,1.5,1.5,1.5232,2.575,2026-09-27T14:10:43.397Z,89.62,89.36,10.38,10.64,7.5,8.5,2.025,1.8231,6
2026-09-27T15:08:32.411565+00:00,sr:match:63303387,822679,2026-09-27T17:05:00+00:00,1.94,Mets,Nationals,NYM,WSH,2026-09-27T14:10:42.352Z,67.62,74.18,32.38,25.82,1.9091,1.9175,1.8893,1.9391,0.5011,0.4989,2026-09-27T14:10:42.352Z,74.4,92.2,25.6,7.8,-1.5,-1.5,2.54,1.545,2026-09-27T14:10:42.352Z,86.6,89.67,13.4,10.33,8.5,8.5,2.0,1.8333,6
2026-09-27T16:07:44.769083+00:00,sr:match:63299349,823490,2026-09-27T17:05:00+00:00,0.95,Orioles,Yankees,BAL,NYY,2026-09-27T15:10:41.673Z,20.95,31.19,79.05,68.81,2.02,1.8231,2.175,1.722,0.4744,0.5256,2026-09-27T15:10:41.673Z,23.17,13.02,76.83,86.98,-1.5,1.5,2.645,1.5,2026-09-27T15:10:41.673Z,90.63,91.43,9.37,8.57,7.5,8.5,2.01,1.8298,6
2026-09-27T16:07:44.769083+00:00,sr:match:63303387,822679,2026-09-27T17:05:00+00:00,0.95,Mets,Nationals,NYM,WSH,2026-09-27T15:10:42.298Z,67.62,72.21,32.38,27.79,1.8929,1.9435,1.8893,1.9391,0.5066,0.4934,2026-09-27T15:10:42.298Z,73.83,91.35,26.17,8.65,-1.5,-1.5,2.5,1.5526,2026-09-27T15:10:42.298Z,88.9,93.84,11.1,6.16,8.5,8.5,1.9808,1.8333,6
2026-09-27T16:07:44.769083+00:00,sr:match:63299339,823408,2026-09-27T18:30:00+00:00,2.37,Rays,Phillies,TB,PHI,2026-09-27T15:10:43.185Z,36.07,49.93,63.93,50.07,2.45,1.5747,2.13,1.7435,0.3913,0.6087,2026-09-27T15:10:43.185Z,29.97,12.4,70.03,87.6,1.5,1.5,1.6173,2.355,2026-09-27T15:10:43.185Z,85.46,86.91,14.54,13.09,6.5,7.5,1.8475,1.9709,6
2026-09-27T16:07:44.769083+00:00,sr:match:63301251,824705,2026-09-27T19:05:00+00:00,2.95,Cubs,Red Sox,CHC,BOS,2026-09-27T15:10:41.073Z,67.2,37.58,32.8,62.42,1.8097,2.05,1.8033,2.05,0.5311,0.4689,2026-09-27T15:10:41.073Z,64.11,83.93,35.89,16.07,-1.5,-1.5,2.38,1.6043,2026-09-27T15:10:41.073Z,93.5,93.58,6.5,6.42,7.5,7.5,1.9524,1.8734,6
2026-09-27T16:07:44.769083+00:00,sr:match:63302997,824948,2026-09-27T19:05:00+00:00,2.95,Astros,Athletics,HOU,ATH,2026-09-27T15:10:42.939Z,89.86,95.97,10.14,4.03,1.5263,2.59,1.5848,2.445,0.6292,0.3708,2026-09-27T15:10:42.939Z,87.38,92.94,12.62,7.06,-1.5,-1.5,1.8333,2.0,2026-09-27T15:10:42.939Z,85.76,90.57,14.24,9.43,10.0,9.5,1.9524,1.8734,6
2026-09-27T16:07:44.769083+00:00,sr:match:63303319,823164,2026-09-27T19:05:00+00:00,2.95,Dodgers,Giants,LAD,SF,2026-09-27T15:10:42.561Z,94.58,90.18,5.42,9.82,1.4,3.025,1.3846,3.125,0.6836,0.3164,,,,,,-1.5,-1.5,1.7018,2.18,2026-09-27T15:10:42.561Z,76.74,81.66,23.26,18.34,8.5,8.5,1.9524,1.8696,6
2026-09-27T16:07:44.769083+00:00,sr:match:63301803,822761,2026-09-27T19:07:00+00:00,2.99,Reds,Blue Jays,CIN,TOR,2026-09-27T15:10:42.290Z,27.59,70.64,72.41,29.36,2.46,1.5635,2.5,1.565,0.3886,0.6114,2026-09-27T15:10:42.290Z,36.63,51.37,63.37,48.63,1.5,1.5,1.7247,2.15,2026-09-27T15:10:42.290Z,88.79,91.19,11.21,8.81,8.5,8.5,1.8696,1.9524,6
2026-09-27T16:07:44.769083+00:00,sr:match:63299155,823731,2026-09-27T19:10:00+00:00,3.04,Cardinals,Brewers,STL,MIL,2026-09-27T15:10:42.386Z,8.6,10.99,91.4,89.01,2.695,1.4878,2.975,1.4142,0.3557,0.6443,2026-09-27T15:10:42.386Z,14.57,10.68,85.43,89.32,1.5,1.5,1.7663,2.09,2026-09-27T15:10:42.386Z,85.7,90.4,14.3,9.6,7.0,7.0,1.9717,1.8333,6
2026-09-27T16:07:44.769083+00:00,sr:match:63299379,823246,2026-09-27T19:10:00+00:00,3.04,Diamondbacks,Padres,AZ,SD,2026-09-27T15:10:41.528Z,59.57,70.65,40.43,29.35,1.6968,2.21,1.7906,2.08,0.5657,0.4343,2026-09-27T15:10:41.528Z,67.83,91.8,32.17,8.2,-1.5,-1.5,2.18,1.7143,2026-09-27T15:10:41.528Z,81.38,86.54,18.62,13.46,8.0,8.5,1.9569,1.8696,6
2026-09-27T16:07:44.769083+00:00,sr:match:63301805,824217,2026-09-27T19:10:00+00:00,3.04,Pirates,Tigers,PIT,DET,2026-09-27T15:10:41.935Z,60.69,65.41,39.31,34.59,1.8404,2.0,1.7578,2.115,0.5208,0.4792,2026-09-27T15:10:41.935Z,64.52,86.43,35.48,13.57,-1.5,-1.5,2.425,1.5848,2026-09-27T15:10:41.935Z,91.85,91.97,8.15,8.03,8.0,8.5,1.9531,1.8475,6
2026-09-27T16:07:44.769083+00:00,sr:match:63301953,823084,2026-09-27T19:10:00+00:00,3.04,Angels,Mariners,LAA,SEA,2026-09-27T15:10:43.257Z,16.34,16.21,83.66,83.79,2.395,1.597,2.525,1.545,0.4001,0.5999,2026-09-27T15:10:43.257Z,15.42,7.25,84.58,92.75,1.5,1.5,1.6231,2.34,2026-09-27T15:10:43.257Z,81.52,89.86,18.48,10.14,7.5,7.5,1.9795,1.8451,6
2026-09-27T16:07:44.769083+00:00,sr:match:63302471,823650,2026-09-27T19:10:00+00:00,3.04,Rangers,Twins,TEX,MIN,2026-09-27T15:10:42.544Z,67.73,35.82,32.27,64.18,1.8659,1.9664,1.8,2.05,0.5131,0.4869,2026-09-27T15:10:42.544Z,72.71,90,27.29,10,-1.5,-1.5,2.415,1.5882,2026-09-27T15:10:42.544Z,76.35,82.26,23.65,17.74,8.0,8.5,1.9348,1.8894,6
2026-09-27T16:07:44.769083+00:00,sr:match:63302721,824055,2026-09-27T19:10:00+00:00,3.04,Guardians,Royals,CLE,KC,2026-09-27T15:10:42.151Z,82.27,86.07,17.73,13.93,1.8929,1.9303,1.6734,2.245,0.5049,0.4951,2026-09-27T15:10:42.151Z,87.34,88.94,12.66,11.06,-1.5,-1.5,2.435,1.5882,2026-09-27T15:10:42.151Z,93.12,93.95,6.88,6.05,8.5,8.5,1.9133,1.9091,6
2026-09-27T16:07:44.769083+00:00,sr:match:63302783,823814,2026-09-27T19:10:00+00:00,3.04,Braves,Marlins,ATL,MIA,2026-09-27T15:10:41.562Z,65.64,58.8,34.36,41.2,2.0,1.844,1.9091,1.9175,0.4797,0.5203,2026-09-27T15:10:41.562Z,62.38,56.13,37.62,43.87,-1.5,-1.5,2.685,1.489,2026-09-27T15:10:41.562Z,90.46,85.49,9.54,14.51,8.5,8.5,1.995,1.8368,6
2026-09-27T16:07:44.769083+00:00,sr:match:63303703,824542,2026-09-27T19:10:00+00:00,3.04,Rockies,White Sox,COL,CWS,2026-09-27T15:10:41.548Z,9.85,20.21,90.15,79.79,2.395,1.597,2.8,1.4577,0.4001,0.5999,2026-09-27T15:10:41.548Z,10.75,5.96,89.25,94.04,1.5,1.5,1.6993,2.2,2026-09-27T15:10:41.548Z,93.82,95.71,6.18,4.29,8.5,8.5,1.9175,1.9091,6
