recorded_utc,sport,sbd_id,event_id,game_time_utc,away_team,home_team,market,side,tw_odds,tw_line,us_odds,us_line,discount_pct,note
2026-09-28T14:03:10.156492+00:00,mlb,sr:match:63303387,,2026-09-27T17:05:00+00:00,Mets,Nationals,ml,away,1.68,,1.8813,,-10.7,playsport.cc screenshot
2026-09-28T14:03:10.157716+00:00,mlb,sr:match:63303387,,2026-09-27T17:05:00+00:00,Mets,Nationals,ml,home,1.82,,1.9435,,-6.35,playsport.cc screenshot
2026-09-28T14:03:10.158744+00:00,mlb,sr:match:63303387,,2026-09-27T17:05:00+00:00,Mets,Nationals,sp,away,2.05,-1.5,2.5,-1.5,-18.0,playsport.cc screenshot
2026-09-28T14:03:10.159804+00:00,mlb,sr:match:63303387,,2026-09-27T17:05:00+00:00,Mets,Nationals,sp,home,1.48,1.5,1.5526,-1.5,-4.68,playsport.cc screenshot
2026-09-28T14:03:10.160823+00:00,mlb,sr:match:63303387,,2026-09-27T17:05:00+00:00,Mets,Nationals,ou,over,1.75,8.5,2.0,8.5,-12.5,playsport.cc screenshot
2026-09-28T14:03:10.161807+00:00,mlb,sr:match:63303387,,2026-09-27T17:05:00+00:00,Mets,Nationals,ou,under,1.75,8.5,1.8333,8.5,-4.54,playsport.cc screenshot
2026-09-28T14:03:10.162802+00:00,mlb,sr:match:63299339,,2026-09-27T18:30:00+00:00,Rays,Phillies,ml,away,2.45,,2.61,,-6.13,playsport.cc screenshot
2026-09-28T14:03:10.164031+00:00,mlb,sr:match:63299339,,2026-09-27T18:30:00+00:00,Rays,Phillies,ml,home,1.35,,1.5157,,-10.93,playsport.cc screenshot
2026-09-28T14:03:10.165096+00:00,mlb,sr:match:63299339,,2026-09-27T18:30:00+00:00,Rays,Phillies,sp,away,1.65,1.5,1.6712,1.5,-1.27,playsport.cc screenshot
2026-09-28T14:03:10.166101+00:00,mlb,sr:match:63299339,,2026-09-27T18:30:00+00:00,Rays,Phillies,sp,home,1.85,-1.5,2.24,1.5,-17.41,playsport.cc screenshot
2026-09-28T14:03:10.167103+00:00,mlb,sr:match:63299339,,2026-09-27T18:30:00+00:00,Rays,Phillies,ou,over,1.79,6.5,1.9479,6.5,-8.11,playsport.cc screenshot
2026-09-28T14:03:10.168136+00:00,mlb,sr:match:63299339,,2026-09-27T18:30:00+00:00,Rays,Phillies,ou,under,1.71,6.5,1.8734,6.5,-8.72,playsport.cc screenshot
2026-09-28T14:03:10.169196+00:00,mlb,sr:match:63302997,,2026-09-27T19:05:00+00:00,Astros,Athletics,ml,away,1.32,,1.5026,,-12.15,playsport.cc screenshot
2026-09-28T14:03:10.170195+00:00,mlb,sr:match:63302997,,2026-09-27T19:05:00+00:00,Astros,Athletics,ml,home,2.5,,2.635,,-5.12,playsport.cc screenshot
2026-09-28T14:03:10.171298+00:00,mlb,sr:match:63302997,,2026-09-27T19:05:00+00:00,Astros,Athletics,sp,away,1.8,-2.5,1.8199,-1.5,-1.09,playsport.cc screenshot
2026-09-28T14:03:10.172400+00:00,mlb,sr:match:63302997,,2026-09-27T19:05:00+00:00,Astros,Athletics,sp,home,1.7,2.5,2.025,-1.5,-16.05,playsport.cc screenshot
2026-09-28T14:03:10.173425+00:00,mlb,sr:match:63302997,,2026-09-27T19:05:00+00:00,Astros,Athletics,ou,over,1.8,10.5,1.8931,10.0,-4.92,playsport.cc screenshot
2026-09-28T14:03:10.174425+00:00,mlb,sr:match:63302997,,2026-09-27T19:05:00+00:00,Astros,Athletics,ou,under,1.7,10.5,1.9091,10.0,-10.95,playsport.cc screenshot
2026-09-28T14:03:10.175399+00:00,mlb,sr:match:63303319,,2026-09-27T19:05:00+00:00,Dodgers,Giants,ml,away,1.22,,1.4,,-12.86,playsport.cc screenshot
2026-09-28T14:03:10.176472+00:00,mlb,sr:match:63303319,,2026-09-27T19:05:00+00:00,Dodgers,Giants,ml,home,3.0,,3.025,,-0.83,playsport.cc screenshot
2026-09-28T14:03:10.177601+00:00,mlb,sr:match:63303319,,2026-09-27T19:05:00+00:00,Dodgers,Giants,sp,away,1.7,-2.5,1.6993,-1.5,0.04,playsport.cc screenshot
2026-09-28T14:03:10.178692+00:00,mlb,sr:match:63303319,,2026-09-27T19:05:00+00:00,Dodgers,Giants,sp,home,1.8,2.5,2.185,-1.5,-17.62,playsport.cc screenshot
2026-09-28T14:03:10.179756+00:00,mlb,sr:match:63303319,,2026-09-27T19:05:00+00:00,Dodgers,Giants,ou,over,1.82,8.5,1.9524,8.5,-6.78,playsport.cc screenshot
2026-09-28T14:03:10.180819+00:00,mlb,sr:match:63303319,,2026-09-27T19:05:00+00:00,Dodgers,Giants,ou,under,1.68,8.5,1.8696,8.5,-10.14,playsport.cc screenshot
2026-09-28T14:03:10.181948+00:00,mlb,sr:match:63301803,,2026-09-27T19:07:00+00:00,Reds,Blue Jays,ml,away,2.15,,2.415,,-10.97,playsport.cc screenshot
2026-09-28T14:03:10.183008+00:00,mlb,sr:match:63301803,,2026-09-27T19:07:00+00:00,Reds,Blue Jays,ml,home,1.43,,1.5899,,-10.06,playsport.cc screenshot
2026-09-28T14:03:10.184104+00:00,mlb,sr:match:63301803,,2026-09-27T19:07:00+00:00,Reds,Blue Jays,sp,away,1.58,1.5,1.7092,1.5,-7.56,playsport.cc screenshot
2026-09-28T14:03:10.185217+00:00,mlb,sr:match:63301803,,2026-09-27T19:07:00+00:00,Reds,Blue Jays,sp,home,1.92,-1.5,2.19,1.5,-12.33,playsport.cc screenshot
2026-09-28T14:03:10.186472+00:00,mlb,sr:match:63301803,,2026-09-27T19:07:00+00:00,Reds,Blue Jays,ou,over,1.68,8.5,1.8696,8.5,-10.14,playsport.cc screenshot
2026-09-28T14:03:10.187611+00:00,mlb,sr:match:63301803,,2026-09-27T19:07:00+00:00,Reds,Blue Jays,ou,under,1.82,8.5,1.9524,8.5,-6.78,playsport.cc screenshot
2026-09-28T14:03:10.188779+00:00,mlb,sr:match:63299155,,2026-09-27T19:10:00+00:00,Cardinals,Brewers,ml,away,2.45,,2.725,,-10.09,playsport.cc screenshot
2026-09-28T14:03:10.189857+00:00,mlb,sr:match:63299155,,2026-09-27T19:10:00+00:00,Cardinals,Brewers,ml,home,1.35,,1.4843,,-9.05,playsport.cc screenshot
2026-09-28T14:03:10.190925+00:00,mlb,sr:match:63299155,,2026-09-27T19:10:00+00:00,Cardinals,Brewers,sp,away,1.7,1.5,1.8,1.5,-5.56,playsport.cc screenshot
2026-09-28T14:03:10.192033+00:00,mlb,sr:match:63299155,,2026-09-27T19:10:00+00:00,Cardinals,Brewers,sp,home,1.8,-1.5,2.05,1.5,-12.2,playsport.cc screenshot
2026-09-28T14:03:10.193143+00:00,mlb,sr:match:63299155,,2026-09-27T19:10:00+00:00,Cardinals,Brewers,ou,over,1.92,7.5,1.9103,7.5,0.51,playsport.cc screenshot
2026-09-28T14:03:10.194237+00:00,mlb,sr:match:63299155,,2026-09-27T19:10:00+00:00,Cardinals,Brewers,ou,under,1.58,7.5,1.9103,7.5,-17.29,playsport.cc screenshot
2026-09-28T14:03:10.195295+00:00,mlb,sr:match:63299379,,2026-09-27T19:10:00+00:00,Diamondbacks,Padres,ml,away,1.6,,1.6431,,-2.62,playsport.cc screenshot
2026-09-28T14:03:10.196398+00:00,mlb,sr:match:63299379,,2026-09-27T19:10:00+00:00,Diamondbacks,Padres,ml,home,1.9,,2.3,,-17.39,playsport.cc screenshot
2026-09-28T14:03:10.197565+00:00,mlb,sr:match:63299379,,2026-09-27T19:10:00+00:00,Diamondbacks,Padres,sp,away,1.98,-1.5,2.11,-1.5,-6.16,playsport.cc screenshot
2026-09-28T14:03:10.198703+00:00,mlb,sr:match:63299379,,2026-09-27T19:10:00+00:00,Diamondbacks,Padres,sp,home,1.52,1.5,1.7548,-1.5,-13.38,playsport.cc screenshot
2026-09-28T14:03:10.199867+00:00,mlb,sr:match:63299379,,2026-09-27T19:10:00+00:00,Diamondbacks,Padres,ou,over,1.66,7.5,1.9021,8.0,-12.73,playsport.cc screenshot
2026-09-28T14:03:10.200930+00:00,mlb,sr:match:63299379,,2026-09-27T19:10:00+00:00,Diamondbacks,Padres,ou,under,1.84,7.5,1.9226,8.0,-4.3,playsport.cc screenshot
2026-09-28T14:03:10.201984+00:00,mlb,sr:match:63301805,,2026-09-27T19:10:00+00:00,Pirates,Tigers,ml,away,1.85,,1.9524,,-5.24,playsport.cc screenshot
2026-09-28T14:03:10.203016+00:00,mlb,sr:match:63301805,,2026-09-27T19:10:00+00:00,Pirates,Tigers,ml,home,1.65,,1.8773,,-12.11,playsport.cc screenshot
2026-09-28T14:03:10.204112+00:00,mlb,sr:match:63301805,,2026-09-27T19:10:00+00:00,Pirates,Tigers,sp,away,1.4,1.5,2.57,-1.5,-45.53,playsport.cc screenshot
2026-09-28T14:03:10.205165+00:00,mlb,sr:match:63301805,,2026-09-27T19:10:00+00:00,Pirates,Tigers,sp,home,2.3,-1.5,1.5277,-1.5,50.55,playsport.cc screenshot
2026-09-28T14:03:10.206207+00:00,mlb,sr:match:63301805,,2026-09-27T19:10:00+00:00,Pirates,Tigers,ou,over,1.68,7.5,1.8368,8.0,-8.54,playsport.cc screenshot
2026-09-28T14:03:10.207407+00:00,mlb,sr:match:63301805,,2026-09-27T19:10:00+00:00,Pirates,Tigers,ou,under,1.82,7.5,1.925,8.0,-5.45,playsport.cc screenshot
2026-09-28T14:03:10.208664+00:00,mlb,sr:match:63301953,,2026-09-27T19:10:00+00:00,Angels,Mariners,ml,away,2.15,,2.395,,-10.23,playsport.cc screenshot
2026-09-28T14:03:10.209807+00:00,mlb,sr:match:63301953,,2026-09-27T19:10:00+00:00,Angels,Mariners,ml,home,1.43,,1.6007,,-10.66,playsport.cc screenshot
2026-09-28T14:03:10.210957+00:00,mlb,sr:match:63301953,,2026-09-27T19:10:00+00:00,Angels,Mariners,sp,away,1.52,1.5,1.6231,1.5,-6.35,playsport.cc screenshot
2026-09-28T14:03:10.212542+00:00,mlb,sr:match:63301953,,2026-09-27T19:10:00+00:00,Angels,Mariners,sp,home,1.98,-1.5,2.345,1.5,-15.57,playsport.cc screenshot
2026-09-28T14:03:10.213748+00:00,mlb,sr:match:63301953,,2026-09-27T19:10:00+00:00,Angels,Mariners,ou,over,1.63,6.5,1.8546,6.5,-12.11,playsport.cc screenshot
2026-09-28T14:03:10.214965+00:00,mlb,sr:match:63301953,,2026-09-27T19:10:00+00:00,Angels,Mariners,ou,under,1.87,6.5,1.9366,6.5,-3.44,playsport.cc screenshot
2026-09-28T14:03:10.216289+00:00,mlb,sr:match:63302471,,2026-09-27T19:10:00+00:00,Rangers,Twins,ml,away,1.65,,1.8511,,-10.86,playsport.cc screenshot
2026-09-28T14:03:10.217476+00:00,mlb,sr:match:63302471,,2026-09-27T19:10:00+00:00,Rangers,Twins,ml,home,1.85,,1.9804,,-6.58,playsport.cc screenshot
2026-09-28T14:03:10.218598+00:00,mlb,sr:match:63302471,,2026-09-27T19:10:00+00:00,Rangers,Twins,sp,away,2.05,-1.5,2.415,-1.5,-15.11,playsport.cc screenshot
2026-09-28T14:03:10.219716+00:00,mlb,sr:match:63302471,,2026-09-27T19:10:00+00:00,Rangers,Twins,sp,home,1.48,1.5,1.5882,-1.5,-6.81,playsport.cc screenshot
2026-09-28T14:03:10.220976+00:00,mlb,sr:match:63302471,,2026-09-27T19:10:00+00:00,Rangers,Twins,ou,over,1.84,8.5,1.9203,8.5,-4.18,playsport.cc screenshot
2026-09-28T14:03:10.222120+00:00,mlb,sr:match:63302471,,2026-09-27T19:10:00+00:00,Rangers,Twins,ou,under,1.66,8.5,1.9,8.5,-12.63,playsport.cc screenshot
2026-09-28T14:03:10.223231+00:00,mlb,sr:match:63302721,,2026-09-27T19:10:00+00:00,Guardians,Royals,ml,away,1.55,,1.9175,,-19.17,playsport.cc screenshot
2026-09-28T14:03:10.224392+00:00,mlb,sr:match:63302721,,2026-09-27T19:10:00+00:00,Guardians,Royals,ml,home,1.95,,1.9091,,2.14,playsport.cc screenshot
2026-09-28T14:03:10.225603+00:00,mlb,sr:match:63302721,,2026-09-27T19:10:00+00:00,Guardians,Royals,sp,away,1.94,-1.5,2.45,-1.5,-20.82,playsport.cc screenshot
2026-09-28T14:03:10.227076+00:00,mlb,sr:match:63302721,,2026-09-27T19:10:00+00:00,Guardians,Royals,sp,home,1.56,1.5,1.5698,-1.5,-0.62,playsport.cc screenshot
2026-09-28T14:03:10.228527+00:00,mlb,sr:match:63302721,,2026-09-27T19:10:00+00:00,Guardians,Royals,ou,over,1.63,7.5,1.925,8.0,-15.32,playsport.cc screenshot
2026-09-28T14:03:10.229697+00:00,mlb,sr:match:63302721,,2026-09-27T19:10:00+00:00,Guardians,Royals,ou,under,1.87,7.5,1.8963,8.0,-1.39,playsport.cc screenshot
2026-09-28T14:03:10.230867+00:00,mlb,sr:match:63302783,,2026-09-27T19:10:00+00:00,Braves,Marlins,ml,away,1.9,,2.05,,-7.32,playsport.cc screenshot
2026-09-28T14:03:10.232021+00:00,mlb,sr:match:63302783,,2026-09-27T19:10:00+00:00,Braves,Marlins,ml,home,1.6,,1.8,,-11.11,playsport.cc screenshot
2026-09-28T14:03:10.233183+00:00,mlb,sr:match:63302783,,2026-09-27T19:10:00+00:00,Braves,Marlins,sp,away,1.42,1.5,1.5038,1.5,-5.57,playsport.cc screenshot
2026-09-28T14:03:10.234447+00:00,mlb,sr:match:63302783,,2026-09-27T19:10:00+00:00,Braves,Marlins,sp,home,2.2,-1.5,2.635,1.5,-16.51,playsport.cc screenshot
2026-09-28T14:03:10.235630+00:00,mlb,sr:match:63302783,,2026-09-27T19:10:00+00:00,Braves,Marlins,ou,over,1.65,7.5,1.8971,8.0,-13.03,playsport.cc screenshot
2026-09-28T14:03:10.236799+00:00,mlb,sr:match:63302783,,2026-09-27T19:10:00+00:00,Braves,Marlins,ou,under,1.85,7.5,1.8712,8.0,-1.13,playsport.cc screenshot
2026-09-28T14:03:10.237936+00:00,mlb,sr:match:63303703,,2026-09-27T19:10:00+00:00,Rockies,White Sox,ml,away,2.3,,2.35,,-2.13,playsport.cc screenshot
2026-09-28T14:03:10.239072+00:00,mlb,sr:match:63303703,,2026-09-27T19:10:00+00:00,Rockies,White Sox,ml,home,1.4,,1.6079,,-12.93,playsport.cc screenshot
2026-09-28T14:03:10.240247+00:00,mlb,sr:match:63303703,,2026-09-27T19:10:00+00:00,Rockies,White Sox,sp,away,1.66,1.5,1.6803,1.5,-1.21,playsport.cc screenshot
2026-09-28T14:03:10.241434+00:00,mlb,sr:match:63303703,,2026-09-27T19:10:00+00:00,Rockies,White Sox,sp,home,1.84,-1.5,2.235,1.5,-17.67,playsport.cc screenshot
2026-09-28T14:03:10.242561+00:00,mlb,sr:match:63303703,,2026-09-27T19:10:00+00:00,Rockies,White Sox,ou,over,1.82,8.5,1.9617,8.5,-7.22,playsport.cc screenshot
2026-09-28T14:03:10.243698+00:00,mlb,sr:match:63303703,,2026-09-27T19:10:00+00:00,Rockies,White Sox,ou,under,1.68,8.5,1.8621,8.5,-9.78,playsport.cc screenshot
