game_id,game_date,away_team,home_team,away_score,home_score,winner
822678,2026-09-26,New York Mets,Washington Nationals,7,1,New York Mets
824219,2026-09-26,Pittsburgh Pirates,Detroit Tigers,3,4,Detroit Tigers
822759,2026-09-26,Cincinnati Reds,Toronto Blue Jays,5,1,Cincinnati Reds
823165,2026-09-26,Los Angeles Dodgers,San Francisco Giants,4,3,Los Angeles Dodgers
823653,2026-09-26,Texas Rangers,Minnesota Twins,6,2,Texas Rangers
823813,2026-09-26,Atlanta Braves,Miami Marlins,8,3,Atlanta Braves
824057,2026-09-26,Cleveland Guardians,Kansas City Royals,11,5,Cleveland Guardians
824543,2026-09-26,Colorado Rockies,Chicago White Sox,9,6,Colorado Rockies
823733,2026-09-26,St. Louis Cardinals,Milwaukee Brewers,2,3,Milwaukee Brewers
823407,2026-09-26,Tampa Bay Rays,Philadelphia Phillies,12,1,Tampa Bay Rays
823245,2026-09-26,Arizona Diamondbacks,San Diego Padres,7,10,San Diego Padres
824949,2026-09-26,Houston Astros,Athletics,13,2,Houston Astros
823083,2026-09-26,Los Angeles Angels,Seattle Mariners,4,8,Seattle Mariners
824703,2026-09-25,Chicago Cubs,Boston Red Sox,3,4,Boston Red Sox
824706,2026-09-25,Chicago Cubs,Boston Red Sox,0,2,Boston Red Sox
823491,2026-09-25,Baltimore Orioles,New York Yankees,10,2,Baltimore Orioles
823489,2026-09-25,Baltimore Orioles,New York Yankees,3,6,New York Yankees
824220,2026-09-25,Pittsburgh Pirates,Detroit Tigers,7,8,Detroit Tigers
823409,2026-09-25,Tampa Bay Rays,Philadelphia Phillies,2,0,Tampa Bay Rays
822681,2026-09-25,New York Mets,Washington Nationals,6,7,Washington Nationals
822760,2026-09-25,Cincinnati Reds,Toronto Blue Jays,5,6,Toronto Blue Jays
823816,2026-09-25,Atlanta Braves,Miami Marlins,0,3,Miami Marlins
824058,2026-09-25,Cleveland Guardians,Kansas City Royals,12,9,Cleveland Guardians
824544,2026-09-25,Colorado Rockies,Chicago White Sox,1,6,Chicago White Sox
823735,2026-09-25,St. Louis Cardinals,Milwaukee Brewers,4,8,Milwaukee Brewers
823652,2026-09-25,Texas Rangers,Minnesota Twins,2,10,Minnesota Twins
824947,2026-09-25,Houston Astros,Athletics,5,6,Athletics
823248,2026-09-25,Arizona Diamondbacks,San Diego Padres,11,4,Arizona Diamondbacks
823085,2026-09-25,Los Angeles Angels,Seattle Mariners,7,5,Los Angeles Angels
823167,2026-09-25,Los Angeles Dodgers,San Francisco Giants,2,0,Los Angeles Dodgers
